Squad,90s_median,90s_mean,90s_std,Gls_median,Gls_mean,Gls_std,Ast_median,Ast_mean,Ast_std,G+A_median,G+A_mean,G+A_std,G-PK_median,G-PK_mean,G-PK_std,PK_median,PK_mean,PK_std,PKatt_median,PKatt_mean,PKatt_std,CrdY_median,CrdY_mean,CrdY_std,CrdR_median,CrdR_mean,CrdR_std,xG_median,xG_mean,xG_std,npxG_median,npxG_mean,npxG_std,xAG_median,xAG_mean,xAG_std,npxG+xAG_median,npxG+xAG_mean,npxG+xAG_std,PrgC_median,PrgC_mean,PrgC_std,PrgP_median,PrgP_mean,PrgP_std,PrgR_median,PrgR_mean,PrgR_std,Gls.1_median,Gls.1_mean,Gls.1_std,Ast.1_median,Ast.1_mean,Ast.1_std,G+A.1_median,G+A.1_mean,G+A.1_std,G-PK.1_median,G-PK.1_mean,G-PK.1_std,G+A-PK_median,G+A-PK_mean,G+A-PK_std,xG.1_median,xG.1_mean,xG.1_std,xAG.1_median,xAG.1_mean,xAG.1_std,xG+xAG_median,xG+xAG_mean,xG+xAG_std,npxG.1_median,npxG.1_mean,npxG.1_std,npxG+xAG.1_median,npxG+xAG.1_mean,npxG+xAG.1_std,GA_median,GA_mean,GA_std,GA90_median,GA90_mean,GA90_std,SoTA_median,SoTA_mean,SoTA_std,Saves_median,Saves_mean,Saves_std,Save%_median,Save%_mean,Save%_std,W_median,W_mean,W_std,D_median,D_mean,D_std,L_median,L_mean,L_std,CS_median,CS_mean,CS_std,CS%_median,CS%_mean,CS%_std,PKA_median,PKA_mean,PKA_std,PKsv_median,PKsv_mean,PKsv_std,PKm_median,PKm_mean,PKm_std,Save%.1_median,Save%.1_mean,Save%.1_std,FK_median,FK_mean,FK_std,CK_median,CK_mean,CK_std,OG_median,OG_mean,OG_std,PSxG_median,PSxG_mean,PSxG_std,PSxG/SoT_median,PSxG/SoT_mean,PSxG/SoT_std,PSxG+/-_median,PSxG+/-_mean,PSxG+/-_std,/90_median,/90_mean,/90_std,Cmp_median,Cmp_mean,Cmp_std,Att_median,Att_mean,Att_std,Cmp%_median,Cmp%_mean,Cmp%_std,Att (GK)_median,Att (GK)_mean,Att (GK)_std,Thr_median,Thr_mean,Thr_std,Launch%_median,Launch%_mean,Launch%_std,AvgLen_median,AvgLen_mean,AvgLen_std,Att.1_median,Att.1_mean,Att.1_std,Launch%.1_median,Launch%.1_mean,Launch%.1_std,AvgLen.1_median,AvgLen.1_mean,AvgLen.1_std,Opp_median,Opp_mean,Opp_std,Stp_median,Stp_mean,Stp_std,Stp%_median,Stp%_mean,Stp%_std,#OPA_median,#OPA_mean,#OPA_std,#OPA/90_median,#OPA/90_mean,#OPA/90_std,AvgDist_median,AvgDist_mean,AvgDist_std,Sh_median,Sh_mean,Sh_std,SoT_median,SoT_mean,SoT_std,SoT%_median,SoT%_mean,SoT%_std,Sh/90_median,Sh/90_mean,Sh/90_std,SoT/90_median,SoT/90_mean,SoT/90_std,G/Sh_median,G/Sh_mean,G/Sh_std,G/SoT_median,G/SoT_mean,G/SoT_std,Dist_median,Dist_mean,Dist_std,npxG/Sh_median,npxG/Sh_mean,npxG/Sh_std,G-xG_median,G-xG_mean,G-xG_std,np:G-xG_median,np:G-xG_mean,np:G-xG_std,TotDist_median,TotDist_mean,TotDist_std,PrgDist_median,PrgDist_mean,PrgDist_std,Cmp.1_median,Cmp.1_mean,Cmp.1_std,Cmp%.1_median,Cmp%.1_mean,Cmp%.1_std,Cmp.2_median,Cmp.2_mean,Cmp.2_std,Att.2_median,Att.2_mean,Att.2_std,Cmp%.2_median,Cmp%.2_mean,Cmp%.2_std,Cmp.3_median,Cmp.3_mean,Cmp.3_std,Att.3_median,Att.3_mean,Att.3_std,Cmp%.3_median,Cmp%.3_mean,Cmp%.3_std,xA_median,xA_mean,xA_std,A-xAG_median,A-xAG_mean,A-xAG_std,KP_median,KP_mean,KP_std,1/3_median,1/3_mean,1/3_std,PPA_median,PPA_mean,PPA_std,CrsPA_median,CrsPA_mean,CrsPA_std,Live_median,Live_mean,Live_std,Dead_median,Dead_mean,Dead_std,TB_median,TB_mean,TB_std,Sw_median,Sw_mean,Sw_std,Crs_median,Crs_mean,Crs_std,TI_median,TI_mean,TI_std,In_median,In_mean,In_std,Out_median,Out_mean,Out_std,Str_median,Str_mean,Str_std,Off_median,Off_mean,Off_std,Blocks_median,Blocks_mean,Blocks_std,SCA_median,SCA_mean,SCA_std,SCA90_median,SCA90_mean,SCA90_std,PassLive_median,PassLive_mean,PassLive_std,PassDead_median,PassDead_mean,PassDead_std,TO_median,TO_mean,TO_std,Fld_median,Fld_mean,Fld_std,Def_median,Def_mean,Def_std,GCA_median,GCA_mean,GCA_std,GCA90_median,GCA90_mean,GCA90_std,PassLive.1_median,PassLive.1_mean,PassLive.1_std,PassDead.1_median,PassDead.1_mean,PassDead.1_std,TO.1_median,TO.1_mean,TO.1_std,Sh.1_median,Sh.1_mean,Sh.1_std,Fld.1_median,Fld.1_mean,Fld.1_std,Def.1_median,Def.1_mean,Def.1_std,Tkl_median,Tkl_mean,Tkl_std,TklW_median,TklW_mean,TklW_std,Def 3rd_median,Def 3rd_mean,Def 3rd_std,Mid 3rd_median,Mid 3rd_mean,Mid 3rd_std,Att 3rd_median,Att 3rd_mean,Att 3rd_std,Tkl.1_median,Tkl.1_mean,Tkl.1_std,Tkl%_median,Tkl%_mean,Tkl%_std,Lost_median,Lost_mean,Lost_std,Pass_median,Pass_mean,Pass_std,Int_median,Int_mean,Int_std,Tkl+Int_median,Tkl+Int_mean,Tkl+Int_std,Clr_median,Clr_mean,Clr_std,Err_median,Err_mean,Err_std,Touches_median,Touches_mean,Touches_std,Def Pen_median,Def Pen_mean,Def Pen_std,Att Pen_median,Att Pen_mean,Att Pen_std,Succ_median,Succ_mean,Succ_std,Succ%_median,Succ%_mean,Succ%_std,Tkld_median,Tkld_mean,Tkld_std,Tkld%_median,Tkld%_mean,Tkld%_std,Carries_median,Carries_mean,Carries_std,CPA_median,CPA_mean,CPA_std,Mis_median,Mis_mean,Mis_std,Dis_median,Dis_mean,Dis_std,Rec_median,Rec_mean,Rec_std,Mn/MP_median,Mn/MP_mean,Mn/MP_std,Min%_median,Min%_mean,Min%_std,Mn/Start_median,Mn/Start_mean,Mn/Start_std,Compl_median,Compl_mean,Compl_std,Subs_median,Subs_mean,Subs_std,Mn/Sub_median,Mn/Sub_mean,Mn/Sub_std,unSub_median,unSub_mean,unSub_std,PPM_median,PPM_mean,PPM_std,onG_median,onG_mean,onG_std,onGA_median,onGA_mean,onGA_std,+/-_median,+/-_mean,+/-_std,+/-90_median,+/-90_mean,+/-90_std,On-Off_median,On-Off_mean,On-Off_std,onxG_median,onxG_mean,onxG_std,onxGA_median,onxGA_mean,onxGA_std,xG+/-_median,xG+/-_mean,xG+/-_std,xG+/-90_median,xG+/-90_mean,xG+/-90_std,On-Off.1_median,On-Off.1_mean,On-Off.1_std,2CrdY_median,2CrdY_mean,2CrdY_std,Fls_median,Fls_mean,Fls_std,PKwon_median,PKwon_mean,PKwon_std,PKcon_median,PKcon_mean,PKcon_std,Recov_median,Recov_mean,Recov_std,Won_median,Won_mean,Won_std,Won%_median,Won%_mean,Won%_std
Arsenal,18.4,18.88,10.46,2.5,3.05,2.9,2.0,2.5,2.94,3.5,5.55,5.13,2.0,2.95,2.87,0.0,0.09,0.29,0.0,0.09,0.29,3.5,3.18,1.92,0.0,0.27,0.55,1.85,2.82,2.86,1.85,2.75,2.79,1.05,2.12,2.36,2.75,4.86,4.75,25.0,38.73,35.59,60.0,82.95,65.22,52.5,81.86,83.65,0.12,0.17,0.16,0.11,0.13,0.14,0.31,0.31,0.22,0.12,0.17,0.16,0.31,0.3,0.22,0.11,0.16,0.14,0.1,0.12,0.12,0.19,0.28,0.22,0.11,0.15,0.14,0.19,0.28,0.22,0.0,1.55,7.25,0.0,0.04,0.19,0.0,5.45,25.58,0.0,3.91,18.34,0.0,3.37,15.82,0.0,0.91,4.26,0.0,0.64,2.98,0.0,0.18,0.85,0.0,0.59,2.77,0.0,1.55,7.29,0.0,0.14,0.64,0.0,0.0,0.0,0.0,0.0,0.0,0.0,0.0,0.0,0.0,0.09,0.43,0.0,0.36,1.71,0.0,0.0,0.0,0.0,1.6,7.48,0.0,0.01,0.06,0.0,0.05,0.23,0.0,0.0,0.01,0.0,6.77,31.77,0.0,21.73,101.91,0.0,1.42,6.65,0.0,57.41,269.27,0.0,8.09,37.95,0.0,1.36,6.37,0.0,1.36,6.37,0.0,6.68,31.34,0.0,3.09,14.5,0.0,2.23,10.47,0.0,18.27,85.71,0.0,2.41,11.3,0.0,0.6,2.81,0.0,3.0,14.07,0.0,0.08,0.37,0.0,0.78,3.67,17.0,24.64,22.75,5.5,8.05,8.19,33.3,28.68,16.07,1.23,1.39,1.03,0.32,0.43,0.4,0.15,0.14,0.13,0.36,0.4,0.34,14.9,14.18,5.74,0.09,0.11,0.08,0.2,0.23,1.02,0.2,0.21,1.05,8790.5,12671.18,10245.33,2397.0,3956.59,4202.39,297.5,390.45,254.82,91.6,91.02,4.58,201.0,323.95,298.16,245.0,363.5,309.8,86.75,85.33,7.82,25.0,46.86,52.15,50.5,91.86,123.33,53.6,55.53,9.98,1.25,2.08,2.23,0.25,0.38,1.08,11.5,19.45,19.45,44.5,63.5,55.21,10.5,19.86,19.73,2.0,3.41,4.09,652.0,845.64,596.14,47.5,70.59,70.2,2.5,3.64,5.2,2.0,3.36,4.04,13.0,34.82,45.03,6.0,27.18,44.55,0.0,9.59,23.22,0.0,0.14,0.64,0.0,0.09,0.43,3.0,3.64,2.8,11.0,12.64,11.28,29.0,44.0,37.11,2.23,2.48,1.4,23.5,32.95,26.15,1.0,3.73,8.17,1.0,2.36,3.16,1.0,1.55,1.79,0.0,0.5,1.01,3.0,5.41,6.1,0.25,0.29,0.28,2.5,3.91,4.15,0.0,0.5,1.22,0.0,0.27,0.55,0.0,0.5,0.74,0.0,0.18,0.39,0.0,0.05,0.21,22.0,27.14,21.88,14.0,15.82,13.39,9.0,10.0,9.11,7.0,11.27,10.59,4.5,5.86,5.25,10.5,11.82,9.8,47.2,48.96,21.61,11.0,11.55,8.2,8.0,10.09,8.15,6.5,10.23,8.92,28.5,37.36,30.26,23.0,30.82,29.9,0.5,1.5,2.41,875.5,1093.0,692.7,29.0,83.77,185.79,39.0,58.18,54.7,9.5,14.55,13.19,45.45,48.71,21.18,9.5,14.36,15.55,40.55,38.81,17.51,509.0,646.91,424.92,5.5,13.0,16.91,16.0,21.95,17.21,13.5,17.36,15.16,615.5,767.77,506.27,68.0,62.45,20.92,48.5,49.68,27.53,82.5,79.77,9.42,10.0,12.36,10.84,6.5,6.32,4.24,18.5,17.36,9.85,2.0,5.18,6.74,1.96,1.94,0.13,33.0,34.36,19.41,18.5,16.82,9.87,16.0,17.55,10.43,0.94,0.96,0.31,0.04,0.06,0.59,31.55,29.78,16.15,16.9,16.96,9.67,13.0,12.83,7.24,0.74,0.71,0.2,0.18,0.04,0.44,0.0,0.14,0.35,15.0,18.18,12.09,0.0,0.09,0.29,0.0,0.14,0.35,54.0,65.27,43.71,12.5,21.41,20.13,51.35,47.84,18.56
Aston Villa,12.55,14.88,11.34,1.0,2.0,3.42,0.0,1.61,2.7,2.5,3.61,5.56,1.0,1.89,3.13,0.0,0.11,0.42,0.0,0.21,0.57,2.0,2.71,2.4,0.0,0.14,0.36,0.85,2.06,3.08,0.85,1.88,2.79,0.55,1.5,2.08,2.05,3.38,4.17,22.0,25.71,24.89,35.5,48.0,50.32,22.5,47.54,55.69,0.04,0.16,0.27,0.0,0.08,0.11,0.12,0.24,0.32,0.04,0.15,0.26,0.12,0.24,0.3,0.08,0.19,0.23,0.05,0.09,0.1,0.2,0.28,0.28,0.07,0.17,0.21,0.2,0.26,0.25,0.0,1.82,8.54,0.0,0.13,0.5,0.0,5.57,26.87,0.0,3.71,18.15,0.0,4.76,17.49,0.0,0.68,3.4,0.0,0.32,1.7,0.0,0.36,1.89,0.0,0.32,1.52,0.0,4.34,19.19,0.0,0.07,0.26,0.0,0.04,0.19,0.0,0.0,0.0,0.0,1.79,9.45,0.0,0.04,0.19,0.0,0.07,0.38,0.0,0.0,0.0,0.0,1.86,8.69,0.0,0.03,0.1,0.0,0.04,0.16,0.0,0.0,0.02,0.0,6.46,30.69,0.0,16.93,79.65,0.0,2.64,9.69,0.0,45.82,228.21,0.0,4.75,24.94,0.0,2.46,9.32,0.0,2.37,8.73,0.0,7.07,32.69,0.0,5.14,19.18,0.0,3.8,14.06,0.0,19.21,94.14,0.0,2.11,10.58,0.0,0.67,2.5,0.0,1.25,6.61,0.0,0.04,0.19,0.0,0.8,3.01,13.0,17.07,18.26,4.5,5.68,7.69,25.65,26.6,22.62,1.0,1.47,1.42,0.2,0.45,0.65,0.04,0.07,0.08,0.18,0.19,0.19,16.4,15.05,6.77,0.08,0.08,0.05,0.0,-0.06,0.89,0.0,0.01,0.83,5938.5,9022.75,8487.62,1584.0,3149.36,3872.45,184.0,242.07,201.94,91.35,89.85,5.6,137.5,234.11,226.68,157.0,263.79,244.7,85.75,86.04,7.89,20.0,38.86,54.77,43.0,73.75,108.75,53.35,53.48,14.56,0.5,1.31,1.59,-0.1,0.11,1.07,7.5,12.79,15.45,23.5,40.61,48.76,8.0,11.39,13.36,0.0,2.0,3.92,495.0,573.0,474.01,28.0,60.64,76.87,1.0,3.39,5.98,1.0,2.07,2.88,4.5,21.57,35.12,1.0,17.75,40.07,0.0,5.29,13.75,0.0,0.86,2.51,0.0,0.04,0.19,1.0,1.96,2.13,8.5,12.36,12.65,21.0,30.32,31.18,1.81,2.07,1.33,15.0,21.5,21.83,1.0,3.04,6.69,1.0,1.82,2.91,0.0,1.39,2.02,0.0,0.5,0.64,2.5,3.64,4.19,0.18,0.22,0.19,2.0,2.86,3.45,0.0,0.25,0.7,0.0,0.11,0.31,0.0,0.21,0.42,0.0,0.14,0.45,0.0,0.07,0.26,10.5,22.75,21.95,6.5,13.29,13.34,6.0,10.46,11.05,6.5,8.89,9.64,2.5,3.39,3.4,4.0,11.07,12.31,57.0,56.34,23.77,5.5,8.43,8.64,6.0,7.93,6.69,5.5,8.57,8.93,14.5,31.32,30.09,16.0,28.14,30.16,1.0,1.54,1.57,684.5,774.96,609.66,31.5,94.5,206.92,22.5,33.96,40.2,9.0,11.68,13.35,46.1,48.06,24.6,7.5,10.68,14.39,39.45,38.27,22.61,414.0,440.5,341.93,2.0,7.57,10.94,9.5,18.14,23.72,8.0,13.79,16.66,506.5,515.11,409.72,61.0,57.82,22.53,33.0,39.17,29.85,78.0,72.32,22.39,5.5,8.79,9.98,4.5,6.07,5.28,23.5,25.93,15.29,3.0,4.82,5.98,1.7,1.67,0.28,23.0,22.79,17.26,15.5,19.89,14.47,1.0,2.89,5.59,0.1,-0.01,0.79,-0.18,-0.1,1.08,21.9,22.0,16.36,13.4,19.52,14.48,2.0,2.51,3.6,0.12,0.12,0.4,-0.12,0.02,0.61,0.0,0.07,0.26,11.0,14.5,14.16,0.0,0.21,0.5,0.0,0.11,0.42,40.5,50.64,39.34,10.0,13.5,13.21,50.0,39.2,25.11
Bournemouth,19.6,17.31,12.36,1.0,2.38,3.7,1.0,1.71,2.01,2.0,4.08,5.23,1.0,2.12,3.19,0.0,0.25,1.22,0.0,0.29,1.23,3.0,4.04,3.21,0.0,0.12,0.34,1.1,2.72,3.7,1.1,2.49,3.3,1.05,1.84,1.9,2.6,4.34,4.75,17.0,31.29,36.64,46.0,61.71,56.49,27.5,61.12,77.59,0.04,0.16,0.21,0.06,0.09,0.11,0.19,0.25,0.27,0.04,0.15,0.2,0.19,0.24,0.26,0.08,0.2,0.23,0.1,0.13,0.15,0.17,0.33,0.32,0.08,0.19,0.22,0.17,0.32,0.31,0.0,1.92,7.97,0.0,0.14,0.37,0.0,7.17,27.6,0.0,5.25,19.65,0.0,9.94,26.9,0.0,0.62,2.67,0.0,0.46,1.5,0.0,0.5,2.25,0.0,0.38,1.64,0.0,1.91,6.52,0.0,0.17,0.82,0.0,0.0,0.0,0.0,0.0,0.0,0.0,0.0,0.0,0.0,0.04,0.2,0.0,0.21,0.83,0.0,0.0,0.0,0.0,2.28,8.51,0.0,0.04,0.11,0.0,0.37,1.07,0.0,0.09,0.29,0.0,7.25,27.45,0.0,19.38,75.26,0.0,4.78,13.05,0.0,40.83,169.82,0.0,6.58,25.31,0.0,4.93,13.43,0.0,4.42,11.95,0.0,10.25,39.61,0.0,7.08,19.83,0.0,5.56,15.3,0.0,19.17,75.39,0.0,1.04,4.49,0.0,0.6,1.8,0.0,2.58,11.01,0.0,0.18,0.49,0.0,1.73,4.71,13.5,23.92,30.32,3.5,8.0,10.86,27.45,22.72,17.44,1.3,1.66,1.6,0.31,0.58,0.66,0.06,0.06,0.06,0.17,0.18,0.23,14.7,13.75,6.66,0.1,0.1,0.07,-0.25,-0.35,1.06,-0.25,-0.37,0.92,7088.5,9701.92,8769.54,2511.0,3597.67,3816.38,187.5,233.92,200.0,88.45,87.35,6.93,154.5,234.62,229.85,220.5,276.46,256.57,79.55,81.01,11.43,34.5,56.71,64.6,75.0,117.17,125.85,48.5,46.88,17.67,1.0,1.52,1.42,-0.15,-0.13,0.92,12.0,18.21,17.01,31.5,51.42,53.65,7.0,14.12,14.84,2.0,4.42,6.3,564.5,627.58,518.21,35.5,70.08,87.11,2.0,2.46,2.67,2.0,3.25,3.82,10.0,34.54,44.66,5.0,28.17,60.59,0.0,6.92,15.67,0.0,0.75,1.36,0.0,0.17,0.48,2.0,2.92,2.73,10.5,12.96,13.55,29.0,42.08,38.7,2.36,2.65,1.89,22.5,31.88,28.05,1.0,2.83,4.53,0.0,1.83,4.41,1.0,1.75,2.42,0.0,0.88,1.19,2.0,3.88,4.23,0.18,0.21,0.2,1.5,2.58,2.98,0.0,0.25,0.68,0.0,0.21,0.51,0.0,0.33,0.64,0.0,0.42,0.93,0.0,0.08,0.28,23.5,28.62,24.59,11.5,16.46,14.95,9.0,12.0,11.16,8.0,12.42,12.38,3.5,4.21,3.87,9.0,12.42,12.36,41.95,37.96,25.03,13.5,13.54,11.02,10.0,13.33,13.55,9.5,14.5,16.18,37.0,43.12,38.42,22.5,42.21,52.35,0.0,0.92,1.35,857.0,896.5,692.92,43.5,92.29,164.81,19.0,41.83,51.44,6.0,12.25,16.63,40.7,39.41,23.38,7.5,12.46,14.82,43.35,41.09,24.4,429.0,486.38,382.13,2.0,9.46,16.3,18.5,24.79,22.61,7.5,14.58,18.08,444.5,533.04,417.11,68.0,60.75,26.3,51.6,45.57,32.51,80.0,75.04,19.11,7.0,10.58,11.89,5.0,6.29,5.57,17.5,18.62,12.28,1.0,3.17,5.54,1.46,1.44,0.18,27.0,26.33,18.67,20.5,20.92,14.79,5.0,5.42,5.57,0.35,0.4,0.85,0.12,-0.13,1.47,32.6,29.15,20.11,22.1,22.07,15.32,7.1,7.08,5.65,0.4,0.44,0.34,-0.02,-0.13,1.0,0.0,0.0,0.0,18.0,21.88,19.55,0.0,0.29,1.04,0.0,0.17,0.48,61.5,75.5,60.59,17.0,23.83,22.68,47.4,47.19,21.15
Brentford,18.7,18.91,13.76,0.0,2.95,5.91,1.5,2.0,2.56,2.0,4.95,7.54,0.0,2.73,5.28,0.0,0.23,1.07,0.0,0.27,1.28,2.0,2.82,2.3,0.0,0.05,0.21,0.9,2.75,4.63,0.9,2.53,4.26,1.2,1.95,2.34,2.55,4.49,5.63,13.0,27.09,35.33,53.5,61.41,59.98,27.5,60.73,84.38,0.0,0.11,0.19,0.08,0.09,0.09,0.12,0.19,0.24,0.0,0.1,0.18,0.12,0.19,0.22,0.06,0.12,0.16,0.08,0.09,0.08,0.16,0.21,0.2,0.06,0.11,0.15,0.16,0.21,0.19,0.0,2.59,11.71,0.0,0.12,0.41,0.0,9.41,43.25,0.0,6.95,31.96,0.0,5.61,18.51,0.0,0.73,3.41,0.0,0.36,1.71,0.0,0.64,2.77,0.0,0.36,1.5,0.0,5.4,21.51,0.0,0.05,0.21,0.0,0.0,0.0,0.0,0.0,0.0,0.0,0.0,0.0,0.0,0.0,0.0,0.0,0.09,0.43,0.0,0.14,0.47,0.0,2.42,11.23,0.0,0.02,0.06,0.0,-0.03,0.1,0.0,-0.01,0.06,0.0,12.0,53.03,0.0,31.68,140.35,0.0,3.51,11.38,0.0,70.55,319.03,0.0,5.86,25.98,0.0,3.47,11.31,0.0,3.15,10.2,0.0,10.36,45.16,0.0,7.56,24.7,0.0,5.19,16.8,0.0,27.14,123.75,0.0,2.18,9.8,0.0,0.93,3.08,0.0,1.55,7.25,0.0,0.04,0.2,0.0,0.74,2.6,9.5,19.68,25.57,3.5,7.86,11.63,29.3,25.18,20.18,0.6,0.86,0.8,0.16,0.3,0.39,0.0,0.06,0.08,0.0,0.15,0.18,14.5,12.91,7.35,0.1,0.09,0.06,-0.1,0.2,1.94,-0.1,0.2,1.9,7396.5,11106.45,10179.76,2572.0,4224.0,5490.2,232.5,264.45,201.55,87.75,86.46,8.1,189.0,263.73,253.45,236.0,311.23,276.06,80.75,82.39,9.45,38.5,65.41,89.77,69.5,124.05,180.36,52.75,52.01,17.16,0.8,1.73,2.4,-0.05,0.05,1.12,8.5,15.0,18.6,44.0,50.0,44.27,7.0,14.73,20.13,2.0,4.14,5.94,561.0,698.82,551.12,57.5,71.91,78.94,0.5,3.14,6.14,2.5,3.23,3.22,12.0,30.64,50.2,10.0,27.32,35.11,0.0,6.32,18.21,0.0,0.09,0.43,0.0,0.0,0.0,1.0,2.82,3.06,8.0,13.0,13.12,21.5,35.45,38.09,1.78,1.89,1.14,18.5,25.86,27.27,0.0,3.36,5.89,1.0,1.82,2.86,1.0,1.59,2.54,0.0,0.5,1.1,2.0,5.14,6.19,0.2,0.28,0.27,2.0,3.55,4.19,0.0,0.5,1.01,0.0,0.23,0.53,0.0,0.41,0.91,0.0,0.41,0.67,0.0,0.05,0.21,24.0,28.41,23.98,15.0,16.95,13.76,14.0,13.0,10.53,9.0,9.95,9.4,4.0,5.45,6.54,12.0,14.14,12.55,51.4,46.82,23.79,10.5,12.77,11.81,12.0,12.68,10.58,8.0,12.95,12.98,34.0,41.36,35.55,32.0,47.09,55.88,1.0,1.27,1.45,904.0,971.86,731.47,51.0,149.0,305.94,23.0,44.82,52.52,6.5,12.05,16.02,45.3,40.89,24.0,6.5,13.23,16.96,42.2,40.78,20.07,477.0,516.73,399.24,1.0,9.59,18.97,14.0,24.68,28.81,7.5,13.41,15.06,571.0,595.0,452.01,65.0,59.91,26.26,49.15,49.77,36.22,83.0,75.68,25.08,7.5,12.59,13.09,5.0,5.55,5.34,16.0,16.14,12.41,0.5,5.18,9.58,1.48,1.49,0.29,32.5,32.86,24.31,29.5,28.32,19.79,4.0,4.55,6.22,0.25,0.14,0.75,0.05,1.43,6.53,27.1,29.44,21.61,28.2,27.55,19.61,1.5,1.91,3.96,0.1,0.08,0.46,0.04,0.22,1.15,0.0,0.0,0.0,10.5,14.27,12.11,0.0,0.27,0.55,0.0,0.05,0.21,49.0,74.41,61.13,11.0,28.14,33.81,54.5,54.66,19.66
Brighton,11.75,14.89,10.51,1.0,2.29,3.17,1.0,1.46,1.71,2.0,3.75,4.69,1.0,2.04,2.76,0.0,0.25,0.97,0.0,0.25,0.97,2.0,2.79,2.63,0.0,0.11,0.31,0.95,2.12,2.81,0.95,1.93,2.45,1.05,1.44,1.47,2.0,3.36,3.64,20.5,29.07,32.51,47.5,54.61,52.6,28.0,54.14,68.04,0.1,0.14,0.15,0.03,0.09,0.12,0.16,0.23,0.23,0.1,0.12,0.13,0.16,0.22,0.21,0.1,0.14,0.12,0.08,0.1,0.08,0.21,0.24,0.18,0.1,0.13,0.1,0.21,0.23,0.16,0.0,2.11,10.96,0.0,0.08,0.32,0.0,5.25,27.01,0.0,3.21,16.43,0.0,5.02,18.49,0.0,0.57,2.66,0.0,0.46,2.46,0.0,0.32,1.7,0.0,0.29,1.33,0.0,2.48,10.01,0.0,0.32,1.7,0.0,0.0,0.0,0.0,0.0,0.0,0.0,0.0,0.0,0.0,0.04,0.19,0.0,0.14,0.76,0.0,0.07,0.38,0.0,1.84,9.64,0.0,0.02,0.06,0.0,-0.2,0.95,0.0,-0.01,0.05,0.0,4.61,23.04,0.0,14.36,72.9,0.0,2.69,10.03,0.0,47.71,231.85,0.0,4.61,23.04,0.0,1.45,5.61,0.0,1.96,7.21,0.0,3.04,15.68,0.0,4.2,15.59,0.0,3.27,12.02,0.0,15.57,78.2,0.0,1.04,5.1,0.0,0.56,2.08,0.0,1.79,8.88,0.0,0.1,0.37,0.0,1.05,3.85,11.5,18.79,18.17,4.5,6.54,7.12,28.6,26.55,17.17,1.06,1.4,1.23,0.36,0.48,0.65,0.06,0.09,0.09,0.22,0.25,0.27,16.45,16.06,6.01,0.08,0.08,0.04,-0.05,0.16,0.79,-0.05,0.11,0.78,5349.5,9574.32,9827.68,1661.0,3239.18,4173.8,221.0,271.5,220.0,90.05,89.51,5.98,118.0,232.68,265.86,167.0,265.89,280.34,82.1,81.45,10.57,26.0,46.86,60.74,47.0,85.43,113.99,54.9,54.27,14.87,1.2,1.38,1.26,-0.25,0.02,0.92,11.5,13.36,11.02,25.0,42.29,51.78,9.0,12.07,11.46,1.5,3.07,3.87,491.0,623.64,541.8,33.0,57.68,60.06,2.0,2.75,3.58,1.5,2.71,4.01,12.5,25.07,30.14,7.0,21.61,42.08,0.0,3.82,7.61,0.0,1.71,2.83,0.0,0.25,0.65,1.0,1.64,1.52,8.0,11.07,10.2,27.5,33.14,25.19,2.78,2.51,1.25,20.0,24.29,18.88,1.0,2.5,3.99,0.5,2.0,3.14,1.0,1.96,2.6,0.0,0.5,0.84,3.5,4.04,3.43,0.29,0.31,0.28,2.0,2.79,2.35,0.0,0.25,0.59,0.0,0.36,1.25,0.0,0.21,0.42,0.0,0.36,0.68,0.0,0.07,0.26,17.0,25.11,22.29,11.5,15.36,13.64,7.0,10.18,9.78,8.0,10.61,9.86,2.5,4.32,4.7,8.5,12.46,12.16,40.35,44.91,21.78,9.5,12.46,9.6,10.0,11.29,10.42,8.5,11.25,11.14,29.5,36.36,32.3,15.5,27.04,31.02,1.0,1.04,1.17,771.0,842.79,663.82,25.0,92.71,210.92,20.5,38.61,45.51,6.5,12.07,14.01,43.1,44.48,23.01,6.5,13.61,17.57,45.3,44.09,22.26,462.0,495.36,414.46,3.0,9.36,16.7,13.0,20.79,20.16,7.0,12.29,13.18,522.0,556.46,453.21,61.0,59.04,21.42,30.9,39.17,27.66,78.5,77.71,9.69,5.0,8.25,9.64,4.5,6.29,4.99,18.5,17.71,9.09,2.0,3.46,5.07,1.59,1.71,0.46,25.5,25.82,18.09,22.5,23.04,15.66,3.0,2.79,6.01,0.18,0.23,0.69,-0.01,0.04,0.99,18.6,22.97,16.19,19.05,21.34,14.5,1.2,1.61,3.65,0.11,0.09,0.39,0.01,-0.01,0.55,0.0,0.07,0.26,12.0,15.64,13.08,0.0,0.21,0.63,0.0,0.32,0.55,46.5,57.86,47.99,13.0,18.43,19.36,51.9,48.16,22.0
Chelsea,12.4,16.02,12.51,1.0,2.35,3.67,1.0,1.81,2.3,2.0,4.15,5.74,1.0,2.19,3.16,0.0,0.15,0.78,0.0,0.19,0.98,2.5,3.88,3.41,0.0,0.08,0.27,0.8,2.67,4.28,0.8,2.51,3.77,1.05,2.06,2.66,1.65,4.57,6.14,11.5,33.12,44.21,34.5,61.31,67.47,12.0,60.5,81.72,0.06,0.13,0.15,0.07,0.12,0.13,0.15,0.24,0.26,0.06,0.12,0.15,0.15,0.24,0.25,0.08,0.15,0.17,0.08,0.14,0.15,0.15,0.29,0.27,0.08,0.15,0.17,0.15,0.29,0.26,0.0,1.65,6.83,0.0,0.1,0.35,0.0,5.96,25.29,0.0,4.27,18.28,0.0,5.68,20.09,0.0,0.77,3.36,0.0,0.35,1.77,0.0,0.35,1.29,0.0,0.42,1.96,0.0,1.85,6.84,0.0,0.19,0.8,0.0,0.04,0.2,0.0,0.0,0.0,0.0,0.77,3.92,0.0,0.0,0.0,0.0,0.19,0.8,0.0,0.0,0.0,0.0,1.73,7.16,0.0,0.02,0.08,0.0,0.08,0.34,0.0,0.0,0.01,0.0,4.04,19.21,0.0,17.58,83.15,0.0,1.7,6.03,0.0,51.19,228.62,0.0,8.04,37.3,0.0,1.98,7.31,0.0,2.21,7.92,0.0,3.85,16.33,0.0,2.21,9.25,0.0,2.22,8.49,0.0,16.27,72.89,0.0,1.88,9.21,0.0,0.63,2.57,0.0,2.27,11.17,0.0,0.08,0.35,0.0,1.07,3.77,12.0,22.65,30.66,2.5,7.77,11.84,27.95,26.07,22.54,0.88,1.3,1.26,0.25,0.43,0.46,0.06,0.08,0.12,0.24,0.24,0.28,13.65,13.41,6.58,0.11,0.1,0.06,-0.1,-0.32,1.11,-0.1,-0.32,1.11,8318.5,11961.04,11241.94,1973.0,3780.96,4076.79,237.5,309.69,265.4,92.1,91.0,5.68,196.0,317.0,321.2,232.5,350.65,345.09,90.7,88.58,7.25,21.5,52.65,61.11,40.5,97.96,127.28,56.8,56.54,18.14,0.5,1.61,2.22,-0.1,-0.25,0.74,6.5,17.54,23.08,29.0,57.15,62.35,4.0,13.31,17.95,0.0,2.81,5.66,657.0,753.54,660.03,21.5,63.08,77.25,1.0,3.04,5.26,1.0,3.65,5.87,3.0,25.5,44.04,5.5,22.58,51.72,0.0,4.65,12.89,0.0,1.42,3.83,0.0,0.31,1.01,1.5,2.5,2.83,3.5,11.69,13.86,16.5,40.77,50.2,1.64,2.19,1.54,12.0,31.15,37.04,0.0,2.31,5.24,0.0,2.23,3.96,0.0,1.5,2.5,0.0,0.88,1.68,3.0,4.19,4.71,0.24,0.23,0.21,1.0,2.88,3.67,0.0,0.19,0.49,0.0,0.35,0.69,0.0,0.35,0.49,0.0,0.27,0.53,0.0,0.15,0.37,12.5,22.58,26.32,8.5,14.23,16.73,5.5,9.35,10.88,5.5,9.35,12.4,2.0,3.88,5.04,6.0,10.46,12.47,51.05,49.87,24.81,5.5,10.12,12.64,5.5,9.73,11.3,8.0,10.46,11.73,22.0,33.04,37.17,11.5,26.73,31.71,1.0,1.73,2.29,853.5,968.62,825.91,22.5,92.65,199.06,13.0,42.73,54.74,5.0,12.54,15.61,44.6,41.64,21.57,5.5,12.88,15.9,40.35,37.92,23.24,456.0,556.96,449.85,1.0,12.19,22.93,6.5,17.85,21.6,7.0,11.38,12.63,590.5,687.23,574.5,64.0,60.69,23.36,32.7,42.15,32.9,81.5,80.12,10.08,6.0,10.65,11.59,4.5,5.19,4.79,15.5,16.54,11.36,4.0,6.65,7.66,1.86,1.88,0.19,20.5,27.0,21.53,14.0,18.08,14.18,8.0,8.92,8.09,0.56,0.57,0.51,0.04,0.02,0.75,22.2,28.62,22.01,15.95,19.95,14.85,7.9,8.69,7.61,0.58,0.51,0.47,0.11,0.05,0.79,0.0,0.04,0.2,8.5,16.77,17.82,0.0,0.19,0.57,0.0,0.23,0.51,42.0,60.5,56.47,11.0,15.42,17.89,39.8,44.7,25.88
Crystal Palace,19.4,18.79,13.15,1.0,2.18,3.57,1.0,1.73,2.29,2.0,3.91,5.14,1.0,2.05,3.18,0.0,0.14,0.47,0.0,0.18,0.59,2.0,3.5,3.45,0.0,0.18,0.39,1.1,2.76,3.92,1.1,2.61,3.57,1.3,2.13,2.45,2.85,4.74,5.53,12.0,22.73,24.64,45.5,51.95,41.88,13.5,51.45,68.01,0.04,0.14,0.18,0.05,0.1,0.15,0.15,0.23,0.3,0.04,0.13,0.18,0.15,0.23,0.3,0.09,0.15,0.15,0.11,0.12,0.09,0.22,0.27,0.2,0.09,0.15,0.14,0.22,0.26,0.19,0.0,2.32,10.87,0.0,0.06,0.29,0.0,6.82,31.98,0.0,4.59,21.53,0.0,3.03,14.22,0.0,0.59,2.77,0.0,0.64,2.98,0.0,0.5,2.35,0.0,0.5,2.35,0.0,1.31,6.16,0.0,0.05,0.21,0.0,0.05,0.21,0.0,0.0,0.0,0.0,2.27,10.66,0.0,0.05,0.21,0.0,0.23,1.07,0.0,0.14,0.64,0.0,2.33,10.92,0.0,0.02,0.07,0.0,0.15,0.68,0.0,0.0,0.02,0.0,7.14,33.47,0.0,27.27,127.92,0.0,1.19,5.59,0.0,42.82,200.84,0.0,5.23,24.52,0.0,2.16,10.13,0.0,1.75,8.21,0.0,12.41,58.2,0.0,2.55,11.94,0.0,2.04,9.57,0.0,25.41,119.18,0.0,1.36,6.4,0.0,0.25,1.15,0.0,1.82,8.53,0.0,0.05,0.22,0.0,0.65,3.05,12.5,22.86,25.17,4.5,7.77,9.32,36.8,34.2,23.81,1.03,1.5,1.18,0.34,0.54,0.5,0.05,0.11,0.22,0.17,0.2,0.27,16.65,17.25,6.36,0.08,0.1,0.07,-0.4,-0.58,1.24,-0.4,-0.57,1.19,8514.5,9540.32,8118.78,2423.0,3589.36,3774.0,194.0,233.5,184.63,85.55,84.56,6.38,208.0,236.32,215.1,268.5,282.41,244.41,81.0,80.25,9.49,40.0,50.73,54.63,72.0,113.77,148.57,47.5,51.4,16.3,0.95,1.64,1.75,-0.25,-0.4,0.89,9.0,17.09,17.45,27.5,39.45,33.56,4.5,12.23,13.53,1.5,3.09,4.56,699.0,629.45,476.84,30.5,73.09,104.71,1.5,3.23,3.83,1.0,2.59,3.57,9.5,27.23,34.38,2.0,28.18,72.31,0.0,5.18,12.17,0.0,0.82,2.26,0.0,0.0,0.0,1.5,3.27,4.38,11.5,13.55,14.18,29.5,39.55,37.69,2.29,2.4,1.59,21.5,28.5,25.78,0.5,3.45,7.11,0.5,1.5,2.69,1.0,2.18,3.54,0.0,0.73,1.24,3.0,4.05,3.88,0.18,0.27,0.41,2.0,2.73,3.09,0.0,0.36,0.79,0.0,0.27,0.7,0.0,0.36,0.66,0.0,0.27,0.55,0.0,0.05,0.21,21.0,34.18,31.61,13.0,20.23,19.73,9.0,16.77,17.82,11.5,13.27,11.08,2.0,4.14,5.63,10.0,14.5,13.67,46.35,44.26,22.38,14.0,14.41,10.94,12.5,15.5,13.87,11.0,15.05,15.57,35.0,49.23,44.66,22.5,48.91,57.59,0.0,0.86,1.13,904.5,914.09,674.82,28.0,115.68,232.99,17.5,35.82,39.2,5.5,9.5,14.47,37.15,38.52,24.22,4.0,10.86,15.25,47.6,48.15,27.28,457.5,459.91,340.12,1.5,5.59,8.0,16.0,22.18,22.16,10.0,15.18,14.98,559.5,526.91,381.46,67.5,60.05,25.95,50.95,49.43,34.6,80.5,76.41,19.15,8.0,12.09,12.88,5.0,6.27,6.44,16.5,15.36,12.83,1.0,3.27,5.63,1.4,1.36,0.37,27.5,25.23,17.8,28.5,25.09,16.72,0.0,0.14,2.88,0.0,-0.05,0.51,0.0,0.05,0.74,32.8,29.93,21.32,26.9,24.22,16.34,6.45,5.7,5.35,0.3,0.23,0.26,0.02,0.03,0.49,0.0,0.14,0.35,12.5,18.59,17.71,0.0,0.18,0.39,0.0,0.09,0.29,62.0,76.14,58.94,15.0,22.91,23.24,42.9,42.16,18.34
Everton,17.6,18.9,10.66,1.0,1.77,2.51,1.0,1.23,1.48,2.0,3.0,2.86,1.0,1.68,2.25,0.0,0.09,0.43,0.0,0.09,0.43,4.0,3.64,2.36,0.0,0.09,0.29,1.1,1.92,2.34,1.1,1.85,2.23,1.3,1.49,1.32,2.7,3.35,2.75,15.0,22.05,22.24,46.0,47.23,37.56,26.5,46.18,43.52,0.04,0.1,0.13,0.05,0.08,0.11,0.1,0.18,0.19,0.04,0.1,0.13,0.1,0.18,0.18,0.04,0.11,0.13,0.07,0.08,0.08,0.13,0.2,0.15,0.04,0.11,0.12,0.13,0.19,0.15,0.0,2.0,9.38,0.0,0.05,0.25,0.0,7.41,34.75,0.0,5.32,24.94,0.0,3.32,15.56,0.0,0.5,2.35,0.0,0.68,3.2,0.0,0.55,2.56,0.0,0.55,2.56,0.0,1.44,6.74,0.0,0.0,0.0,0.0,0.09,0.43,0.0,0.0,0.0,0.0,4.55,21.32,0.0,0.05,0.21,0.0,0.27,1.28,0.0,0.0,0.0,0.0,2.22,10.4,0.0,0.01,0.06,0.0,0.22,1.02,0.0,0.01,0.03,0.0,13.82,64.81,0.0,36.64,171.84,0.0,1.71,8.04,0.0,61.59,288.89,0.0,7.32,34.33,0.0,2.22,10.4,0.0,1.8,8.46,0.0,10.5,49.25,0.0,2.85,13.39,0.0,2.21,10.38,0.0,25.36,118.97,0.0,1.41,6.61,0.0,0.25,1.19,0.0,2.59,12.15,0.0,0.07,0.32,0.0,0.69,3.24,14.5,18.18,14.81,4.0,6.27,6.32,34.5,31.45,22.81,0.82,1.09,0.89,0.26,0.38,0.41,0.06,0.08,0.1,0.16,0.24,0.28,16.95,16.21,6.25,0.07,0.1,0.11,-0.15,-0.15,1.59,-0.15,-0.17,1.55,7775.0,9751.82,8379.6,2325.0,3857.86,5348.64,217.0,228.45,155.53,87.1,85.66,7.67,176.0,208.95,168.03,198.5,247.09,184.04,83.0,80.65,11.85,41.0,69.14,94.67,77.0,131.45,202.03,59.1,57.77,14.0,0.7,1.24,1.18,-0.15,-0.26,1.19,12.5,13.5,10.86,40.5,45.36,38.06,8.0,11.86,10.97,2.0,4.18,5.99,552.0,600.23,399.52,34.5,73.68,104.05,1.0,1.36,1.87,2.0,3.77,4.7,9.0,30.91,40.28,5.0,30.59,64.17,0.0,4.59,9.19,0.0,1.09,2.35,0.0,0.5,1.06,3.0,3.64,2.94,12.0,13.41,9.25,29.5,32.36,21.42,1.74,1.89,1.11,20.5,24.05,16.08,0.5,2.95,5.43,1.5,2.0,2.27,1.0,1.41,1.74,0.0,0.55,0.8,2.5,3.09,2.71,0.12,0.19,0.19,1.0,2.09,1.8,0.0,0.18,0.5,0.0,0.27,0.7,0.0,0.18,0.39,0.0,0.23,0.53,0.0,0.14,0.35,27.5,33.05,30.38,15.5,19.45,18.37,13.0,16.5,15.57,10.0,12.14,12.21,2.5,4.41,4.99,14.0,15.18,13.68,52.55,49.7,17.56,8.5,14.36,12.43,10.0,11.5,9.2,11.0,15.64,14.26,39.5,48.68,43.12,24.0,49.27,59.58,1.0,1.14,1.21,824.0,878.82,545.55,34.0,111.55,238.6,21.5,33.05,28.31,8.0,12.77,14.35,46.9,43.98,20.01,9.0,13.73,15.44,44.75,44.21,19.88,417.0,431.64,266.51,2.0,5.41,7.68,15.0,23.64,22.27,12.5,17.55,15.37,495.5,512.18,295.67,65.5,64.73,18.59,46.25,49.71,28.09,84.0,81.36,8.79,10.5,12.95,11.3,4.5,5.55,4.43,18.0,15.91,8.67,1.0,4.45,6.77,1.27,1.27,0.15,20.5,20.95,11.77,21.0,21.68,11.87,-1.0,-0.73,4.34,-0.06,-0.09,0.35,-0.0,-0.01,0.6,20.65,20.79,11.73,20.4,22.95,12.37,-2.5,-2.19,3.33,-0.16,-0.17,0.25,-0.08,0.0,0.44,0.0,0.05,0.21,15.0,19.41,14.49,0.0,0.05,0.21,0.0,0.09,0.29,61.0,68.91,49.93,12.5,27.82,31.77,49.85,48.79,19.84
Fulham,19.7,18.13,11.75,0.0,2.3,3.5,1.0,1.91,2.63,2.0,4.22,4.88,0.0,2.17,3.16,0.0,0.13,0.63,0.0,0.17,0.65,3.0,3.48,3.09,0.0,0.09,0.29,1.0,2.17,2.79,1.0,2.03,2.4,1.0,1.63,1.89,2.1,3.67,3.73,22.0,34.04,38.03,62.0,67.61,52.92,33.0,66.74,75.77,0.0,0.15,0.22,0.08,0.09,0.11,0.1,0.25,0.28,0.0,0.15,0.22,0.1,0.24,0.28,0.11,0.15,0.14,0.09,0.11,0.09,0.26,0.25,0.19,0.11,0.14,0.14,0.26,0.25,0.18,0.0,2.35,11.26,0.0,0.06,0.3,0.0,6.91,33.15,0.0,4.61,22.1,0.0,2.95,14.16,0.0,0.65,3.13,0.0,0.39,1.88,0.0,0.61,2.92,0.0,0.22,1.04,0.0,0.57,2.75,0.0,0.13,0.63,0.0,0.04,0.21,0.0,0.0,0.0,0.0,1.09,5.21,0.0,0.0,0.0,0.0,0.26,1.25,0.0,0.09,0.42,0.0,2.13,10.2,0.0,0.01,0.06,0.0,-0.13,0.65,0.0,-0.0,0.02,0.0,6.13,29.4,0.0,15.96,76.52,0.0,1.67,8.01,0.0,53.52,256.68,0.0,7.26,34.82,0.0,0.99,4.73,0.0,1.26,6.03,0.0,7.48,35.86,0.0,2.23,10.68,0.0,1.82,8.74,0.0,22.04,105.72,0.0,1.0,4.8,0.0,0.2,0.94,0.0,1.43,6.88,0.0,0.04,0.18,0.0,0.58,2.77,14.0,22.39,23.15,4.0,7.22,8.79,30.8,28.14,19.2,1.63,1.53,1.11,0.16,0.52,0.58,0.0,0.06,0.08,0.0,0.16,0.2,15.3,15.26,5.25,0.08,0.08,0.04,-0.2,0.13,1.49,-0.3,0.14,1.46,12139.0,12577.39,10738.29,2429.0,4242.7,4699.5,265.0,312.52,229.11,91.1,89.03,6.4,258.0,313.78,279.82,326.0,356.22,302.89,85.2,84.83,8.3,37.0,65.35,71.09,71.0,117.43,135.42,56.5,59.46,14.05,0.7,1.52,1.81,-0.1,0.28,1.45,11.0,17.26,17.56,43.0,58.52,52.54,7.0,14.78,20.17,2.0,4.7,7.79,733.0,785.17,594.63,35.0,70.91,84.01,1.0,1.87,3.33,2.0,5.17,7.97,16.0,38.83,52.3,2.0,27.57,66.07,0.0,3.83,11.36,0.0,3.78,10.7,0.0,0.04,0.21,1.0,1.87,2.14,8.0,14.52,14.43,33.0,40.74,33.45,2.27,2.69,1.82,27.0,31.17,26.53,1.0,3.17,8.68,1.0,1.61,2.41,1.0,1.04,1.36,1.0,0.7,0.82,3.0,4.3,4.33,0.19,0.27,0.31,2.0,3.48,3.7,0.0,0.13,0.46,0.0,0.22,0.52,0.0,0.17,0.39,0.0,0.17,0.49,0.0,0.13,0.34,26.0,29.52,23.72,13.0,17.87,15.18,9.0,14.22,13.55,8.0,11.26,10.31,4.0,4.04,3.71,9.0,12.57,11.22,47.4,51.76,23.19,9.0,11.96,11.91,11.0,11.61,8.94,8.0,13.09,14.91,32.0,42.61,37.58,18.0,39.74,49.2,1.0,1.43,2.02,999.0,1038.87,745.37,33.0,114.83,252.11,32.0,41.09,40.19,8.0,12.43,14.01,45.5,42.57,20.13,6.0,10.91,12.09,41.0,35.85,16.49,547.0,608.74,452.36,4.0,9.13,11.17,17.0,22.35,20.22,8.0,12.22,12.33,665.0,696.61,499.61,61.0,56.96,24.89,51.8,47.73,30.91,78.0,76.26,18.35,4.0,10.39,12.39,7.0,7.52,6.5,18.0,15.26,8.53,2.0,4.7,6.03,1.42,1.43,0.13,29.0,25.78,15.91,28.0,25.65,16.09,0.0,0.13,3.17,0.0,0.01,0.66,0.0,-0.02,0.79,25.7,23.39,14.88,24.6,22.49,13.68,1.2,0.9,2.36,0.05,-0.09,0.69,0.03,-0.1,0.79,0.0,0.0,0.0,18.0,18.7,15.38,0.0,0.13,0.34,0.0,0.17,0.39,57.0,69.96,49.31,13.0,23.17,25.28,47.9,44.43,19.86
Ipswich Town,12.0,13.84,9.65,0.0,1.17,2.32,0.5,0.87,1.07,1.5,2.03,2.76,0.0,1.1,2.01,0.0,0.07,0.37,0.0,0.07,0.37,2.0,3.1,2.84,0.0,0.17,0.38,0.7,1.17,1.78,0.7,1.12,1.55,0.4,0.81,1.12,1.6,1.93,2.2,10.5,17.1,21.63,23.0,31.1,29.77,15.0,30.63,40.14,0.0,0.09,0.14,0.02,0.06,0.09,0.1,0.15,0.17,0.0,0.08,0.13,0.1,0.15,0.16,0.04,0.09,0.11,0.04,0.06,0.06,0.11,0.15,0.13,0.04,0.09,0.11,0.11,0.15,0.13,0.0,2.73,8.56,0.0,0.23,0.71,0.0,7.0,22.81,0.0,4.33,14.59,0.0,6.19,18.97,0.0,0.13,0.43,0.0,0.33,1.21,0.0,0.8,2.54,0.0,0.07,0.25,0.0,0.66,2.77,0.0,0.2,0.66,0.0,0.0,0.0,0.0,0.0,0.0,0.0,0.0,0.0,0.0,0.0,0.0,0.0,0.37,1.67,0.0,0.07,0.37,0.0,2.45,7.72,0.0,0.03,0.11,0.0,-0.21,0.68,0.0,-0.02,0.07,0.0,6.3,19.82,0.0,17.7,56.05,0.0,3.59,10.96,0.0,35.57,117.01,0.0,6.13,20.31,0.0,3.63,11.22,0.0,3.28,10.04,0.0,7.97,25.17,0.0,6.72,20.64,0.0,5.0,15.31,0.0,20.3,65.38,0.0,2.37,8.09,0.0,1.15,3.66,0.0,1.17,4.28,0.0,0.08,0.27,0.0,1.06,3.29,10.5,12.47,14.51,2.0,4.0,6.35,16.25,22.29,24.38,0.56,0.95,0.94,0.11,0.3,0.4,0.0,0.05,0.07,0.0,0.17,0.23,15.7,13.23,8.17,0.06,0.07,0.05,0.0,0.0,0.71,0.0,-0.02,0.64,4809.5,6824.47,6238.91,1457.5,2596.3,2753.05,117.0,171.57,157.21,87.95,87.27,7.29,102.5,170.5,170.17,131.0,199.57,194.92,83.3,81.87,10.74,23.5,34.03,35.78,44.0,72.77,79.71,47.25,44.76,18.02,0.45,0.7,0.96,0.0,0.06,0.9,5.0,9.43,12.81,19.5,28.83,32.37,4.0,5.7,7.02,0.5,1.8,3.55,310.0,437.6,384.41,32.5,52.57,66.03,0.5,1.47,2.4,1.0,2.0,2.91,8.5,16.83,32.04,2.0,19.07,39.43,0.0,3.7,10.41,0.0,0.6,2.39,0.0,0.03,0.18,1.0,1.73,2.43,6.0,9.93,9.22,16.5,21.87,23.8,1.29,1.55,1.24,12.5,15.2,15.47,0.0,2.4,7.18,0.0,1.7,3.0,0.0,1.1,2.48,0.0,0.47,0.82,1.5,1.93,2.05,0.11,0.13,0.14,1.0,1.53,1.61,0.0,0.07,0.25,0.0,0.2,0.48,0.0,0.07,0.25,0.0,0.07,0.37,0.0,0.0,0.0,13.5,19.6,17.69,8.5,11.33,10.31,6.0,9.8,11.0,6.0,7.13,6.88,2.5,2.67,2.7,6.5,9.37,8.92,43.2,42.35,24.61,7.5,10.67,10.07,7.0,8.33,7.8,6.5,10.1,10.01,22.5,29.7,26.9,14.5,36.7,50.75,1.0,1.3,1.58,502.0,635.53,519.71,28.5,100.23,142.85,13.5,20.07,23.67,4.0,9.23,13.13,36.8,31.54,21.77,4.0,9.63,14.37,42.9,33.53,22.38,235.0,312.47,248.36,1.5,5.0,8.63,11.5,17.93,22.47,5.5,11.57,15.08,278.0,379.83,318.63,62.0,60.7,23.38,31.6,36.43,25.38,81.5,76.6,17.41,3.0,7.9,9.62,3.0,5.83,6.91,14.0,16.5,12.59,2.5,5.13,6.79,0.58,0.56,0.16,12.0,13.13,9.07,25.5,29.73,20.58,-16.0,-16.6,12.14,-1.23,-1.34,0.95,-0.02,-0.12,1.06,9.75,12.58,9.11,23.45,26.37,17.87,-12.95,-13.79,9.09,-0.98,-1.1,0.47,0.06,-0.03,0.59,0.0,0.13,0.35,9.0,14.33,15.78,0.0,0.07,0.37,0.0,0.2,0.48,42.5,47.83,39.35,7.5,18.4,25.69,50.7,52.35,26.48
Leicester City,15.5,15.46,9.9,0.0,1.22,2.15,0.0,0.93,1.38,1.0,2.15,3.01,0.0,1.15,1.96,0.0,0.07,0.27,0.0,0.11,0.42,3.0,3.22,2.71,0.0,0.0,0.0,0.4,1.22,2.23,0.4,1.13,1.93,0.4,0.93,1.19,1.3,2.06,2.79,14.0,21.33,23.22,32.0,40.04,36.88,19.0,39.56,42.34,0.0,0.06,0.1,0.0,0.06,0.08,0.05,0.12,0.14,0.0,0.06,0.09,0.05,0.12,0.14,0.05,0.07,0.08,0.03,0.06,0.08,0.07,0.13,0.13,0.05,0.07,0.07,0.07,0.13,0.12,0.0,2.96,11.47,0.0,0.29,0.9,0.0,7.74,30.66,0.0,4.85,19.58,0.0,6.23,18.35,0.0,0.22,0.8,0.0,0.26,1.16,0.0,0.93,3.6,0.0,0.11,0.42,0.0,0.88,3.89,0.0,0.11,0.58,0.0,0.04,0.19,0.0,0.0,0.0,0.0,0.93,4.81,0.0,0.0,0.0,0.0,0.19,0.68,0.0,0.11,0.58,0.0,2.76,11.13,0.0,0.04,0.11,0.0,-0.09,0.69,0.0,-0.08,0.41,0.0,6.7,24.12,0.0,25.48,96.64,0.0,3.66,11.0,0.0,48.15,186.53,0.0,6.59,26.23,0.0,4.54,13.15,0.0,3.73,10.77,0.0,7.7,29.26,0.0,8.19,23.6,0.0,5.69,16.41,0.0,22.19,85.7,0.0,1.33,5.29,0.0,0.45,1.62,0.0,1.33,5.17,0.0,0.12,0.34,0.0,1.71,5.1,7.0,12.3,13.88,2.0,3.89,5.03,26.9,29.3,24.43,0.59,0.86,0.77,0.23,0.3,0.29,0.0,0.07,0.11,0.0,0.19,0.26,16.4,15.06,8.37,0.07,0.07,0.05,0.0,0.0,0.89,0.0,0.02,0.82,6399.0,8662.3,6945.28,1757.0,3110.44,3056.69,219.0,248.0,192.3,88.3,88.69,6.88,150.0,214.59,189.98,183.0,246.63,206.94,83.3,84.34,8.63,35.0,39.74,41.94,60.0,87.78,116.83,53.4,53.0,20.64,0.5,0.89,1.0,0.0,-0.01,0.92,6.0,9.3,10.14,25.0,35.26,32.82,5.0,8.0,8.89,1.0,2.48,4.0,501.0,581.93,431.99,47.0,62.74,75.35,1.0,1.93,2.63,1.0,1.74,2.09,10.0,23.0,28.62,6.0,24.59,58.65,0.0,3.19,6.27,0.0,1.07,2.48,0.0,0.15,0.6,3.0,2.33,2.3,11.0,11.78,9.79,16.0,21.59,20.48,1.3,1.35,0.96,12.0,15.74,14.24,0.0,1.81,3.28,0.0,1.63,2.57,0.0,1.26,1.7,0.0,0.19,0.4,1.0,2.07,2.64,0.08,0.12,0.14,1.0,1.37,1.82,0.0,0.15,0.46,0.0,0.22,0.58,0.0,0.19,0.4,0.0,0.15,0.46,0.0,0.0,0.0,22.0,26.85,23.42,13.0,15.85,14.36,8.0,13.33,13.6,9.0,10.3,9.17,3.0,3.22,3.3,9.0,12.41,11.71,50.0,51.42,22.28,10.0,13.26,12.44,9.0,11.37,9.31,9.0,12.11,12.64,32.0,38.96,34.53,15.0,36.48,45.33,0.0,1.15,1.51,798.0,804.3,565.1,30.0,106.67,171.36,16.0,23.19,25.54,5.0,9.74,11.57,40.6,40.95,28.93,8.0,11.19,13.79,43.5,43.77,26.97,468.0,454.11,307.5,3.0,5.26,6.38,13.0,18.26,17.26,8.0,12.3,13.44,484.0,511.44,357.03,68.0,60.81,21.28,40.7,40.67,26.05,81.0,76.22,18.34,8.0,9.26,8.95,5.0,5.81,5.39,16.0,17.96,12.77,4.0,5.52,5.08,0.65,0.63,0.21,15.0,13.44,8.92,33.0,32.52,21.0,-16.0,-19.07,13.09,-1.14,-1.47,1.02,0.17,-0.23,1.16,12.0,13.29,8.49,27.0,29.23,19.17,-12.9,-15.93,11.06,-1.07,-1.09,0.47,-0.13,-0.08,0.57,0.0,0.0,0.0,16.0,15.48,11.62,0.0,0.11,0.42,0.0,0.15,0.46,45.0,54.7,39.71,13.0,18.59,18.65,47.6,43.69,24.46
Liverpool,20.25,18.95,11.9,1.0,3.86,6.66,2.0,2.95,3.92,3.5,6.82,10.36,1.0,3.45,5.15,0.0,0.41,1.92,0.0,0.41,1.92,2.5,3.05,2.4,0.0,0.14,0.35,1.75,3.82,5.78,1.75,3.5,4.62,1.35,2.83,3.42,3.6,6.35,7.58,27.5,37.55,38.91,64.0,87.45,73.06,49.0,86.82,120.72,0.06,0.16,0.22,0.14,0.14,0.14,0.18,0.3,0.33,0.06,0.15,0.19,0.18,0.29,0.3,0.08,0.19,0.21,0.15,0.14,0.11,0.26,0.33,0.28,0.08,0.19,0.19,0.26,0.32,0.26,0.0,1.86,6.58,0.0,0.1,0.33,0.0,6.23,22.38,0.0,4.41,16.15,0.0,6.35,20.55,0.0,1.14,4.05,0.0,0.41,1.53,0.0,0.18,0.66,0.0,0.59,2.06,0.0,3.28,10.68,0.0,0.05,0.21,0.0,0.05,0.21,0.0,0.0,0.0,0.0,4.55,21.32,0.0,0.0,0.0,0.0,0.14,0.47,0.0,0.09,0.43,0.0,1.91,6.85,0.0,0.03,0.09,0.0,0.14,0.76,0.0,0.0,0.03,0.0,4.41,15.49,0.0,14.45,48.72,0.0,2.67,8.73,0.0,56.41,199.0,0.0,8.05,28.75,0.0,2.2,7.24,0.0,2.53,8.19,0.0,4.45,17.3,0.0,4.48,14.96,0.0,3.46,11.3,0.0,16.73,58.41,0.0,0.77,2.62,0.0,0.44,1.42,0.0,2.64,10.53,0.0,0.12,0.41,0.0,1.36,4.42,19.5,29.05,30.39,4.5,9.77,12.24,29.8,27.4,17.63,1.25,1.61,1.4,0.36,0.54,0.5,0.06,0.06,0.07,0.24,0.2,0.19,14.4,13.58,6.69,0.1,0.09,0.05,-0.3,0.04,1.43,-0.3,-0.05,1.23,10573.0,14183.41,12058.54,3129.0,4755.18,4765.92,282.5,391.55,302.51,92.4,91.48,5.72,238.0,358.73,332.95,274.0,404.73,355.71,88.2,86.46,9.61,46.0,63.95,61.65,85.0,115.59,114.08,60.25,61.38,17.28,1.25,2.47,2.66,0.0,0.12,1.4,11.5,23.14,23.98,35.5,71.86,75.68,8.0,19.55,24.41,1.0,3.77,5.99,726.0,908.64,702.81,35.0,77.23,91.77,1.0,3.14,4.65,3.0,5.82,7.77,7.5,33.14,47.39,9.5,31.0,54.77,0.0,6.59,13.22,0.0,3.27,8.16,0.0,0.05,0.21,2.0,2.73,2.49,10.0,15.0,15.3,34.0,52.32,47.73,2.76,2.71,1.54,25.0,40.05,35.18,0.0,3.18,6.18,1.0,3.73,5.67,0.5,1.23,1.66,0.0,0.82,1.1,4.0,6.68,6.76,0.34,0.36,0.26,3.5,5.05,5.02,0.0,0.32,0.72,0.0,0.55,1.26,0.0,0.45,0.86,0.0,0.27,0.55,0.0,0.05,0.21,24.5,29.18,24.68,17.0,17.77,15.06,7.5,12.32,11.3,9.0,12.14,11.94,4.0,4.73,4.6,12.0,15.45,14.82,51.0,45.31,21.93,10.0,14.32,14.52,8.0,12.27,12.87,7.5,13.59,16.33,35.0,42.77,37.57,19.0,32.91,45.83,1.0,1.41,1.26,949.0,1176.95,871.26,37.0,109.82,178.15,43.5,59.77,79.16,7.5,13.68,16.78,45.05,47.75,25.71,9.0,14.09,17.91,42.85,40.59,24.21,631.5,678.45,491.51,5.5,14.68,28.15,16.0,24.18,26.99,9.0,15.86,17.39,647.5,823.05,610.13,62.5,59.59,24.51,53.35,49.85,31.29,79.0,78.77,7.79,6.5,11.45,11.14,6.0,7.41,6.54,19.5,17.09,11.9,2.5,6.59,8.34,2.22,2.18,0.21,41.5,42.86,28.04,22.5,20.41,11.34,18.5,22.45,17.83,1.2,1.05,0.53,0.09,0.14,1.08,39.95,40.95,26.02,21.65,19.2,10.72,20.35,21.75,15.88,1.16,1.03,0.41,0.08,0.07,0.74,0.0,0.05,0.21,16.0,19.55,17.32,0.0,0.27,0.55,0.0,0.09,0.29,64.0,73.68,51.95,10.0,18.45,27.22,40.95,48.3,24.11
Manchester City,18.6,16.65,9.48,1.0,2.84,4.59,0.0,2.04,2.67,3.0,4.88,5.56,1.0,2.72,4.08,0.0,0.12,0.6,0.0,0.16,0.8,2.0,2.36,1.78,0.0,0.08,0.28,1.4,2.79,4.42,1.4,2.65,3.84,1.5,2.2,2.38,3.0,4.84,5.29,39.0,45.76,49.59,64.0,77.48,67.19,32.0,76.68,84.77,0.12,0.18,0.22,0.0,0.1,0.14,0.27,0.28,0.25,0.12,0.17,0.21,0.27,0.27,0.24,0.08,0.16,0.2,0.06,0.12,0.12,0.23,0.28,0.27,0.08,0.16,0.19,0.23,0.27,0.26,0.0,1.76,6.2,0.0,0.1,0.35,0.0,5.12,18.18,0.0,3.44,12.25,0.0,5.49,19.0,0.0,0.84,3.31,0.0,0.32,1.11,0.0,0.36,1.32,0.0,0.52,2.06,0.0,2.54,9.0,0.0,0.16,0.55,0.0,0.0,0.0,0.0,0.0,0.0,0.0,0.0,0.0,0.0,0.04,0.2,0.0,0.16,0.62,0.0,0.08,0.28,0.0,1.85,6.71,0.0,0.03,0.09,0.0,0.17,1.02,0.0,0.01,0.04,0.0,4.48,16.18,0.0,10.76,38.27,0.0,3.28,11.39,0.0,50.2,184.84,0.0,6.52,23.83,0.0,1.56,5.42,0.0,2.18,7.56,0.0,5.04,17.91,0.0,2.24,7.88,0.0,2.4,8.34,0.0,14.28,51.14,0.0,0.76,2.82,0.0,0.41,1.44,0.0,2.44,9.99,0.0,0.12,0.42,0.0,1.27,4.43,15.0,24.08,25.44,4.0,8.32,11.51,30.0,28.28,21.25,1.08,1.35,1.17,0.33,0.46,0.46,0.1,0.12,0.2,0.27,0.29,0.28,16.3,14.94,7.27,0.09,0.09,0.06,0.0,0.05,1.52,0.0,0.07,1.53,10296.0,13942.12,10772.07,2950.0,3941.8,3654.13,367.0,441.2,326.54,94.4,92.31,5.85,237.0,354.08,305.88,271.0,387.0,321.15,92.0,89.42,7.55,31.0,50.92,47.87,56.0,81.28,73.33,63.6,59.13,12.24,1.3,2.14,2.02,-0.1,-0.16,1.39,9.0,18.8,18.64,42.0,67.28,71.91,12.0,17.52,17.84,1.0,2.48,3.49,757.0,909.32,665.25,36.0,62.96,57.3,2.0,3.44,4.28,2.0,3.6,4.03,8.0,26.36,36.51,4.0,24.12,43.17,0.0,5.08,10.28,0.0,1.48,4.27,0.0,0.16,0.47,1.0,1.8,2.06,10.0,13.6,11.97,37.0,43.68,37.33,2.05,2.41,1.77,30.0,33.96,27.72,0.0,2.76,6.33,1.0,2.68,3.99,1.0,1.64,2.06,0.0,0.4,0.82,3.0,5.0,4.79,0.26,0.27,0.23,3.0,3.8,3.61,0.0,0.12,0.33,0.0,0.44,0.82,0.0,0.4,0.76,0.0,0.16,0.37,0.0,0.08,0.28,16.0,19.76,18.27,8.0,11.92,11.71,5.0,7.28,6.76,5.0,8.56,9.41,3.0,3.92,3.41,7.0,8.52,7.95,50.0,44.36,23.11,6.0,9.4,9.11,9.0,9.64,7.63,6.0,9.12,9.96,22.0,28.88,27.2,19.0,24.68,27.2,1.0,1.4,1.83,975.0,1120.12,773.46,40.0,83.6,151.37,26.0,53.88,57.06,9.0,14.96,22.72,44.8,44.19,28.55,9.0,12.04,14.38,34.1,34.26,24.78,654.0,720.84,514.18,3.0,16.16,26.27,14.0,19.04,16.93,15.0,15.72,15.32,630.0,846.6,598.77,68.0,67.0,16.59,48.9,43.82,24.96,84.0,83.72,5.67,8.0,11.44,9.48,4.0,4.92,4.07,14.0,14.96,9.79,5.0,6.64,6.56,1.92,1.85,0.39,32.0,31.52,18.63,19.0,19.24,10.93,13.0,12.28,9.97,0.77,0.65,0.57,0.04,-0.04,0.91,31.9,29.84,17.46,21.0,20.94,12.02,9.5,8.91,7.34,0.58,0.49,0.36,0.06,0.03,0.76,0.0,0.04,0.2,12.0,11.44,8.7,0.0,0.16,0.47,0.0,0.16,0.37,46.0,57.04,38.14,6.0,12.36,15.67,47.6,44.88,20.96
Manchester Utd,12.35,13.87,10.63,0.0,1.4,2.34,0.0,0.97,2.14,0.5,2.37,4.22,0.0,1.27,2.12,0.0,0.13,0.57,0.0,0.13,0.57,2.5,2.87,2.64,0.0,0.1,0.4,0.85,1.78,2.4,0.7,1.68,2.17,0.65,1.33,1.88,2.15,3.01,3.83,11.0,23.23,33.48,33.5,48.23,62.42,16.0,47.7,69.25,0.0,0.07,0.11,0.0,0.04,0.08,0.02,0.11,0.18,0.0,0.07,0.11,0.02,0.11,0.17,0.07,0.13,0.16,0.06,0.08,0.08,0.12,0.21,0.2,0.07,0.13,0.16,0.12,0.21,0.19,0.0,1.8,8.18,0.0,0.13,0.51,0.0,4.97,24.19,0.0,3.2,16.08,0.0,3.67,14.43,0.0,0.37,1.83,0.0,0.3,1.64,0.0,0.6,2.77,0.0,0.33,1.65,0.0,1.72,6.54,0.0,0.1,0.55,0.0,0.03,0.18,0.0,0.0,0.0,0.0,0.83,4.56,0.0,0.03,0.18,0.0,0.33,1.83,0.0,0.07,0.25,0.0,1.8,8.18,0.0,0.03,0.12,0.0,0.07,0.27,0.0,0.01,0.05,0.0,4.37,21.59,0.0,16.73,80.74,0.0,1.59,6.11,0.0,42.67,210.82,0.0,4.93,24.85,0.0,2.14,8.15,0.0,2.15,8.18,0.0,5.77,27.4,0.0,4.69,17.9,0.0,3.37,12.84,0.0,15.17,73.21,0.0,0.87,4.06,0.0,0.42,1.61,0.0,1.0,4.35,0.0,0.08,0.34,0.0,0.79,3.02,13.5,17.43,22.67,2.5,5.6,7.52,20.55,22.7,18.88,0.84,1.19,1.07,0.2,0.38,0.47,0.0,0.04,0.06,0.0,0.1,0.15,15.65,13.34,7.71,0.08,0.08,0.06,-0.4,-0.38,1.12,-0.45,-0.41,1.16,5852.5,9265.6,8542.12,1387.0,2986.97,3453.17,208.0,274.27,232.47,90.95,90.6,4.73,153.5,228.4,222.67,175.0,258.83,246.39,87.1,85.27,9.06,23.0,41.83,53.63,37.0,81.2,119.13,56.05,59.49,17.44,0.65,1.2,1.66,-0.15,-0.36,0.91,8.5,13.53,18.99,22.5,37.97,45.0,5.0,11.17,16.81,1.0,2.43,3.07,409.5,624.73,531.37,23.0,53.13,74.44,1.5,3.13,5.9,1.5,3.57,4.85,7.0,21.0,37.94,3.5,21.5,50.99,0.0,3.2,9.73,0.0,1.5,5.32,0.0,0.37,1.27,1.0,2.3,3.5,6.0,11.83,14.85,21.0,31.27,40.08,1.92,2.16,1.46,14.5,23.7,28.89,0.0,2.6,7.24,0.0,1.27,2.41,0.0,1.2,2.01,0.0,0.5,1.01,0.5,2.33,4.15,0.02,0.11,0.2,0.0,1.5,2.45,0.0,0.13,0.51,0.0,0.17,0.75,0.0,0.2,0.41,0.0,0.2,0.48,0.0,0.13,0.73,14.5,27.23,30.16,8.5,16.43,18.56,5.0,13.13,15.45,6.0,10.17,11.54,1.5,3.93,5.38,7.0,13.33,14.92,58.85,56.31,24.74,6.0,10.73,12.96,8.0,9.3,9.3,5.5,11.93,12.87,19.5,39.17,40.66,11.0,25.27,28.23,0.5,0.87,1.11,594.5,824.0,691.7,26.0,85.07,190.0,17.5,32.2,40.64,2.5,8.4,11.25,43.9,44.09,29.62,3.5,10.73,14.31,50.0,44.7,28.33,340.5,503.53,416.26,1.0,7.67,16.78,11.5,17.33,18.84,4.5,11.73,14.74,413.0,555.43,459.45,62.5,59.83,20.16,32.55,36.51,27.99,79.0,72.77,22.46,5.0,8.53,9.39,5.0,5.3,4.43,22.0,20.77,10.14,2.5,4.73,5.95,1.13,1.1,0.41,17.0,16.07,11.77,18.0,19.6,14.79,-3.0,-3.53,5.92,-0.26,-0.12,0.93,0.02,0.14,1.17,18.2,19.23,13.89,18.8,19.6,15.4,0.2,-0.38,3.09,0.02,0.16,0.46,0.11,0.17,0.63,0.0,0.03,0.18,9.0,13.43,12.29,0.0,0.13,0.43,0.0,0.13,0.43,36.0,57.83,53.88,9.5,16.17,17.47,50.0,47.77,22.44
Newcastle Utd,19.5,18.13,12.56,0.0,2.87,5.21,1.0,2.17,2.96,2.0,5.04,7.4,0.0,2.65,4.5,0.0,0.22,0.85,0.0,0.26,0.92,2.0,2.96,3.31,0.0,0.04,0.21,0.5,2.83,4.53,0.5,2.63,3.92,0.9,2.02,2.4,2.8,4.66,5.66,18.0,33.0,36.74,75.0,69.35,67.74,22.0,68.78,77.43,0.0,0.14,0.22,0.03,0.1,0.12,0.17,0.24,0.28,0.0,0.14,0.2,0.17,0.23,0.26,0.12,0.14,0.15,0.1,0.1,0.09,0.21,0.24,0.21,0.12,0.14,0.13,0.21,0.24,0.19,0.0,2.04,7.61,0.0,0.11,0.35,0.0,7.0,26.07,0.0,5.0,18.66,0.0,6.19,20.51,0.0,0.87,3.02,0.0,0.26,1.25,0.0,0.52,1.95,0.0,0.57,1.93,0.0,3.42,11.77,0.0,0.04,0.21,0.0,0.04,0.21,0.0,0.0,0.0,0.0,2.17,10.43,0.0,0.0,0.0,0.0,0.17,0.65,0.0,0.09,0.42,0.0,2.07,7.62,0.0,0.03,0.09,0.0,0.12,0.41,0.0,0.01,0.02,0.0,3.91,15.31,0.0,14.65,55.4,0.0,2.2,7.32,0.0,37.74,134.13,0.0,10.7,41.09,0.0,1.8,6.16,0.0,2.43,8.1,0.0,10.7,40.35,0.0,5.14,17.07,0.0,3.87,12.82,0.0,21.13,78.26,0.0,2.13,8.3,0.0,0.82,2.75,0.0,3.26,13.44,0.0,0.15,0.52,0.0,1.36,4.51,6.0,22.57,25.63,2.0,7.09,9.74,28.1,23.71,16.9,1.2,1.3,1.03,0.34,0.39,0.38,0.0,0.07,0.1,0.0,0.21,0.27,14.6,13.99,5.85,0.09,0.09,0.05,-0.1,0.04,1.1,-0.1,0.03,0.97,7434.0,11316.39,10108.3,3082.0,3955.87,3814.4,302.0,322.04,265.63,89.2,88.42,6.16,163.0,281.35,276.24,207.0,320.39,300.6,86.7,85.76,9.71,33.0,51.83,53.8,55.0,100.52,107.48,51.5,48.89,18.58,1.0,1.83,2.03,-0.1,0.15,0.91,9.0,17.35,17.48,28.0,49.96,52.86,9.0,17.3,20.75,0.0,3.0,4.86,590.0,742.3,624.03,37.0,75.61,92.58,1.0,3.39,4.92,2.0,4.09,6.95,13.0,30.61,41.84,9.0,30.61,60.6,0.0,5.13,12.44,0.0,1.17,2.64,0.0,0.74,3.12,2.0,3.09,3.07,12.0,15.26,14.42,37.0,40.78,38.27,2.43,2.18,1.32,26.0,30.91,30.68,1.0,3.17,5.78,0.0,1.7,2.55,1.0,1.61,2.29,0.0,1.09,1.62,4.0,5.0,5.58,0.23,0.21,0.2,2.0,4.09,4.9,0.0,0.3,0.56,0.0,0.13,0.34,0.0,0.22,0.52,0.0,0.17,0.39,0.0,0.09,0.29,27.0,26.22,23.07,16.0,16.13,14.26,9.0,11.96,11.85,9.0,10.22,9.11,3.0,4.04,3.55,12.0,13.3,12.26,50.0,45.35,26.24,10.0,12.91,11.59,10.0,11.74,10.55,6.0,11.7,12.67,34.0,37.91,33.89,17.0,38.39,49.1,1.0,1.48,1.65,872.0,1000.65,789.82,34.0,99.3,160.53,41.0,47.04,49.94,4.0,12.26,14.03,43.6,38.94,20.22,4.0,12.96,15.46,44.9,41.83,20.41,561.0,565.74,459.7,4.0,11.43,16.39,16.0,21.35,18.65,8.0,19.04,21.26,647.0,664.43,545.85,67.0,57.74,27.64,51.3,47.72,33.08,81.0,76.43,19.03,6.0,11.04,11.45,6.0,7.0,6.59,15.0,14.87,12.56,1.0,5.65,7.9,1.69,1.72,0.19,34.0,32.43,24.46,23.0,22.48,15.54,11.0,9.96,9.57,0.58,0.28,0.74,0.06,-0.04,1.22,31.0,30.48,21.97,24.1,21.69,14.28,9.4,8.8,8.23,0.47,0.28,0.47,-0.07,-0.12,0.68,0.0,0.0,0.0,9.0,17.13,18.05,0.0,0.17,0.39,0.0,0.09,0.42,55.0,70.87,62.62,8.0,21.17,31.39,50.0,49.67,23.59
Nott'ham Forest,21.55,18.98,13.38,1.0,2.59,4.45,1.0,1.91,2.88,1.5,4.5,6.25,1.0,2.45,3.9,0.0,0.14,0.64,0.0,0.14,0.64,3.5,4.09,3.46,0.0,0.09,0.29,1.45,2.12,3.02,1.45,2.01,2.61,1.2,1.54,1.58,2.4,3.54,3.79,15.0,28.73,36.71,38.0,51.14,48.07,18.5,50.73,65.39,0.06,0.12,0.15,0.05,0.09,0.11,0.15,0.2,0.2,0.06,0.11,0.14,0.15,0.2,0.19,0.07,0.11,0.13,0.06,0.08,0.08,0.14,0.19,0.17,0.07,0.11,0.13,0.14,0.19,0.17,0.0,2.09,9.81,0.0,0.06,0.26,0.0,7.5,35.18,0.0,5.41,25.37,0.0,3.36,15.76,0.0,0.86,4.05,0.0,0.36,1.71,0.0,0.5,2.35,0.0,0.59,2.77,0.0,1.55,7.29,0.0,0.14,0.64,0.0,0.0,0.0,0.0,0.0,0.0,0.0,0.0,0.0,0.0,0.05,0.21,0.0,0.23,1.07,0.0,0.0,0.0,0.0,2.23,10.47,0.0,0.01,0.06,0.0,0.14,0.66,0.0,0.0,0.02,0.0,11.09,52.02,0.0,31.73,148.81,0.0,1.59,7.46,0.0,32.5,152.44,0.0,3.77,17.7,0.0,3.11,14.58,0.0,2.03,9.53,0.0,12.27,57.56,0.0,3.52,16.5,0.0,2.47,11.58,0.0,32.27,151.37,0.0,0.86,4.05,0.0,0.12,0.58,0.0,0.55,2.56,0.0,0.01,0.07,0.0,0.4,1.85,16.0,20.91,20.14,5.5,7.36,8.72,32.4,35.29,27.43,0.87,1.12,0.88,0.24,0.42,0.4,0.06,0.07,0.08,0.21,0.22,0.26,18.45,17.35,8.28,0.07,0.07,0.05,0.0,0.47,1.65,0.0,0.44,1.55,6297.5,8443.0,7019.75,1997.0,3404.09,3959.62,185.0,241.64,194.87,88.35,86.26,8.02,133.5,184.73,159.08,159.5,227.73,188.15,82.1,78.45,12.12,26.0,47.18,63.51,47.5,106.32,160.84,44.8,45.56,16.35,0.95,1.35,1.5,-0.05,0.37,1.56,11.0,15.14,16.24,30.0,44.27,42.53,7.0,10.95,11.67,1.0,2.91,4.08,547.5,575.09,431.36,26.0,73.41,101.78,1.0,2.68,4.45,1.0,2.82,5.14,8.0,28.23,44.13,2.0,27.86,69.67,0.0,3.23,9.61,0.0,3.45,9.94,0.0,0.0,0.0,3.0,4.14,4.06,9.5,12.82,12.58,25.0,36.27,35.43,1.78,1.88,1.28,19.0,25.86,25.19,0.5,3.36,6.28,0.0,1.59,2.65,0.5,1.82,2.65,0.0,0.91,1.54,2.0,4.14,5.57,0.15,0.21,0.22,2.0,2.64,3.44,0.0,0.45,1.06,0.0,0.14,0.47,0.0,0.36,0.9,0.0,0.36,0.79,0.0,0.18,0.39,23.5,31.64,29.03,14.0,18.95,17.87,10.0,18.36,18.59,8.0,10.23,9.84,2.0,3.05,3.12,10.0,15.5,15.71,53.9,57.37,24.09,8.5,14.68,15.73,9.0,12.27,11.46,11.0,14.59,12.35,34.5,46.23,40.51,27.5,55.45,67.04,1.0,1.09,1.31,902.5,862.86,628.53,37.5,111.82,189.09,23.0,35.68,35.92,6.0,11.77,13.29,39.7,39.66,29.08,5.0,10.55,12.28,38.3,33.04,25.37,400.0,398.36,304.3,2.0,8.5,13.89,19.0,25.55,25.82,11.0,14.73,15.16,485.5,487.73,371.14,61.0,57.18,25.15,56.7,49.94,35.23,81.5,78.95,10.73,6.5,11.32,12.66,4.5,7.5,8.06,15.0,14.55,10.04,3.0,5.36,6.63,1.74,1.79,0.25,28.0,29.0,21.15,25.0,23.0,15.38,5.0,6.0,7.29,0.34,0.24,0.57,0.2,-0.01,0.97,24.8,22.72,15.91,27.05,24.4,16.86,-1.6,-1.65,2.25,-0.12,-0.15,0.26,-0.11,-0.04,0.46,0.0,0.09,0.29,13.5,18.23,15.02,0.0,0.14,0.35,0.0,0.14,0.35,50.0,72.09,58.69,14.0,25.91,28.53,41.65,49.92,21.11
Southampton,12.9,13.83,10.08,0.5,0.83,1.05,0.0,0.53,0.94,1.0,1.37,1.54,0.5,0.83,1.05,0.0,0.0,0.0,0.0,0.07,0.25,2.0,2.87,3.17,0.0,0.1,0.4,0.6,1.1,1.45,0.6,1.04,1.32,0.6,0.83,0.93,1.15,1.88,1.85,11.0,20.93,27.15,22.5,37.2,41.35,19.5,36.2,39.16,0.02,0.05,0.08,0.0,0.04,0.1,0.06,0.1,0.13,0.02,0.05,0.08,0.06,0.1,0.13,0.04,0.08,0.1,0.04,0.07,0.09,0.11,0.15,0.12,0.04,0.08,0.09,0.11,0.14,0.12,0.0,2.87,12.22,0.0,0.24,0.73,0.0,8.17,34.8,0.0,5.23,22.22,0.0,6.76,20.65,0.0,0.07,0.37,0.0,0.2,0.92,0.0,1.0,4.27,0.0,0.1,0.55,0.0,0.33,1.83,0.0,0.23,0.97,0.0,0.07,0.37,0.0,0.0,0.0,0.0,0.95,5.22,0.0,0.0,0.0,0.0,0.4,1.83,0.0,0.0,0.0,0.0,2.79,11.77,0.0,0.03,0.1,0.0,-0.07,0.48,0.0,0.0,0.05,0.0,7.83,35.9,0.0,23.57,110.57,0.0,3.62,11.28,0.0,43.1,188.7,0.0,5.73,23.99,0.0,3.73,11.51,0.0,3.18,9.76,0.0,7.6,34.8,0.0,4.63,15.83,0.0,3.69,12.09,0.0,19.57,84.28,0.0,1.17,4.74,0.0,0.66,2.25,0.0,0.9,3.83,0.0,0.1,0.44,0.0,1.21,3.98,7.5,11.27,11.79,1.0,3.5,4.35,26.3,25.36,26.09,0.63,0.84,0.76,0.13,0.24,0.29,0.02,0.06,0.09,0.06,0.21,0.31,16.8,14.81,8.16,0.07,0.08,0.07,-0.05,-0.27,0.89,-0.05,-0.21,0.76,4250.0,8741.57,8911.37,1514.5,2824.13,3871.21,162.0,241.17,221.59,90.4,89.43,7.15,115.5,222.17,246.48,127.0,247.23,265.59,88.5,85.06,10.83,20.5,39.03,56.16,41.5,75.43,130.11,50.95,50.12,19.21,0.55,0.79,0.92,-0.1,-0.3,0.74,5.0,8.87,9.55,13.0,32.83,40.6,4.5,7.1,8.12,1.0,1.93,2.72,324.0,562.9,523.37,25.5,50.93,71.1,0.0,1.43,2.51,1.0,2.0,2.82,5.5,17.93,27.73,1.5,16.4,34.33,0.0,3.33,8.52,0.0,1.1,3.06,0.0,0.0,0.0,1.0,1.63,1.69,8.0,9.0,9.19,14.5,20.3,20.47,1.31,1.47,1.06,11.0,14.07,13.01,0.0,1.87,4.67,0.0,1.7,3.25,0.0,0.87,1.5,0.0,0.27,0.58,1.0,1.4,1.94,0.06,0.11,0.16,0.0,0.77,1.19,0.0,0.17,0.53,0.0,0.1,0.31,0.0,0.3,0.65,0.0,0.03,0.18,0.0,0.03,0.18,16.5,21.43,20.21,8.5,12.4,11.7,8.0,10.3,10.27,5.0,8.67,8.46,1.0,2.47,3.37,7.5,9.23,8.09,47.2,43.84,23.68,9.0,10.0,8.29,5.0,7.73,8.18,5.0,10.07,12.72,20.5,31.5,30.48,18.5,32.87,42.02,1.0,1.7,1.97,502.0,754.7,660.45,42.0,99.93,183.47,16.0,22.4,21.26,4.5,10.33,14.08,42.3,43.09,29.04,4.0,10.83,15.67,40.85,39.09,27.92,274.0,418.87,375.16,1.5,5.3,7.91,9.5,15.93,16.71,5.0,11.77,14.13,384.0,509.63,451.58,61.5,60.43,20.18,33.95,36.39,26.54,77.5,77.33,10.38,4.5,7.9,9.3,4.0,5.7,5.36,18.0,19.13,15.4,3.5,4.93,6.44,0.3,0.3,0.16,8.0,9.53,7.19,29.5,31.17,21.85,-21.5,-21.63,14.98,-1.55,-1.59,0.48,0.06,0.07,0.73,10.25,11.85,8.5,31.15,30.82,21.58,-18.95,-18.96,13.28,-1.35,-1.44,0.34,0.04,-0.04,0.49,0.0,0.0,0.0,11.5,15.17,14.11,0.0,0.07,0.37,0.0,0.3,0.53,23.0,47.8,45.53,9.0,15.47,21.65,53.55,53.36,22.58
Tottenham,15.6,15.42,7.64,1.0,2.26,3.32,1.0,1.7,2.38,2.0,3.96,5.21,1.0,2.15,3.21,0.0,0.11,0.32,0.0,0.15,0.46,2.0,2.67,2.51,0.0,0.04,0.19,0.7,2.22,3.08,0.7,2.1,2.9,0.9,1.67,2.08,1.8,3.77,4.42,28.0,31.07,29.98,49.0,58.96,47.74,34.0,58.52,70.17,0.05,0.13,0.18,0.07,0.11,0.14,0.13,0.23,0.27,0.05,0.12,0.18,0.13,0.23,0.26,0.05,0.14,0.17,0.08,0.1,0.11,0.13,0.24,0.24,0.05,0.13,0.16,0.13,0.23,0.23,0.0,2.33,7.77,0.0,0.2,0.59,0.0,6.52,21.52,0.0,4.33,14.2,0.0,7.38,21.28,0.0,0.41,1.74,0.0,0.19,0.68,0.0,0.78,2.55,0.0,0.22,0.8,0.0,1.77,5.11,0.0,0.11,0.42,0.0,0.0,0.0,0.0,0.0,0.0,0.0,0.0,0.0,0.0,0.0,0.0,0.0,0.3,1.17,0.0,0.15,0.53,0.0,2.39,7.91,0.0,0.04,0.11,0.0,0.2,0.59,0.0,0.02,0.06,0.0,2.07,6.44,0.0,6.81,21.57,0.0,3.49,10.11,0.0,42.07,159.47,0.0,6.93,24.32,0.0,2.17,6.68,0.0,2.99,8.68,0.0,5.59,16.89,0.0,1.63,5.82,0.0,2.46,7.38,0.0,18.7,64.15,0.0,1.63,6.03,0.0,0.87,2.6,0.0,1.59,6.15,0.0,0.12,0.38,0.0,1.35,3.91,11.0,18.22,18.76,3.0,6.52,7.57,33.3,29.54,21.03,0.92,1.11,0.85,0.27,0.38,0.37,0.05,0.07,0.08,0.13,0.18,0.21,16.4,14.8,6.81,0.06,0.08,0.06,-0.1,0.04,1.06,-0.1,0.04,1.09,10567.0,10162.26,6574.51,2867.0,3428.19,2636.66,274.0,280.04,189.06,90.9,88.85,7.25,278.0,272.41,188.2,300.0,306.37,202.62,89.8,84.66,10.95,36.0,40.48,31.9,63.0,76.48,67.52,54.1,53.94,14.55,0.8,1.34,1.61,0.0,0.04,0.9,7.0,13.85,17.91,43.0,46.44,39.66,8.0,13.67,16.81,1.0,3.07,5.29,773.0,665.44,395.76,43.0,69.48,74.52,1.0,2.0,3.1,2.0,2.59,3.24,14.0,27.85,43.39,5.0,26.11,58.92,0.0,4.0,9.46,0.0,2.44,8.52,0.0,0.0,0.0,2.0,2.33,2.25,12.0,16.15,16.2,18.0,32.37,36.81,1.51,1.83,1.45,15.0,23.96,26.29,0.0,2.48,5.43,0.0,1.96,3.66,0.0,1.33,1.88,0.0,0.44,0.8,2.0,3.89,4.6,0.2,0.23,0.22,2.0,2.89,3.4,0.0,0.26,0.71,0.0,0.3,0.67,0.0,0.26,0.45,0.0,0.15,0.36,0.0,0.04,0.19,17.0,24.44,21.18,9.0,15.33,14.55,5.0,10.56,11.15,8.0,10.0,8.48,4.0,3.89,3.93,8.0,10.96,10.76,47.5,42.61,24.73,9.0,11.19,8.77,9.0,10.7,9.22,10.0,11.93,11.57,25.0,36.37,30.96,22.0,30.33,25.19,1.0,1.52,1.45,928.0,898.19,522.11,63.0,96.11,126.03,24.0,37.04,43.3,9.0,11.41,11.71,37.5,42.23,26.18,14.0,15.74,16.52,49.4,41.86,24.31,620.0,556.7,310.43,5.0,9.22,12.63,19.0,19.85,18.52,15.0,15.74,16.89,651.0,605.07,341.99,70.0,66.37,17.52,41.2,40.58,20.13,81.0,80.63,7.35,7.0,9.63,7.31,5.0,5.59,4.84,21.0,20.56,13.33,3.0,4.44,3.76,1.03,0.96,0.22,27.0,25.93,15.04,26.0,26.37,12.4,0.0,-0.44,5.75,0.0,-0.16,0.5,0.04,-0.07,0.79,22.3,23.89,13.2,26.4,25.67,12.72,-2.1,-1.78,5.2,-0.12,-0.17,0.41,0.0,-0.02,0.66,0.0,0.04,0.19,14.0,16.44,13.52,0.0,0.15,0.46,0.0,0.11,0.42,63.0,61.19,41.91,10.0,15.52,14.94,50.0,50.06,23.61
West Ham,12.9,16.67,10.87,0.0,1.72,3.16,1.0,1.16,1.84,1.0,2.88,4.68,0.0,1.6,2.97,0.0,0.12,0.44,0.0,0.12,0.44,2.0,3.28,2.92,0.0,0.12,0.33,1.5,1.93,2.38,1.5,1.83,2.21,1.2,1.37,1.52,2.8,3.21,3.51,12.0,25.28,32.63,38.0,48.88,44.45,29.0,48.52,62.9,0.0,0.09,0.13,0.04,0.08,0.13,0.08,0.17,0.24,0.0,0.08,0.12,0.08,0.16,0.24,0.08,0.14,0.16,0.09,0.1,0.1,0.19,0.25,0.24,0.08,0.14,0.16,0.19,0.24,0.24,0.0,2.48,9.06,0.0,0.13,0.45,0.0,7.44,26.52,0.0,5.08,18.01,0.0,5.56,19.29,0.0,0.44,1.53,0.0,0.4,1.5,0.0,0.68,2.69,0.0,0.28,1.06,0.0,1.42,4.95,0.0,0.12,0.6,0.0,0.0,0.0,0.0,0.0,0.0,0.0,0.0,0.0,0.0,0.04,0.2,0.0,0.32,1.14,0.0,0.12,0.6,0.0,2.32,8.24,0.0,0.02,0.08,0.0,-0.04,0.62,0.0,0.0,0.03,0.0,8.48,30.52,0.0,24.4,87.48,0.0,2.77,9.6,0.0,47.28,173.24,0.0,6.96,25.8,0.0,3.05,10.62,0.0,2.7,9.37,0.0,11.84,43.26,0.0,4.75,16.44,0.0,3.52,12.19,0.0,24.56,88.64,0.0,1.0,3.54,0.0,0.33,1.15,0.0,1.68,6.37,0.0,0.08,0.3,0.0,1.12,3.9,13.0,18.88,22.21,3.0,5.48,8.15,27.8,22.84,15.75,1.13,1.36,1.09,0.3,0.4,0.41,0.0,0.05,0.06,0.0,0.16,0.2,15.5,15.87,6.85,0.09,0.08,0.05,-0.4,-0.21,1.3,-0.4,-0.23,1.29,9476.0,10322.8,7980.49,2842.0,3626.4,3353.3,247.0,279.12,219.69,90.2,89.0,6.93,212.0,249.08,228.56,246.0,285.32,247.9,86.2,83.47,10.58,48.0,53.76,49.57,92.0,103.08,106.46,54.2,54.64,15.87,0.9,1.28,1.47,-0.1,-0.21,0.87,9.0,13.16,12.92,43.0,42.92,36.16,5.0,10.64,13.43,1.0,2.84,3.91,605.0,665.68,495.26,36.0,64.4,74.56,1.0,2.12,3.77,4.0,5.32,5.94,14.0,24.48,29.45,3.0,24.48,54.66,0.0,3.28,6.97,0.0,2.28,4.87,0.0,0.04,0.2,2.0,2.92,2.23,10.0,13.72,14.58,22.0,32.52,32.81,2.31,2.18,1.42,14.0,23.2,23.62,1.0,2.76,4.16,1.0,1.92,3.51,0.0,1.36,2.18,1.0,0.68,0.75,1.0,2.68,3.85,0.09,0.14,0.17,0.0,1.68,2.9,0.0,0.2,0.5,0.0,0.12,0.33,0.0,0.52,1.05,0.0,0.12,0.33,0.0,0.04,0.2,21.0,26.16,22.09,14.0,15.52,13.2,9.0,12.68,11.66,8.0,10.12,9.4,2.0,3.36,4.08,10.0,11.6,9.79,49.1,47.63,24.47,9.0,9.68,7.95,9.0,10.8,8.45,8.0,13.2,15.86,30.0,39.36,35.72,25.0,41.44,50.56,0.0,1.12,1.74,794.0,913.76,647.13,45.0,117.6,192.29,24.0,33.48,42.07,7.0,13.88,21.71,44.7,47.16,21.92,6.0,14.4,23.98,44.7,39.22,20.82,367.0,470.96,348.53,2.0,7.0,14.25,14.0,19.64,20.67,7.0,15.68,23.5,539.0,587.24,424.94,62.0,57.48,23.48,33.9,43.87,28.62,77.0,74.4,13.03,5.0,9.72,11.04,7.0,6.76,4.76,24.0,22.6,13.03,3.0,6.0,6.81,1.13,1.14,0.23,17.0,20.24,13.86,21.0,27.12,18.22,-6.0,-6.88,5.59,-0.45,-0.51,0.46,-0.13,-0.12,0.71,17.3,20.65,12.96,22.4,26.15,16.97,-5.5,-5.5,4.83,-0.31,-0.27,0.38,0.11,0.02,0.54,0.0,0.08,0.28,17.0,17.72,15.15,0.0,0.08,0.28,0.0,0.12,0.44,52.0,62.04,50.49,11.0,23.44,28.88,50.0,51.86,17.33
Wolves,15.45,17.31,10.73,1.0,2.21,3.98,1.0,1.75,2.35,2.0,3.96,5.63,1.0,2.21,3.98,0.0,0.0,0.0,0.0,0.0,0.0,2.5,3.29,2.99,0.0,0.08,0.28,0.8,1.83,2.59,0.8,1.83,2.59,0.9,1.47,1.92,1.65,3.32,4.16,12.5,25.08,30.23,35.5,49.0,46.13,31.5,48.46,52.74,0.06,0.11,0.15,0.03,0.09,0.12,0.12,0.2,0.23,0.06,0.11,0.15,0.12,0.2,0.23,0.08,0.11,0.11,0.06,0.07,0.07,0.12,0.18,0.17,0.08,0.11,0.11,0.12,0.18,0.17,0.0,2.88,10.24,0.0,0.25,0.7,0.0,7.0,24.83,0.0,4.17,14.65,0.0,7.98,21.57,0.0,0.5,2.25,0.0,0.25,1.03,0.0,0.83,2.87,0.0,0.33,1.43,0.0,3.09,11.14,0.0,0.29,1.08,0.0,0.08,0.41,0.0,0.0,0.0,0.0,1.19,5.84,0.0,0.08,0.28,0.0,0.46,1.56,0.0,0.12,0.45,0.0,2.49,9.01,0.0,0.04,0.11,0.0,-0.26,0.87,0.0,-0.02,0.09,0.0,6.38,21.48,0.0,22.17,81.08,0.0,4.09,11.3,0.0,44.79,163.19,0.0,6.46,25.07,0.0,4.58,12.76,0.0,4.16,11.33,0.0,7.83,30.8,0.0,7.09,19.21,0.0,5.46,14.78,0.0,23.38,89.67,0.0,1.67,6.66,0.0,0.63,2.13,0.0,2.38,8.95,0.0,0.19,0.51,0.0,1.89,5.12,9.5,17.88,23.8,3.0,6.42,10.45,28.2,26.63,18.49,0.72,0.98,0.91,0.22,0.33,0.39,0.06,0.09,0.11,0.22,0.23,0.25,17.1,15.57,7.74,0.08,0.09,0.05,0.0,0.38,1.66,0.0,0.38,1.66,8441.5,10192.38,7370.32,3073.0,3474.0,2780.71,162.5,284.21,261.57,90.55,89.08,7.04,190.0,244.33,190.38,236.0,277.62,207.09,87.1,85.58,9.44,54.0,51.83,38.75,94.0,103.62,97.13,54.0,52.7,15.03,0.7,1.09,1.33,0.0,0.28,1.13,9.5,13.33,14.29,27.0,41.88,36.94,4.5,11.29,13.67,1.0,2.88,3.75,551.5,668.0,485.34,34.5,69.92,81.82,1.0,2.29,3.16,3.5,5.08,5.89,10.0,23.38,34.34,3.5,28.62,62.18,0.0,4.08,10.03,0.0,1.29,4.71,0.0,0.12,0.61,1.5,2.58,2.55,9.5,13.42,11.59,21.5,31.25,31.66,1.73,1.71,1.12,18.5,22.62,19.49,1.0,2.38,4.12,1.0,2.42,4.24,0.0,1.42,2.83,0.0,0.92,1.35,3.0,4.0,4.17,0.19,0.24,0.21,2.0,3.21,3.16,0.0,0.21,0.41,0.0,0.29,0.86,0.0,0.04,0.2,0.0,0.08,0.28,0.0,0.17,0.38,23.5,33.25,31.32,12.5,19.62,19.86,11.5,17.17,16.77,9.0,12.62,13.24,3.0,3.46,3.31,12.5,15.46,14.07,60.5,53.6,25.25,8.5,12.17,13.61,10.5,12.46,10.9,9.5,12.25,10.56,30.0,45.5,41.05,21.5,39.08,39.94,1.0,1.0,1.32,772.5,924.58,647.88,56.0,107.29,160.2,21.0,30.21,35.16,8.0,13.38,17.26,42.25,38.75,25.46,7.0,13.04,16.78,41.3,37.9,25.53,386.0,517.25,359.8,3.0,6.04,9.76,20.5,24.54,24.47,10.5,15.29,16.64,483.5,594.54,425.03,76.0,66.0,24.03,40.55,45.57,28.24,84.0,81.04,8.75,10.0,10.42,8.74,3.0,6.42,7.18,16.5,16.38,13.48,3.0,4.88,5.56,1.1,1.05,0.37,21.0,24.75,15.26,28.0,31.42,17.84,-7.0,-6.67,6.08,-0.46,-0.51,0.47,-0.14,-0.05,1.03,17.6,19.88,12.23,24.55,26.52,15.29,-5.95,-6.63,4.06,-0.4,-0.49,0.39,-0.09,-0.08,0.51,0.0,0.08,0.28,16.5,19.92,18.23,0.0,0.0,0.0,0.0,0.38,0.88,42.5,68.83,57.01,11.0,18.71,18.52,41.2,49.21,24.67
