#OPA,#OPA/90,+/-,+/-90,/90,1/3,2CrdY,90s,A-xAG,Age,Ast,Ast.1,Att,Att (GK),Att 3rd,Att Pen,Att.1,Att.2,Att.3,AvgDist,AvgLen,AvgLen.1,Blocks,Born,CK,CPA,CS,CS%,Carries,Clr,Cmp,Cmp%,Cmp%.1,Cmp%.2,Cmp%.3,Cmp.1,Cmp.2,Cmp.3,Compl,CrdR,CrdY,Crs,CrsPA,D,Dead,Def,Def 3rd,Def Pen,Def.1,Dis,Dist,Err,FK,Fld,Fld.1,Fls,G+A,G+A-PK,G+A.1,G-PK,G-PK.1,G-xG,G/Sh,G/SoT,GA,GA90,GCA,GCA90,Gls,Gls.1,In,Int,KP,L,Launch%,Launch%.1,Live,Lost,MP,Matches,Mid 3rd,Min,Min%,Mis,Mn/MP,Mn/Start,Mn/Sub,Nation,OG,Off,On-Off,On-Off.1,Opp,Out,PK,PKA,PKatt,PKcon,PKm,PKsv,PKwon,PPA,PPM,PSxG,PSxG+/-,PSxG/SoT,Pass,PassDead,PassDead.1,PassLive,PassLive.1,Player,Pos,PrgC,PrgDist,PrgP,PrgR,Rec,Recov,SCA,SCA90,Save%,Save%.1,Saves,Sh,Sh.1,Sh/90,SoT,SoT%,SoT/90,SoTA,Squad,Starts,Stp,Stp%,Str,Subs,Succ,Succ%,Sw,TB,TI,TO,TO.1,Thr,Tkl,Tkl%,Tkl+Int,Tkl.1,TklW,Tkld,Tkld%,TotDist,Touches,W,Won,Won%,np:G-xG,npxG,npxG+xAG,npxG+xAG.1,npxG.1,npxG/Sh,onG,onGA,onxG,onxGA,unSub,xA,xAG,xAG.1,xG,xG+/-,xG+/-90,xG+xAG,xG.1
N/A,N/A,+18,+0.80,N/A,177,0,22.4,-0.4,29,0,0.00,N/A,N/A,3,19,N/A,795,113,N/A,N/A,N/A,6,1995,N/A,0,N/A,N/A,1254,64,N/A,N/A,95.6,95.2,74.3,776,757,84,20,0,3,11,2,N/A,36,0,12,119,0,5,14.7,3,N/A,0,0,17,0,0.00,0.00,0,0.00,-1.6,0.00,0.00,N/A,N/A,3,0.13,0,0.00,0,9,9,N/A,N/A,N/A,1707,6,26,Matches,4,2014.0,58.9,5,77,86,12,ch SUI,N/A,1,+0.16,+0.28,N/A,0,0,N/A,0,0,N/A,N/A,0,11,2.04,N/A,N/A,N/A,3,0,0,37,3,Manuel Akanji,DF,46,7578,158,7,1483,103,37,1.65,N/A,N/A,N/A,15,0,0.67,2,13.3,0.09,N/A,Manchester City,23,N/A,N/A,0,3,2,100.0,10,4,10,0,0,N/A,19,64.7,28,11,12,0,0.0,27046,1881,N/A,30,47.6,-1.6,1.6,1.9,0.09,0.07,0.10,46,28,43.7,29.1,2,1.3,0.4,0.02,1.6,+14.6,+0.65,0.09,0.07
N/A,N/A,0,0.00,N/A,42,0,7.5,0.0,29,0,0.00,N/A,N/A,0,5,N/A,244,34,N/A,N/A,N/A,3,1995,N/A,1,N/A,N/A,403,22,N/A,N/A,98.0,97.1,58.8,248,237,20,2,0,0,1,0,N/A,26,0,7,51,0,3,10.0,1,N/A,0,0,2,0,0.00,0.00,0,0.00,-0.2,0.00,N/A,N/A,N/A,0,0.00,0,0.00,0,3,1,N/A,N/A,N/A,514,2,10,Matches,2,678.0,19.8,4,68,79,24,nl NED,N/A,2,-0.92,-0.82,N/A,0,0,N/A,0,0,N/A,N/A,0,1,1.40,N/A,N/A,N/A,5,0,0,8,0,Nathan Aké,DF,12,2950,50,2,449,24,8,1.06,N/A,N/A,N/A,3,0,0.40,0,0.0,0.00,N/A,Manchester City,8,N/A,N/A,0,2,1,100.0,0,0,7,0,0,N/A,9,66.7,12,4,7,0,0.0,8321,596,N/A,13,56.5,-0.2,0.2,0.2,0.03,0.03,0.07,11,11,12.6,13.5,9,0.2,0.0,0.00,0.2,-0.9,-0.12,0.03,0.03
N/A,N/A,+23,+1.22,N/A,88,0,18.9,-1.0,33,7,0.37,N/A,N/A,5,79,N/A,449,159,N/A,N/A,N/A,28,1991,N/A,20,N/A,N/A,812,10,N/A,N/A,85.5,77.1,56.6,459,346,90,7,0,2,145,13,N/A,160,2,7,10,0,28,21.4,1,N/A,3,0,17,11,0.58,0.58,4,0.21,-1.1,0.07,0.27,N/A,N/A,11,0.58,4,0.21,33,7,57,N/A,N/A,N/A,1031,18,28,Matches,5,1702.0,49.8,26,61,83,15,be BEL,N/A,5,+0.95,+0.32,N/A,20,0,N/A,0,0,N/A,N/A,0,59,1.82,N/A,N/A,N/A,8,26,1,73,9,Kevin De Bruyne,"MF,FW",51,4454,157,150,1021,64,113,5.97,N/A,N/A,N/A,57,1,3.01,15,26.3,0.79,N/A,Manchester City,19,N/A,N/A,2,9,13,38.2,10,15,18,3,0,N/A,17,21.7,24,5,9,17,50.0,15487,1368,N/A,5,23.8,-1.1,5.1,13.1,0.69,0.27,0.09,42,19,34.4,21.1,5,6.7,8.0,0.42,5.1,+13.2,+0.70,0.69,0.27
N/A,N/A,+29,+1.15,N/A,222,0,25.2,-0.3,27,0,0.00,N/A,N/A,1,26,N/A,1159,177,N/A,N/A,N/A,14,1997,N/A,1,N/A,N/A,1775,71,N/A,N/A,96.9,96.5,67.8,900,1118,120,25,0,4,3,0,N/A,80,2,7,216,0,1,19.4,4,N/A,0,0,12,0,0.00,0.00,0,0.00,-1.5,0.00,0.00,N/A,N/A,1,0.04,0,0.00,0,20,5,N/A,N/A,N/A,2234,6,27,Matches,9,2271.0,66.4,8,84,90,11,pt POR,N/A,3,+1.23,+0.46,N/A,0,0,N/A,0,1,N/A,N/A,0,12,2.11,N/A,N/A,N/A,3,0,0,17,1,Rúben Dias,DF,43,12143,160,8,2016,78,26,1.03,N/A,N/A,N/A,21,0,0.83,7,33.3,0.28,N/A,Manchester City,25,N/A,N/A,0,2,2,66.7,10,0,2,0,0,N/A,17,53.8,37,7,11,1,33.3,37644,2499,N/A,37,52.1,-1.5,1.5,1.8,0.07,0.06,0.07,50,21,46.2,28.8,0,1.2,0.3,0.01,1.5,+17.5,+0.69,0.07,0.06
N/A,N/A,+20,+1.19,N/A,12,0,16.8,+1.2,22,6,0.36,N/A,N/A,10,161,N/A,226,21,N/A,N/A,N/A,30,2002,N/A,109,N/A,N/A,796,2,N/A,N/A,86.4,81.0,66.7,400,183,14,6,0,1,59,6,N/A,3,1,9,4,0,59,17.7,0,N/A,3,0,10,9,0.53,0.53,3,0.18,+1.7,0.10,0.33,N/A,N/A,14,0.83,3,0.18,0,4,32,N/A,N/A,N/A,757,7,29,Matches,12,1516.0,44.3,59,52,81,17,be BEL,N/A,2,+0.81,+1.07,N/A,0,0,N/A,0,0,N/A,N/A,0,48,1.90,N/A,N/A,N/A,10,1,0,60,11,Jeremy Doku,"FW,MF",213,1506,69,286,854,63,79,4.69,N/A,N/A,N/A,29,0,1.72,9,31.0,0.53,N/A,Manchester City,16,N/A,N/A,0,13,107,53.2,0,8,1,13,3,N/A,31,53.3,35,8,22,60,29.9,8464,1027,N/A,0,0.0,+1.7,1.3,6.1,0.36,0.08,0.05,34,14,33.5,14.4,4,3.8,4.8,0.29,1.3,+19.1,+1.13,0.36,0.08
49,1.90,+23,+0.89,+0.19,21,0,25.8,+2.5,30,4,0.16,165,846,0,0,77,479,297,17.5,27.9,31.9,1,1993,3,0,10,38.5,654,11,72,43.6,100.0,98.3,65.3,142,471,194,25,0,4,0,0,4,106,0,0,689,0,0,N/A,4,0,0,0,1,4,0.16,0.16,0,0.00,0.0,N/A,N/A,26,1.01,4,0.16,0,0.00,0,1,4,6,17.4,23.4,817,2,26,Matches,0,2320.0,67.8,1,89,89,N/A,br BRA,1,0,+0.48,+0.78,224,0,0,2,0,1,0,0,0,1,2.00,30.0,+5.0,0.37,0,0,0,6,4,Ederson,GK,0,13212,2,0,616,42,6,0.23,69.2,0.0,53,0,0,0.00,0,N/A,0.00,78,Manchester City,26,13,5.8,0,0,0,N/A,2,1,0,0,0,108,0,0.0,1,0,0,0,N/A,19885,975,16,4,80.0,0.0,0.0,1.5,0.06,0.00,N/A,49,26,49.0,28.7,4,0.2,1.5,0.06,0.0,+20.3,+0.79,0.06,0.00
N/A,N/A,+6,+0.30,N/A,41,0,19.7,-2.8,24,2,0.10,N/A,N/A,4,83,N/A,271,112,N/A,N/A,N/A,26,2000,N/A,17,N/A,N/A,722,7,N/A,N/A,90.9,89.3,59.8,469,242,67,10,0,2,80,6,N/A,83,0,5,13,0,31,18.6,1,N/A,3,0,5,9,0.46,0.46,7,0.35,+1.8,0.13,0.44,N/A,N/A,9,0.46,7,0.35,30,9,43,N/A,N/A,N/A,854,11,28,Matches,4,1777.0,52.0,36,63,81,20,eng ENG,N/A,4,-0.90,-0.86,N/A,8,0,N/A,0,0,N/A,N/A,0,39,1.54,N/A,N/A,N/A,12,18,1,58,5,Phil Foden,"MF,FW",50,2615,103,128,894,61,88,4.46,N/A,N/A,N/A,54,3,2.73,16,29.6,0.81,N/A,Manchester City,20,N/A,N/A,1,8,14,32.6,2,7,5,3,0,N/A,13,38.9,22,7,5,23,53.5,12385,1139,N/A,3,25.0,+1.8,5.2,9.9,0.50,0.26,0.10,30,24,31.2,28.8,5,5.3,4.8,0.24,5.2,+2.4,+0.12,0.50,0.26
N/A,N/A,+10,+1.18,N/A,52,0,8.4,-0.1,22,0,0.00,N/A,N/A,4,10,N/A,242,22,N/A,N/A,N/A,5,2002,N/A,3,N/A,N/A,425,21,N/A,N/A,96.0,92.1,63.6,332,223,14,5,0,3,1,0,N/A,21,0,5,18,0,11,19.5,0,N/A,1,1,13,1,0.12,0.12,1,0.12,+0.5,0.11,0.50,N/A,N/A,3,0.35,1,0.12,0,8,1,N/A,N/A,N/A,603,5,11,Matches,7,760.0,22.2,8,69,82,12,es ESP,N/A,1,+0.58,+0.52,N/A,0,0,N/A,0,0,N/A,N/A,0,4,2.27,N/A,N/A,N/A,9,0,0,13,2,Nicolás González,MF,9,1985,50,11,535,31,15,1.77,N/A,N/A,N/A,9,0,1.07,2,22.2,0.24,N/A,Manchester City,9,N/A,N/A,0,2,1,16.7,0,1,2,0,0,N/A,16,54.5,24,6,6,3,50.0,8643,713,N/A,16,57.1,+0.5,0.5,0.5,0.06,0.06,0.05,17,7,16.5,8.5,3,0.5,0.1,0.01,0.5,+8.0,+0.94,0.06,0.06
N/A,N/A,+7,+0.87,N/A,23,0,8.0,-0.8,28,1,0.12,N/A,N/A,3,71,N/A,131,26,N/A,N/A,N/A,11,1995,N/A,46,N/A,N/A,376,6,N/A,N/A,93.2,87.8,69.2,247,115,18,2,0,3,20,0,N/A,18,1,4,15,1,16,16.3,1,N/A,1,0,5,2,0.25,0.25,1,0.12,-0.1,0.07,0.20,N/A,N/A,2,0.25,1,0.12,4,2,24,N/A,N/A,N/A,418,3,20,Matches,2,721.0,21.1,10,36,81,12,eng ENG,N/A,0,+0.17,-0.11,N/A,0,0,N/A,0,0,N/A,N/A,0,16,2.00,N/A,N/A,N/A,10,1,0,41,1,Jack Grealish,"FW,MF",69,986,52,118,423,26,47,5.86,N/A,N/A,N/A,15,0,1.87,5,33.3,0.62,N/A,Manchester City,7,N/A,N/A,0,13,13,44.8,0,0,4,3,0,N/A,9,40.0,11,2,5,9,31.0,5685,521,N/A,1,12.5,-0.1,1.1,3.0,0.37,0.14,0.08,17,10,14.8,11.2,12,1.7,1.8,0.23,1.1,+3.6,+0.45,0.37,0.14
N/A,N/A,+25,+1.01,N/A,108,0,24.7,+2.5,33,6,0.24,N/A,N/A,5,67,N/A,565,155,N/A,N/A,N/A,21,1990,N/A,11,N/A,N/A,1118,23,N/A,N/A,94.4,92.0,65.8,871,520,102,12,0,1,60,2,N/A,108,0,5,45,0,25,18.1,0,N/A,1,1,15,7,0.28,0.28,1,0.04,-2.2,0.04,0.14,N/A,N/A,13,0.53,1,0.04,31,13,44,N/A,N/A,N/A,1590,14,33,Matches,15,2223.0,65.0,29,67,84,14,de GER,N/A,5,+0.79,-0.44,N/A,4,0,N/A,0,0,N/A,N/A,1,23,1.94,N/A,N/A,N/A,15,11,1,67,10,İlkay Gündoğan,MF,64,4511,127,96,1480,116,88,3.56,N/A,N/A,N/A,27,1,1.09,7,25.9,0.28,N/A,Manchester City,25,N/A,N/A,1,8,17,41.5,3,7,4,5,0,N/A,25,41.7,38,10,13,16,39.0,23600,1892,N/A,14,56.0,-2.2,3.2,6.7,0.27,0.13,0.12,53,28,44.4,35.0,4,4.4,3.5,0.14,3.2,+9.5,+0.38,0.27,0.13
N/A,N/A,+29,+0.80,N/A,247,0,36.4,-2.1,22,0,0.00,N/A,N/A,12,98,N/A,1217,162,N/A,N/A,N/A,33,2002,N/A,15,N/A,N/A,1997,122,N/A,N/A,94.0,92.7,66.0,1198,1128,107,33,0,2,22,1,N/A,211,0,25,146,0,16,12.9,8,N/A,1,0,16,5,0.14,0.14,5,0.14,+0.4,0.13,0.42,N/A,N/A,7,0.19,5,0.14,0,44,26,N/A,N/A,N/A,2502,19,37,Matches,21,3277.0,95.8,29,89,90,45,hr CRO,N/A,8,+1.43,+2.34,N/A,0,0,N/A,0,0,N/A,N/A,0,20,1.92,N/A,N/A,N/A,22,1,0,69,6,Joško Gvardiol,DF,91,10760,264,121,2257,137,76,2.09,N/A,N/A,N/A,40,0,1.10,12,30.0,0.33,N/A,Manchester City,36,N/A,N/A,0,1,25,58.1,11,6,163,2,1,N/A,58,52.5,102,21,39,14,32.6,39905,3103,N/A,54,56.8,+0.7,4.3,6.3,0.17,0.12,0.11,70,41,66.4,43.3,1,2.9,2.1,0.06,4.6,+23.1,+0.63,0.18,0.13
N/A,N/A,+20,+0.66,N/A,10,0,30.4,0.0,24,3,0.10,N/A,N/A,5,190,N/A,84,6,N/A,N/A,N/A,10,2000,N/A,23,N/A,N/A,310,23,N/A,N/A,71.1,70.2,66.7,175,59,4,25,0,2,3,1,N/A,7,0,3,22,0,27,12.3,0,N/A,2,0,24,25,0.72,0.82,19,0.62,0.0,0.18,0.35,N/A,N/A,9,0.30,22,0.72,0,5,29,N/A,N/A,N/A,372,5,31,Matches,3,2736.0,80.0,45,88,88,N/A,no NOR,N/A,2,-0.39,-0.10,N/A,0,3,N/A,4,0,N/A,N/A,0,8,1.77,N/A,N/A,N/A,11,0,0,51,6,Erling Haaland,FW,24,593,20,124,478,34,71,2.34,N/A,N/A,N/A,104,1,3.42,55,52.9,1.81,N/A,Manchester City,31,N/A,N/A,0,0,13,36.1,0,1,1,8,2,N/A,11,37.5,16,3,6,20,55.6,3086,639,N/A,57,53.3,+0.2,18.8,21.8,0.72,0.62,0.19,58,38,56.2,40.5,1,2.0,3.0,0.10,22.0,+15.7,+0.52,0.82,0.72
N/A,N/A,+2,+0.36,N/A,23,0,5.6,-0.1,20,0,0.00,N/A,N/A,0,1,N/A,197,23,N/A,N/A,N/A,3,2004,N/A,0,N/A,N/A,274,29,N/A,N/A,94.7,97.0,26.1,160,191,6,5,0,1,1,0,N/A,10,0,4,45,0,1,23.9,1,N/A,0,0,3,0,0.00,0.00,0,0.00,0.0,0.00,N/A,N/A,N/A,0,0.00,0,0.00,0,3,2,N/A,N/A,N/A,385,1,6,Matches,1,503.0,14.7,2,84,84,N/A,uz UZB,N/A,0,-0.44,-0.19,N/A,0,0,N/A,0,0,N/A,N/A,0,0,1.67,N/A,N/A,N/A,1,0,0,5,0,Abdukodir Khusanov,DF,1,1976,25,2,332,27,5,0.89,N/A,N/A,N/A,1,0,0.18,0,0.0,0.00,N/A,Manchester City,6,N/A,N/A,0,0,0,0.0,1,0,3,0,0,N/A,5,66.7,8,2,4,2,100.0,6126,445,N/A,6,60.0,0.0,0.0,0.1,0.02,0.00,0.02,8,6,9.0,7.0,5,0.1,0.1,0.02,0.0,+2.1,+0.37,0.02,0.00
N/A,N/A,+22,+0.90,N/A,206,0,24.4,-1.6,30,2,0.08,N/A,N/A,8,17,N/A,770,105,N/A,N/A,N/A,14,1994,N/A,3,N/A,N/A,1445,21,N/A,N/A,95.0,95.5,65.7,919,735,69,12,1,5,0,0,N/A,33,1,23,53,0,29,22.9,1,N/A,4,0,24,8,0.33,0.33,6,0.25,+4.1,0.13,0.50,N/A,N/A,8,0.33,6,0.25,0,24,33,N/A,N/A,N/A,1845,34,31,Matches,38,2198.0,64.3,19,71,82,26,hr CRO,N/A,4,+0.46,+0.12,N/A,0,0,N/A,0,0,N/A,N/A,0,30,1.94,N/A,N/A,N/A,20,0,0,59,6,Mateo Kovačić,MF,56,7278,164,16,1729,114,73,2.99,N/A,N/A,N/A,45,1,1.84,12,26.7,0.49,N/A,Manchester City,25,N/A,N/A,0,6,22,53.7,8,15,0,4,1,N/A,69,47.7,93,31,38,11,26.8,27279,2123,N/A,10,52.6,+4.1,1.9,5.5,0.23,0.08,0.04,50,28,45.2,31.1,2,3.2,3.6,0.15,1.9,+14.2,+0.58,0.23,0.08
N/A,N/A,+14,+0.67,N/A,92,1,21.0,+1.7,19,2,0.10,N/A,N/A,5,46,N/A,466,44,N/A,N/A,N/A,22,2004,N/A,8,N/A,N/A,865,45,N/A,N/A,94.6,94.0,63.6,721,438,28,14,1,5,6,0,N/A,127,0,13,53,0,19,15.8,1,N/A,1,0,12,3,0.14,0.14,1,0.05,-0.4,0.10,0.50,N/A,N/A,3,0.14,1,0.05,0,13,7,N/A,N/A,N/A,1185,8,28,Matches,12,1893.0,55.4,20,68,85,16,eng ENG,N/A,0,-0.16,-0.16,N/A,0,0,N/A,0,0,N/A,N/A,0,14,1.82,N/A,N/A,N/A,21,0,0,30,3,Rico Lewis,"DF,MF",39,3228,107,78,1061,95,31,1.47,N/A,N/A,N/A,10,0,0.48,2,20.0,0.10,N/A,Manchester City,21,N/A,N/A,0,7,9,42.9,0,3,102,0,0,N/A,30,61.9,43,13,19,11,52.4,17279,1477,N/A,6,30.0,-0.4,1.4,1.7,0.08,0.07,0.14,41,27,37.0,27.2,8,1.0,0.3,0.02,1.4,+9.8,+0.46,0.08,0.07
N/A,N/A,+14,+1.07,N/A,10,0,13.1,-2.8,25,0,0.00,N/A,N/A,2,68,N/A,88,16,N/A,N/A,N/A,3,1999,N/A,15,N/A,N/A,320,3,N/A,N/A,85.0,78.4,56.3,164,69,9,4,0,0,28,4,N/A,24,0,2,6,0,19,18.6,0,N/A,7,1,15,7,0.54,0.54,7,0.54,+1.5,0.14,0.41,N/A,N/A,2,0.15,7,0.54,8,6,15,N/A,N/A,N/A,291,8,16,Matches,9,1175.0,34.4,45,73,82,15,eg EGY,N/A,3,+0.51,+0.33,N/A,3,0,N/A,0,0,N/A,N/A,1,29,2.06,N/A,N/A,N/A,14,3,0,22,1,Omar Marmoush,"FW,MF",29,849,37,78,361,37,39,2.99,N/A,N/A,N/A,49,0,3.75,17,34.7,1.30,N/A,Manchester City,14,N/A,N/A,0,2,20,43.5,0,2,1,2,0,N/A,13,50.0,19,8,8,21,45.7,3443,504,N/A,5,31.3,+1.5,5.5,8.3,0.64,0.42,0.11,26,12,23.9,14.1,0,2.1,2.8,0.21,5.5,+9.8,+0.75,0.64,0.42
N/A,N/A,+3,+0.77,N/A,7,0,3.9,-0.5,21,0,0.00,N/A,N/A,1,21,N/A,45,9,N/A,N/A,N/A,4,2002,N/A,1,N/A,N/A,96,1,N/A,N/A,87.7,88.9,33.3,57,40,3,0,0,1,8,0,N/A,3,0,0,2,0,1,14.3,0,N/A,0,0,6,3,0.77,0.77,3,0.77,+0.2,0.25,0.75,N/A,N/A,1,0.26,3,0.77,1,2,3,N/A,N/A,N/A,122,6,15,Matches,4,349.0,10.2,5,23,66,13,eng ENG,N/A,0,+0.04,+0.06,N/A,0,0,N/A,0,0,N/A,N/A,0,2,2.33,N/A,N/A,N/A,8,0,0,3,0,James Mcatee,"MF,FW",7,254,7,32,122,8,4,1.03,N/A,N/A,N/A,12,0,3.09,4,33.3,1.03,N/A,Manchester City,3,N/A,N/A,0,12,2,28.6,0,1,0,1,1,N/A,5,14.3,7,1,2,5,71.4,1491,168,N/A,2,40.0,+0.2,2.8,3.3,0.85,0.72,0.23,9,6,7.5,5.2,20,0.8,0.5,0.13,2.8,+2.3,+0.59,0.85,0.72
N/A,N/A,+14,+0.75,N/A,53,0,18.6,+1.6,25,6,0.32,N/A,N/A,6,62,N/A,458,81,N/A,N/A,N/A,24,1998,N/A,24,N/A,N/A,866,38,N/A,N/A,91.9,86.9,65.4,598,398,53,16,0,4,45,7,N/A,130,0,15,47,0,13,19.0,2,N/A,3,0,30,7,0.38,0.38,1,0.05,-0.2,0.11,0.25,N/A,N/A,8,0.43,1,0.05,5,15,23,N/A,N/A,N/A,1103,22,26,Matches,14,1674.0,48.9,32,64,86,5,pt POR,N/A,1,+0.03,-0.26,N/A,0,0,N/A,0,1,N/A,N/A,0,26,2.08,N/A,N/A,N/A,13,2,0,35,5,Matheus Nunes,"DF,MF",63,2994,79,175,1013,70,46,2.47,N/A,N/A,N/A,9,2,0.48,4,44.4,0.22,N/A,Manchester City,19,N/A,N/A,0,7,19,46.3,8,3,109,3,1,N/A,35,42.1,50,16,22,14,34.1,16409,1416,N/A,14,42.4,-0.2,1.2,5.6,0.30,0.07,0.14,33,19,31.9,24.4,9,3.3,4.4,0.23,1.2,+7.5,+0.41,0.30,0.07
12,0.98,+5,+0.41,-0.06,6,0,12.2,0.0,31,0,0.00,104,409,0,0,49,196,154,14.3,26.7,28.2,1,1992,1,0,3,25.0,323,11,40,38.5,97.1,96.9,51.3,102,190,79,12,0,1,0,0,4,70,0,0,383,0,0,N/A,1,1,0,0,1,0,0.00,0.00,0,0.00,0.0,N/A,N/A,18,1.47,0,0.00,0,0.00,0,0,0,3,21.5,32.7,388,1,13,Matches,0,1100.0,32.2,0,85,90,20,de GER,1,1,-0.48,-0.78,133,0,0,2,0,1,0,0,0,0,1.69,16.3,-0.7,0.31,0,0,0,0,0,Stefan Ortega,GK,0,5597,0,0,309,8,0,0.00,68.0,0.0,33,0,0,0.00,0,N/A,0.00,50,Manchester City,12,6,4.5,0,1,0,N/A,2,0,0,0,0,55,0,0.0,0,0,0,0,N/A,8327,492,5,2,100.0,0.0,0.0,0.0,0.00,0.00,N/A,23,18,19.1,19.0,25,0.0,0.0,0.00,0.0,+0.1,+0.01,0.00,0.00
N/A,N/A,+9,+1.53,N/A,28,0,5.9,-0.4,19,0,0.00,N/A,N/A,3,18,N/A,109,7,N/A,N/A,N/A,3,2005,N/A,0,N/A,N/A,249,12,N/A,N/A,92.5,80.7,42.9,209,88,3,4,0,0,8,1,N/A,41,0,3,14,0,15,15.4,0,N/A,1,0,6,2,0.34,0.34,2,0.34,+0.7,0.25,0.67,N/A,N/A,2,0.34,2,0.34,0,4,4,N/A,N/A,N/A,311,4,9,Matches,3,528.0,15.4,14,59,82,13,eng ENG,N/A,1,+0.94,+0.51,N/A,0,0,N/A,0,0,N/A,N/A,0,1,2.56,N/A,N/A,N/A,4,1,0,9,2,Nico O’Reilly,DF,16,780,17,26,298,31,12,2.05,N/A,N/A,N/A,8,0,1.36,3,37.5,0.51,N/A,Manchester City,6,N/A,N/A,0,3,9,60.0,0,1,36,1,0,N/A,9,50.0,13,4,4,6,40.0,4042,419,N/A,6,40.0,+0.7,1.3,1.6,0.28,0.22,0.16,12,3,11.1,5.5,21,0.7,0.4,0.06,1.3,+5.7,+0.97,0.28,0.22
N/A,N/A,+7,+0.36,N/A,19,0,19.6,+1.1,20,8,0.41,N/A,N/A,8,154,N/A,283,56,N/A,N/A,N/A,33,2004,N/A,75,N/A,N/A,783,9,N/A,N/A,90.0,80.2,55.4,423,227,31,7,0,3,84,8,N/A,32,3,5,14,1,38,17.6,1,N/A,7,1,17,9,0.46,0.46,1,0.05,-4.0,0.02,0.05,N/A,N/A,15,0.76,1,0.05,10,6,46,N/A,N/A,N/A,824,9,29,Matches,10,1766.0,51.6,42,61,79,13,br BRA,N/A,0,-0.79,+0.49,N/A,2,0,N/A,0,0,N/A,N/A,2,47,1.69,N/A,N/A,N/A,12,2,0,80,10,Sávio,"FW,MF",137,1727,67,246,852,79,111,5.66,N/A,N/A,N/A,55,1,2.80,21,38.2,1.07,N/A,Manchester City,21,N/A,N/A,0,8,52,46.0,7,5,9,15,2,N/A,23,52.6,29,10,17,40,35.4,10296,1095,N/A,1,33.3,-4.0,5.0,11.9,0.61,0.26,0.09,32,25,36.1,21.0,7,6.1,6.9,0.35,5.0,+15.1,+0.77,0.61,0.26
N/A,N/A,+13,+0.44,N/A,87,0,29.7,-1.1,29,4,0.13,N/A,N/A,9,141,N/A,634,124,N/A,N/A,N/A,35,1994,N/A,32,N/A,N/A,1288,32,N/A,N/A,92.4,87.4,66.1,877,554,82,28,0,7,60,7,N/A,128,0,17,50,0,34,12.4,3,N/A,3,0,27,8,0.27,0.27,4,0.13,+0.1,0.13,0.36,N/A,N/A,8,0.27,4,0.13,5,23,53,N/A,N/A,N/A,1654,31,33,Matches,30,2670.0,78.1,25,81,90,15,pt POR,N/A,1,-1.36,-0.90,N/A,0,0,N/A,0,0,N/A,N/A,0,40,1.79,N/A,N/A,N/A,29,3,0,81,8,Bernardo Silva,"MF,FW",101,4501,134,200,1518,107,92,3.10,N/A,N/A,N/A,32,0,1.08,11,34.4,0.37,N/A,Manchester City,29,N/A,N/A,0,4,28,45.9,6,4,44,4,0,N/A,56,44.6,79,25,37,26,42.6,23646,2054,N/A,5,33.3,+0.1,3.9,9.0,0.30,0.13,0.12,49,36,49.0,38.9,5,4.5,5.1,0.17,3.9,+10.1,+0.34,0.30,0.13
N/A,N/A,-1,-0.94,N/A,3,0,1.1,0.0,18,0,0.00,N/A,N/A,0,1,N/A,59,7,N/A,N/A,N/A,0,2005,N/A,0,N/A,N/A,79,2,N/A,N/A,95.9,96.6,42.9,47,57,3,1,0,1,0,0,N/A,5,0,1,9,0,0,N/A,0,N/A,0,0,0,0,0.00,0.00,0,0.00,0.0,N/A,N/A,N/A,N/A,0,0.00,0,0.00,0,0,0,N/A,N/A,N/A,110,1,2,Matches,0,96.0,2.8,1,48,90,6,eng ENG,N/A,0,-1.72,-0.70,N/A,0,0,N/A,0,0,N/A,N/A,0,0,0.50,N/A,N/A,N/A,0,0,0,0,0,Jahmai Simpson-Pusey,DF,1,549,3,0,101,3,0,0.00,N/A,N/A,N/A,0,0,0.00,0,N/A,0.00,N/A,Manchester City,1,N/A,N/A,0,1,0,0.0,0,0,1,0,0,N/A,1,0.0,1,0,0,0,0.0,1754,123,N/A,1,25.0,0.0,0.0,0.0,0.00,0.00,N/A,1,2,2.2,2.3,8,0.0,0.0,0.00,0.0,-0.2,-0.14,0.00,0.00
N/A,N/A,+3,+0.49,N/A,42,0,6.1,-0.1,30,0,0.00,N/A,N/A,1,4,N/A,174,40,N/A,N/A,N/A,2,1994,N/A,0,N/A,N/A,292,19,N/A,N/A,94.4,92.5,77.5,169,161,31,3,0,1,0,0,N/A,13,0,3,40,0,0,5.1,1,N/A,0,0,2,2,0.33,0.33,2,0.33,+1.6,1.00,1.00,N/A,N/A,2,0.33,2,0.33,0,4,2,N/A,N/A,N/A,389,0,11,Matches,2,548.0,16.0,2,50,74,21,eng ENG,N/A,1,-0.29,+0.16,N/A,0,0,N/A,0,0,N/A,N/A,0,0,2.00,N/A,N/A,N/A,2,0,0,8,2,John Stones,"DF,MF",10,1601,21,2,333,22,8,1.31,N/A,N/A,N/A,2,0,0.33,2,100.0,0.33,N/A,Manchester City,6,N/A,N/A,0,5,2,100.0,3,0,0,0,0,N/A,6,100.0,10,5,2,0,0.0,6382,442,N/A,8,57.1,+1.6,0.4,0.5,0.08,0.07,0.22,14,11,9.8,5.7,4,0.2,0.1,0.01,0.4,+4.1,+0.67,0.08,0.07
N/A,N/A,-8,-0.74,N/A,63,0,10.8,-0.4,34,0,0.00,N/A,N/A,3,5,N/A,334,82,N/A,N/A,N/A,8,1990,N/A,0,N/A,N/A,499,13,N/A,N/A,94.6,91.3,51.2,367,305,42,8,0,3,14,4,N/A,99,0,7,26,0,2,27.7,1,N/A,0,0,6,0,0.00,0.00,0,0.00,-0.1,0.00,0.00,N/A,N/A,0,0.00,0,0.00,0,3,7,N/A,N/A,N/A,727,12,15,Matches,7,970.0,28.4,9,65,89,29,eng ENG,N/A,0,-2.06,-1.26,N/A,0,0,N/A,0,0,N/A,N/A,0,7,1.40,N/A,N/A,N/A,9,0,0,17,0,Kyle Walker,DF,12,3918,64,11,630,46,17,1.58,N/A,N/A,N/A,5,0,0.46,2,40.0,0.19,N/A,Manchester City,9,N/A,N/A,0,6,3,50.0,7,2,81,0,0,N/A,17,53.8,20,14,10,2,33.3,11928,892,N/A,9,56.3,-0.1,0.1,0.6,0.05,0.01,0.03,13,21,15.4,19.3,2,1.3,0.4,0.04,0.1,-3.9,-0.36,0.05,0.01
