Player,Squad,Pos,Age,Min,Gls,Ast,xG,xAG,PrgP,Tkl,Int,Cmp%,transfer_value,transfer_value_num,Predicted_Value,Difference,Abs_Error
Joshua Acheampong,Chelsea,DF,18,170.0,0,0,0.2,0.0,8,2,1,0.0,€15.2M,15.2,16.87878970517228,1.6787897051722815,1.6787897051722815
Tyler Adams,Bournemouth,MF,25,1965.0,0,3,1.6,1.0,76,83,32,0.0,€25.1M,25.1,21.82441368961091,-3.275586310389091,3.275586310389091
Tosin Adarabioyo,Chelsea,DF,26,1409.0,1,1,0.9,0.2,42,17,11,0.0,€23.5M,23.5,24.644934847101908,1.1449348471019078,1.1449348471019078
Simon Adingra,Brighton,"FW,MF",22,1097.0,2,2,2.5,2.5,18,23,8,0.0,€35.7M,35.7,28.032405126483457,-7.667594873516546,7.667594873516546
Emmanuel Agbadou,Wolves,DF,27,1410.0,1,0,0.8,0.2,31,30,12,0.0,€23.9M,23.9,18.587507245704373,-5.312492754295626,5.312492754295626
Ola Aina,Nott'ham Forest,DF,27,2995.0,2,1,0.6,1.4,107,55,33,0.0,€25.8M,25.8,27.756725805378945,1.9567258053789445,1.9567258053789445
Rayan Aït-Nouri,Wolves,DF,23,3109.0,4,7,2.7,5.5,108,89,26,0.0,€45.5M,45.5,47.58296706616699,2.0829670661669866,2.0829670661669866
Kristoffer Ajer,Brentford,DF,26,1438.0,0,0,1.0,1.2,56,26,12,0.0,€21.5M,21.5,20.717331299124247,-0.7826687008757531,0.7826687008757531
Manuel Akanji,Manchester City,DF,29,2014.0,0,0,1.6,0.4,158,19,9,0.0,€28.6M,28.6,27.39395245490632,-1.206047545093682,1.206047545093682
Nathan Aké,Manchester City,DF,29,678.0,0,0,0.2,0.0,50,9,3,0.0,€18.9M,18.9,13.674055775566552,-5.225944224433446,5.225944224433446
Carlos Alcaraz,Everton,"FW,MF",21,764.0,2,3,1.7,1.6,42,11,5,0.0,€17M,17.0,26.52005057055979,9.520050570559789,9.520050570559789
Trent Alexander-Arnold,Liverpool,DF,25,2365.0,3,6,1.9,7.3,232,72,31,0.0,€68.5M,68.5,69.4151568854756,0.9151568854755965,0.9151568854755965
Alisson,Liverpool,GK,31,2508.0,0,0,0.0,0.6,1,1,0,33.5,€16.8M,16.8,13.618530871550881,-3.1814691284491197,3.1814691284491197
Miguel Almirón,Newcastle Utd,FW,30,157.0,0,0,0.5,0.3,6,3,0,0.0,€22.6M,22.6,15.055196597436098,-7.544803402563904,7.544803402563904
Edson Álvarez,West Ham,MF,26,1772.0,0,1,0.4,0.8,85,50,18,0.0,€25M,25.0,20.894045918371397,-4.105954081628603,4.105954081628603
Harry Amass,Manchester Utd,DF,17,346.0,0,0,0.1,0.0,7,6,2,0.0,€13.1M,13.1,15.327186751024453,2.227186751024453,2.227186751024453
Joachim Andersen,Fulham,DF,28,2583.0,0,0,1.0,0.5,112,27,34,0.0,€28.5M,28.5,25.24970853319022,-3.250291466809781,3.250291466809781
Elliot Anderson,Nott'ham Forest,MF,21,2728.0,2,6,2.1,3.3,143,92,31,0.0,€51.6M,51.6,49.00318499419496,-2.596815005805041,2.596815005805041
André,Wolves,MF,23,2472.0,0,0,0.4,0.8,109,91,37,0.0,€38.7M,38.7,38.39178366447393,-0.3082163355260761,0.3082163355260761
Michail Antonio,West Ham,FW,34,836.0,1,1,2.2,1.6,18,2,0,0.0,€0.6M,0.6,3.026560379983976,2.426560379983976,2.426560379983976
Antony,Manchester Utd,"DF,MF",24,141.0,0,0,1.0,0.1,6,6,2,0.0,€41.3M,41.3,26.555727968152624,-14.744272031847373,14.744272031847373
Julian Araujo,Bournemouth,DF,22,497.0,0,0,0.0,0.1,14,10,6,0.0,€14.4M,14.4,15.294286955347891,0.8942869553478907,0.8942869553478907
Cameron Archer,Southampton,FW,23,1441.0,2,0,5.7,0.5,14,13,2,0.0,€15.3M,15.3,23.474552040063376,8.174552040063375,8.174552040063375
Alphonse Areola,West Ham,GK,31,2260.0,0,0,0.0,0.0,1,2,0,35.2,€10M,10.0,10.175112815360627,0.1751128153606274,0.1751128153606274
Joe Aribo,Southampton,"MF,DF",28,2013.0,3,0,2.7,1.6,75,47,20,0.0,€2.5M,2.5,9.869688842727852,7.369688842727852,7.369688842727852
Adam Armstrong,Southampton,"FW,MF",27,1248.0,2,2,3.3,1.2,21,12,3,0.0,€11.7M,11.7,15.935056439207202,4.235056439207202,4.235056439207202
Kepa Arrizabalaga,Bournemouth,GK,29,2790.0,0,0,0.1,0.0,2,1,0,36.2,€12.8M,12.8,13.347200205260403,0.5472002052604026,0.5472002052604026
Marco Asensio,Aston Villa,MF,28,743.0,3,1,4.4,1.0,45,7,2,0.0,€15.2M,15.2,16.63369115130757,1.4336911513075705,1.4336911513075705
Taiwo Awoniyi,Nott'ham Forest,FW,26,416.0,1,0,2.1,0.1,7,6,0,0.0,€15.5M,15.5,17.20913557946852,1.7091355794685192,1.7091355794685192
Yasin Ayari,Brighton,MF,20,1965.0,2,1,2.4,2.3,75,59,20,0.0,€24.4M,24.4,24.64276692175328,0.24276692175328307,0.24276692175328307
Jordan Ayew,Leicester City,"FW,MF",32,1638.0,5,0,3.2,1.1,46,27,12,0.0,€2.4M,2.4,5.992625627968153,3.5926256279681534,3.5926256279681534
Benoît Badiashile,Chelsea,DF,23,334.0,0,0,0.0,0.0,17,9,6,0.0,€26.4M,26.4,23.1598169756167,-3.240183024383299,3.240183024383299
Leon Bailey,Aston Villa,"FW,MF",26,1139.0,1,2,1.7,1.5,35,7,3,0.0,€26.6M,26.6,24.07873073223103,-2.5212692677689716,2.5212692677689716
Carlos Baleba,Brighton,MF,20,2661.0,3,1,3.1,1.3,118,79,46,0.0,€56.7M,56.7,45.19277615604282,-11.507223843957185,11.507223843957185
Ross Barkley,Aston Villa,MF,30,581.0,3,1,1.8,0.6,36,14,10,0.0,€2.6M,2.6,5.497855808388098,2.897855808388098,2.897855808388098
Harvey Barnes,Newcastle Utd,FW,26,1755.0,9,4,7.2,4.0,83,16,6,0.0,€42.1M,42.1,45.712425501776416,3.612425501776414,3.612425501776414
Calvin Bassey,Fulham,DF,24,3074.0,1,0,1.0,0.1,116,54,20,0.0,€24.9M,24.9,31.56243148121738,6.662431481217382,6.662431481217382
Altay Bayındır,Manchester Utd,GK,26,360.0,0,0,0.0,0.0,0,0,0,21.0,€10.7M,10.7,12.383092074218258,1.6830920742182585,1.6830920742182585
Jan Bednarek,Southampton,DF,28,2531.0,2,0,0.7,0.5,60,36,56,0.0,€8.3M,8.3,13.274270492172741,4.9742704921727405,4.9742704921727405
Armel Bella Kotchap,Southampton,DF,22,331.0,0,0,0.3,0.0,5,7,5,0.0,€11M,11.0,15.035377165507496,4.035377165507496,4.035377165507496
Jean-Ricner Bellegarde,Wolves,"MF,FW",26,1677.0,2,7,1.5,3.8,43,39,10,0.0,€21.2M,21.2,22.087513212129757,0.8875132121297575,0.8875132121297575
Rodrigo Bentancur,Tottenham,MF,27,1645.0,2,0,1.3,0.4,100,40,40,0.0,€26.5M,26.5,26.29272608406159,-0.2072739159384085,0.2072739159384085
Daniel Bentley,Wolves,GK,31,180.0,0,0,0.0,0.0,0,0,0,33.3,€1.2M,1.2,2.2241074156463925,1.0241074156463925,1.0241074156463925
Sander Berge,Fulham,MF,26,2224.0,0,0,0.4,0.6,124,50,21,0.0,€28.7M,28.7,30.75590198079038,2.055901980790381,2.055901980790381
Lucas Bergvall,Tottenham,MF,18,1212.0,0,1,0.7,0.6,49,39,24,0.0,€52.9M,52.9,47.409558268217154,-5.490441731782845,5.490441731782845
Victor Bernth Kristiansen,Leicester City,DF,21,2482.0,0,1,0.3,1.4,70,87,42,0.0,€20M,20.0,22.84487574997903,2.8448757499790283,2.8448757499790283
Beto,Everton,FW,26,1534.0,8,0,8.2,1.2,16,14,4,0.0,€20.7M,20.7,30.21624358000864,9.516243580008641,9.516243580008641
Philip Billing,Bournemouth,MF,28,184.0,0,0,0.6,1.1,15,14,5,0.0,€10.2M,10.2,11.14915629890064,0.9491562989006415,0.9491562989006415
Yves Bissouma,Tottenham,MF,27,1408.0,2,0,0.6,0.3,75,49,18,0.0,€18.1M,18.1,22.706440811477034,4.606440811477032,4.606440811477032
Lamare Bogarde,Aston Villa,"DF,MF",20,476.0,0,0,0.0,0.1,14,14,1,0.0,€7M,7.0,16.83104069296086,9.831040692960858,9.831040692960858
Willy Boly,Nott'ham Forest,DF,33,150.0,0,0,0.1,0.0,2,6,3,0.0,€1.1M,1.1,1.904592207137796,0.804592207137796,0.804592207137796
Sven Botman,Newcastle Utd,DF,24,412.0,0,0,0.5,0.5,7,12,5,0.0,€43.6M,43.6,26.624623981719747,-16.975376018280254,16.975376018280254
Jarrod Bowen,West Ham,"FW,MF",27,2973.0,13,8,8.6,6.8,91,41,16,0.0,€48.1M,48.1,47.353270498090076,-0.7467295019099254,0.7467295019099254
Conor Bradley,Liverpool,DF,21,754.0,0,2,0.7,1.4,33,14,4,0.0,€38.9M,38.9,27.38487079004509,-11.51512920995491,11.51512920995491
Jarrad Branthwaite,Everton,DF,22,2511.0,0,1,1.2,0.7,66,36,27,0.0,€28.1M,28.1,24.206496743698366,-3.893503256301635,3.893503256301635
James Bree,Southampton,DF,26,1075.0,0,1,0.1,0.9,34,19,9,0.0,€1.4M,1.4,17.74993948298124,16.34993948298124,16.34993948298124
Ben Brereton,Southampton,FW,25,449.0,0,0,0.9,0.1,9,3,0,0.0,€8.8M,8.8,14.044776688192988,5.244776688192987,5.244776688192987
Nathan Broadhead,Ipswich Town,"MF,FW",26,702.0,2,0,1.7,0.7,14,9,4,0.0,€2.6M,2.6,9.500346922861773,6.9003469228617735,6.9003469228617735
Armando Broja,Everton,FW,22,334.0,0,0,0.1,0.2,2,3,1,0.0,€16.7M,16.7,15.920782350181378,-0.7792176498186212,0.7792176498186212
David Brooks,Bournemouth,"FW,MF",27,960.0,2,0,2.5,1.9,35,14,5,0.0,€8M,8.0,15.569130710335271,7.569130710335271,7.569130710335271
Emi Buendía,Aston Villa,"MF,FW",27,98.0,0,0,0.7,0.0,7,6,0,0.0,€15.2M,15.2,13.843231635292366,-1.3567683647076336,1.3567683647076336
Santiago Bueno,Wolves,DF,25,1687.0,0,0,0.4,0.0,28,41,15,0.0,€13.5M,13.5,17.27372568012018,3.7737256801201795,3.7737256801201795
Facundo Buonanotte,Leicester City,"FW,MF",19,1523.0,5,2,3.9,3.1,54,53,12,0.0,€30M,30.0,33.63554522349372,3.635545223493722,3.635545223493722
Cameron Burgess,Ipswich Town,DF,28,1541.0,0,2,1.1,0.5,42,17,14,0.0,€1.6M,1.6,11.81656618060233,10.21656618060233,10.21656618060233
Dan Burn,Newcastle Utd,DF,32,3330.0,1,1,2.0,0.9,75,39,27,0.0,€7.1M,7.1,8.371659961203974,1.2716599612039747,1.2716599612039747
Wes Burns,Ipswich Town,"FW,DF",29,926.0,0,1,0.5,1.6,8,13,10,0.0,€1.3M,1.3,4.362474609955825,3.0624746099558253,3.0624746099558253
Moisés Caicedo,Chelsea,"MF,DF",22,3351.0,1,2,0.8,3.0,215,114,49,0.0,€84.4M,84.4,78.34183809523842,-6.05816190476159,6.05816190476159
Tom Cairney,Fulham,MF,33,628.0,2,0,0.8,1.1,53,13,4,0.0,€1.2M,1.2,2.5727370981568036,1.3727370981568037,1.3727370981568037
Jens Cajuste,Ipswich Town,MF,24,1959.0,1,1,0.7,0.8,59,44,28,0.0,€13.9M,13.9,17.9176444301234,4.017644430123399,4.017644430123399
Riccardo Calafiori,Arsenal,DF,22,983.0,2,1,0.9,0.3,54,27,9,0.0,€50.4M,50.4,30.079736571833315,-20.320263428166683,20.320263428166683
Dominic Calvert-Lewin,Everton,FW,27,1609.0,3,1,6.7,0.6,20,9,7,0.0,€17.7M,17.7,25.601568993687415,7.901568993687416,7.901568993687416
Diego Carlos,Aston Villa,DF,31,830.0,0,0,0.6,0.0,34,8,5,0.0,€6.7M,6.7,4.216357757493136,-2.483642242506864,2.483642242506864
Fabio Carvalho,Brentford,"FW,MF",21,455.0,2,1,2.5,0.7,17,13,3,0.0,€19.6M,19.6,20.508936653079473,0.908936653079472,0.908936653079472
Casemiro,Manchester Utd,MF,32,1494.0,1,0,1.9,2.3,84,83,14,0.0,€7.7M,7.7,7.538917593568886,-0.16108240643111404,0.16108240643111404
Matty Cash,Aston Villa,DF,26,2070.0,1,1,0.5,1.1,42,56,23,0.0,€22.2M,22.2,22.21328581388892,0.013285813888920472,0.013285813888920472
Timothy Castagne,Fulham,DF,28,1649.0,0,1,0.4,1.2,62,46,22,0.0,€13.5M,13.5,13.635822199201137,0.13582219920113658,0.13582219920113658
Trevoh Chalobah,Crystal Palace,DF,25,1060.0,3,0,1.2,0.4,34,20,19,0.0,€27.9M,27.9,19.769529582041272,-8.130470417958726,8.130470417958726
Trevoh Chalobah,Crystal Palace,DF,25,1060.0,3,0,1.2,0.4,34,20,19,0.0,€27.9M,27.9,19.769529582041272,-8.130470417958726,8.130470417958726
Trevoh Chalobah,Chelsea,DF,25,910.0,0,1,0.8,1.2,37,11,10,0.0,€27.9M,27.9,25.81824386993527,-2.081756130064729,2.081756130064729
Trevoh Chalobah,Chelsea,DF,25,910.0,0,1,0.8,1.2,37,11,10,0.0,€27.9M,27.9,25.81824386993527,-2.081756130064729,2.081756130064729
Conor Chaplin,Ipswich Town,"MF,FW",27,857.0,1,1,1.5,0.7,29,15,4,0.0,€3.5M,3.5,9.130021590124372,5.630021590124372,5.630021590124372
Federico Chiesa,Liverpool,FW,26,108.0,0,0,0.3,0.2,3,1,0,0.0,€16.3M,16.3,13.416457925199316,-2.883542074800685,2.883542074800685
Ben Chilwell,Crystal Palace,DF,27,259.0,1,0,0.2,0.8,8,7,6,0.0,€15.1M,15.1,14.765779411435076,-0.3342205885649232,0.3342205885649232
Hamza Choudhury,Leicester City,"MF,DF",26,131.0,0,0,0.0,0.4,3,1,5,0.0,€2.6M,2.6,5.6272450450085785,3.0272450450085784,3.0272450450085784
Ryan Christie,Bournemouth,MF,29,2117.0,2,3,1.8,3.5,137,54,30,0.0,€12.8M,12.8,20.89722419192913,8.09722419192913,8.09722419192913
Harry Clarke,Ipswich Town,DF,23,379.0,0,0,0.1,0.0,14,5,4,0.0,€2.4M,2.4,8.17725690995206,5.77725690995206,5.77725690995206
Jack Clarke,Ipswich Town,"FW,MF",23,1181.0,0,4,1.2,2.3,44,32,7,0.0,€16.7M,16.7,20.59561290871909,3.895612908719091,3.895612908719091
Nathaniel Clyne,Crystal Palace,"DF,MF",33,483.0,0,0,0.0,0.3,7,12,3,0.0,€1M,1.0,1.709771735588869,0.7097717355888691,0.7097717355888691
Conor Coady,Leicester City,DF,31,1714.0,1,0,0.4,0.1,32,13,13,0.0,€1.5M,1.5,3.394055032467873,1.894055032467873,1.894055032467873
Séamus Coleman,Everton,DF,35,215.0,0,0,0.6,0.0,11,3,1,0.0,€0.6M,0.6,1.52452044184703,0.92452044184703,0.92452044184703
Nathan Collins,Brentford,DF,23,3420.0,2,3,2.5,1.8,127,40,34,0.0,€31M,31.0,55.768844931786354,24.768844931786354,24.768844931786354
Toby Collyer,Manchester Utd,MF,20,179.0,0,0,0.2,0.3,5,12,2,0.0,€5.6M,5.6,13.66177910242912,8.06177910242912,8.06177910242912
Levi Colwill,Chelsea,DF,21,3149.0,2,1,1.9,1.1,131,47,33,0.0,€57.8M,57.8,55.02101061426501,-2.778989385734988,2.778989385734988
Lewis Cook,Bournemouth,"MF,DF",27,2978.0,1,3,0.9,4.1,158,81,41,0.0,€18.1M,18.1,31.373239711283674,13.273239711283672,13.273239711283672
Vladimír Coufal,West Ham,DF,31,1067.0,0,0,0.3,0.7,39,22,8,0.0,€2.1M,2.1,3.773502597843972,1.6735025978439717,1.6735025978439717
Woyo Coulibaly,Leicester City,DF,25,109.0,0,0,0.0,0.0,3,6,5,0.0,€1.7M,1.7,5.5022030145372955,3.8022030145372954,3.8022030145372954
Aaron Cresswell,West Ham,DF,34,824.0,0,0,0.2,1.3,36,11,8,0.0,€0.5M,0.5,1.8787936719354308,1.3787936719354308,1.3787936719354308
Marc Cucurella,Chelsea,DF,26,2988.0,5,1,2.8,2.1,118,67,28,0.0,€47M,47.0,44.44365116514746,-2.5563488348525425,2.5563488348525425
Jorge Cuenca,Fulham,DF,24,351.0,0,0,0.0,0.0,10,6,2,0.0,€6.5M,6.5,13.06092020597635,6.56092020597635,6.56092020597635
Matheus Cunha,Wolves,"MF,FW",25,2597.0,15,6,8.6,7.7,144,38,17,0.0,€63M,63.0,62.04220391744716,-0.9577960825528393,0.9577960825528393
Patson Daka,Leicester City,"FW,MF",25,736.0,1,0,1.3,0.1,8,19,1,0.0,€6.8M,6.8,10.65410471923574,3.85410471923574,3.85410471923574
Diogo Dalot,Manchester Utd,DF,25,2814.0,0,3,2.0,2.0,103,68,37,0.0,€38.5M,38.5,37.470315030348836,-1.0296849696511643,1.0296849696511643
Mikkel Damsgaard,Brentford,"MF,FW",24,2911.0,2,10,2.8,8.4,234,83,27,0.0,€36.7M,36.7,48.31993707091535,11.619937070915348,11.619937070915348
Danilo,Nott'ham Forest,"MF,FW",23,275.0,0,0,0.0,0.0,11,8,4,0.0,€32M,32.0,18.299629013351666,-13.700370986648334,13.700370986648334
Kevin Danso,Tottenham,DF,25,842.0,0,0,0.4,0.1,19,7,6,0.0,€22.2M,22.2,23.75773382576139,1.5577338257613924,1.5577338257613924
Ben Davies,Tottenham,DF,31,1331.0,0,0,0.3,0.2,52,17,12,0.0,€3.9M,3.9,3.7778456268319722,-0.12215437316802769,0.12215437316802769
Leif Davis,Ipswich Town,DF,24,2743.0,1,2,1.0,4.9,59,46,25,0.0,€22.9M,22.9,23.351263483809767,0.4512634838097682,0.4512634838097682
Craig Dawson,Wolves,DF,34,971.0,0,0,0.5,0.0,20,15,9,0.0,€0.8M,0.8,1.7799812486006557,0.9799812486006556,0.9799812486006556
Kevin De Bruyne,Manchester City,"MF,FW",33,1702.0,4,7,5.1,8.0,157,17,7,0.0,€15.5M,15.5,19.33117083333335,3.831170833333349,3.831170833333349
Bobby De Cordova-Reid,Leicester City,FW,31,744.0,1,2,0.8,1.2,15,9,0,0.0,€1.7M,1.7,3.6026830008875383,1.9026830008875384,1.9026830008875384
Liam Delap,Ipswich Town,FW,21,2593.0,12,2,9.3,1.9,30,11,2,0.0,€20.5M,20.5,28.237915575285395,7.737915575285395,7.737915575285395
Sepp van den Berg,Brentford,DF,22,2586.0,0,0,2.0,0.8,79,39,21,0.0,€27.7M,27.7,24.340048187023502,-3.3599518129764974,3.3599518129764974
Justin Devenny,Crystal Palace,MF,20,507.0,1,1,0.8,0.6,21,17,0,0.0,€10.1M,10.1,17.711831108244052,7.611831108244052,7.611831108244052
Kiernan Dewsbury-Hall,Chelsea,"MF,FW",25,264.0,0,1,0.2,1.1,14,8,2,0.0,€24.5M,24.5,20.744015484370813,-3.755984515629187,3.755984515629187
Amad Diallo,Manchester Utd,"MF,FW",22,1901.0,8,6,4.7,4.9,60,38,11,0.0,€53.2M,53.2,53.692934337845394,0.49293433784539076,0.49293433784539076
Rúben Dias,Manchester City,DF,27,2271.0,0,0,1.5,0.3,160,17,20,0.0,€57.5M,57.5,48.880473522045,-8.619526477954999,8.619526477954999
Luis Díaz,Liverpool,FW,27,2399.0,13,5,12.0,5.0,110,39,7,0.0,€54.4M,54.4,51.180465616315594,-3.2195343836844046,3.2195343836844046
Tyler Dibling,Southampton,"FW,MF",18,1874.0,2,0,2.5,1.5,64,34,8,0.0,€37.1M,37.1,32.942412094013996,-4.157587905986006,4.157587905986006
Lucas Digne,Aston Villa,DF,31,2351.0,0,4,0.8,4.7,57,65,25,0.0,€14.1M,14.1,13.248992154342075,-0.8510078456579251,0.8510078456579251
Issa Diop,Fulham,DF,27,1339.0,0,0,0.5,0.1,25,26,9,0.0,€14M,14.0,16.533695339026664,2.5336953390266643,2.5336953390266643
Axel Disasi,Aston Villa,DF,26,490.0,0,0,0.1,0.4,16,8,5,0.0,€25.2M,25.2,20.185505171370806,-5.014494828629193,5.014494828629193
Axel Disasi,Aston Villa,DF,26,490.0,0,0,0.1,0.4,16,8,5,0.0,€25.2M,25.2,20.185505171370806,-5.014494828629193,5.014494828629193
Axel Disasi,Chelsea,DF,26,364.0,1,0,0.3,0.1,16,7,2,0.0,€25.2M,25.2,22.33953854912964,-2.8604614508703605,2.8604614508703605
Axel Disasi,Chelsea,DF,26,364.0,1,0,0.3,0.1,16,7,2,0.0,€25.2M,25.2,22.33953854912964,-2.8604614508703605,2.8604614508703605
Matt Doherty,Wolves,DF,32,2109.0,2,1,1.0,1.5,79,38,22,0.0,€2.3M,2.3,6.308018635454273,4.008018635454273,4.008018635454273
Jeremy Doku,Manchester City,"FW,MF",22,1516.0,3,6,1.3,4.8,69,31,4,0.0,€66M,66.0,50.89535421624717,-15.10464578375283,15.10464578375283
Nicolás Domínguez,Nott'ham Forest,"MF,FW",26,1963.0,0,1,1.5,1.3,83,86,29,0.0,€21.6M,21.6,21.174871485894084,-0.4251285141059178,0.4251285141059178
Patrick Dorgu,Manchester Utd,DF,19,842.0,0,0,0.4,0.7,34,31,4,0.0,€32.1M,32.1,29.02963393497961,-3.0703660650203908,3.0703660650203908
Abdoulaye Doucouré,Everton,MF,31,2564.0,3,2,4.1,2.4,82,48,10,0.0,€4.6M,4.6,8.339218658055222,3.739218658055222,3.739218658055222
Cheick Doucouré,Crystal Palace,MF,24,452.0,0,0,0.4,0.0,19,16,11,0.0,€27.3M,27.3,18.82724153017924,-8.47275846982076,8.47275846982076
Flynn Downes,Southampton,MF,25,2151.0,1,0,0.6,1.1,66,49,32,0.0,€6.5M,6.5,17.097878510142888,10.597878510142888,10.597878510142888
Tommy Doyle,Wolves,MF,22,488.0,0,1,0.6,0.5,40,11,5,0.0,€9.1M,9.1,22.4887580999172,13.3887580999172,13.3887580999172
Radu Drăgușin,Tottenham,DF,22,1252.0,0,0,0.1,0.4,37,10,15,0.0,€28.3M,28.3,35.23474700140012,6.9347470014001225,6.9347470014001225
Martin Dúbravka,Newcastle Utd,GK,35,900.0,0,0,0.0,0.0,0,0,0,22.5,€1M,1.0,2.7672250942024603,1.7672250942024603,1.7672250942024603
Lewis Dunk,Brighton,DF,32,2083.0,0,0,0.8,0.5,142,17,13,0.0,€3.9M,3.9,8.480688808285882,4.580688808285881,4.580688808285881
Jáder Durán,Aston Villa,FW,20,638.0,7,0,4.9,0.2,13,8,0,0.0,€40.4M,40.4,32.47419700712696,-7.925802992873038,7.925802992873038
Ederson,Manchester City,GK,30,2320.0,0,4,0.0,1.5,2,0,1,43.6,€47.4M,47.4,38.174410016152606,-9.225589983847392,9.225589983847392
Odsonne Édouard,Crystal Palace,"MF,FW",26,115.0,0,0,0.4,0.0,4,1,0,0.0,€7.8M,7.8,9.839694482056139,2.039694482056139,2.039694482056139
Anthony Elanga,Nott'ham Forest,"FW,MF",22,2501.0,6,11,4.5,5.7,63,19,6,0.0,€60M,60.0,54.62621907659832,-5.373780923401682,5.373780923401682
Harvey Elliott,Liverpool,MF,21,371.0,1,2,1.8,1.1,44,5,1,0.0,€39M,39.0,31.417951245504465,-7.582048754495535,7.582048754495535
Julio Enciso,Ipswich Town,"MF,FW",20,869.0,2,3,1.7,1.4,28,12,1,0.0,€21.4M,21.4,21.22906750213113,-0.17093249786886844,0.17093249786886844
Julio Enciso,Ipswich Town,"MF,FW",20,869.0,2,3,1.7,1.4,28,12,1,0.0,€21.4M,21.4,21.22906750213113,-0.17093249786886844,0.17093249786886844
Julio Enciso,Brighton,"MF,FW",20,294.0,0,0,1.0,0.2,14,0,0,0.0,€21.4M,21.4,19.722926233435643,-1.6770737665643551,1.6770737665643551
Julio Enciso,Brighton,"MF,FW",20,294.0,0,0,1.0,0.2,14,0,0,0.0,€21.4M,21.4,19.722926233435643,-1.6770737665643551,1.6770737665643551
Wataru Endo,Liverpool,"MF,DF",31,273.0,0,0,0.0,0.1,19,12,6,0.0,€7M,7.0,4.540894666774072,-2.459105333225928,2.459105333225928
Christian Eriksen,Manchester Utd,MF,32,1061.0,1,2,1.4,3.2,55,19,7,0.0,€2.1M,2.1,4.491825502805568,2.391825502805568,2.391825502805568
Romain Esse,Crystal Palace,MF,19,138.0,1,1,0.3,0.4,7,9,1,0.0,€18.6M,18.6,16.68696985964139,-1.913030140358611,1.913030140358611
Pervis Estupiñán,Brighton,DF,26,2402.0,1,1,1.2,2.1,132,65,37,0.0,€32.6M,32.6,34.49077592274286,1.8907759227428613,1.8907759227428613
Evanilson,Bournemouth,FW,24,2319.0,10,1,12.5,1.9,28,16,1,0.0,€26.4M,26.4,32.59802336621895,6.198023366218955,6.198023366218955
Jonny Evans,Manchester Utd,DF,36,315.0,0,0,0.1,0.0,10,8,5,0.0,€1.1M,1.1,1.449806512091267,0.349806512091267,0.349806512091267
Eberechi Eze,Crystal Palace,"MF,FW",26,2588.0,8,8,10.5,6.2,97,39,11,0.0,€61.7M,61.7,55.372696502488,-6.3273034975120055,6.3273034975120055
Łukasz Fabiański,West Ham,GK,39,1160.0,0,0,0.0,0.0,0,0,0,34.1,€2.5M,2.5,2.2457801941791864,-0.2542198058208136,0.2542198058208136
Wout Faes,Leicester City,DF,26,2815.0,1,0,1.5,0.1,86,42,26,0.0,€14.5M,14.5,18.647545460276167,4.1475454602761666,4.1475454602761666
Abdul Fatawu Issahaku,Leicester City,FW,20,579.0,0,2,0.4,1.6,17,21,4,0.0,€13.2M,13.2,20.14329607117255,6.943296071172551,6.943296071172551
João Félix,Chelsea,"FW,MF",24,369.0,1,1,2.2,1.0,26,8,3,0.0,€15.4M,15.4,21.44018166096741,6.040181660967411,6.040181660967411
Evan Ferguson,West Ham,FW,19,156.0,0,0,0.6,0.3,1,3,1,0.0,€29.7M,29.7,20.62035572545542,-9.079644274544581,9.079644274544581
Evan Ferguson,West Ham,FW,19,156.0,0,0,0.6,0.3,1,3,1,0.0,€29.7M,29.7,20.62035572545542,-9.079644274544581,9.079644274544581
Evan Ferguson,Brighton,FW,19,246.0,1,0,0.5,0.4,1,4,0,0.0,€29.7M,29.7,23.42185364501919,-6.278146354980809,6.278146354980809
Evan Ferguson,Brighton,FW,19,246.0,1,0,0.5,0.4,1,4,0,0.0,€29.7M,29.7,23.42185364501919,-6.278146354980809,6.278146354980809
Bruno Fernandes,Manchester Utd,MF,29,3018.0,8,10,9.9,8.5,325,84,26,0.0,€47.3M,47.3,46.96879185540044,-0.3312081445995574,0.3312081445995574
Mateus Fernandes,Southampton,MF,20,2909.0,2,4,4.0,3.0,145,89,28,0.0,€23.1M,23.1,34.128008960168266,11.028008960168265,11.028008960168265
Enzo Fernández,Chelsea,MF,23,2947.0,6,7,6.1,6.8,212,65,13,0.0,€75.1M,75.1,77.25569143394678,2.155691433946785,2.155691433946785
Mark Flekken,Brentford,GK,31,3275.0,0,2,0.0,0.5,0,4,0,37.8,€12M,12.0,16.851691751408406,4.851691751408406,4.851691751408406
Phil Foden,Manchester City,"MF,FW",24,1777.0,7,2,5.2,4.8,103,13,9,0.0,€90.8M,90.8,78.65622651880302,-12.143773481196973,12.143773481196973
Wesley Fofana,Chelsea,DF,23,1172.0,0,0,0.4,0.4,32,13,14,0.0,€28M,28.0,25.31421010228447,-2.68578989771553,2.68578989771553
Carlos Forbs,Wolves,"MF,FW",20,239.0,0,0,0.1,0.0,8,8,1,0.0,€9.7M,9.7,13.604433971852783,3.904433971852784,3.904433971852784
Fraser Forster,Tottenham,GK,36,630.0,0,0,0.0,0.0,0,0,0,35.5,€0.6M,0.6,1.3059736192430866,0.7059736192430867,0.7059736192430867
Ryan Fraser,Southampton,"FW,DF",30,306.0,0,0,0.0,0.1,8,6,1,0.0,€1.1M,1.1,2.2831172969326996,1.1831172969326995,1.1831172969326995
Tyler Fredricson,Manchester Utd,DF,19,165.0,0,0,0.0,0.0,8,5,1,0.0,€6.4M,6.4,10.027661427721947,3.6276614277219466,3.6276614277219466
Niclas Füllkrug,West Ham,FW,31,790.0,3,2,2.2,1.9,14,4,1,0.0,€11M,11.0,7.926281031496728,-3.0737189685032718,3.0737189685032718
Cody Gakpo,Liverpool,FW,25,1935.0,10,4,7.1,4.4,52,28,12,0.0,€69.9M,69.9,60.66272936570815,-9.237270634291853,9.237270634291853
Idrissa Gana Gueye,Everton,MF,34,3063.0,0,3,1.1,1.7,145,133,48,0.0,€18.4M,18.4,15.449320614781412,-2.950679385218587,2.950679385218587
Andrés García,Aston Villa,"DF,MF",21,318.0,0,0,0.0,0.2,15,9,2,0.0,€10.3M,10.3,19.84891808281548,9.54891808281548,9.54891808281548
Alejandro Garnacho,Manchester Utd,"MF,FW",20,2199.0,6,2,7.3,4.5,56,30,13,0.0,€58.1M,58.1,53.10500989021771,-4.994990109782293,4.994990109782293
James Garner,Everton,"MF,DF",23,1594.0,0,1,0.7,1.4,50,47,23,0.0,€20.8M,20.8,20.31396897912838,-0.4860310208716214,0.4860310208716214
Tyrique George,Chelsea,FW,18,183.0,1,1,0.2,0.7,3,2,2,0.0,€17.3M,17.3,18.013774010022683,0.7137740100226821,0.7137740100226821
Morgan Gibbs-White,Nott'ham Forest,MF,24,2803.0,7,8,6.3,5.0,164,43,23,0.0,€62.6M,62.6,61.91564646261143,-0.6843535373885743,0.6843535373885743
Billy Gilmour,Brighton,MF,23,98.0,0,0,0.1,0.0,11,3,0,0.0,€23.8M,23.8,11.453849102810233,-12.346150897189768,12.346150897189768
Ben Godfrey,Ipswich Town,DF,26,159.0,0,0,0.0,0.0,4,1,2,0.0,€5.2M,5.2,5.5629936352758635,0.36299363527586337,0.36299363527586337
João Gomes,Wolves,MF,23,2974.0,3,1,2.9,1.2,165,116,25,0.0,€50.3M,50.3,52.720538112240355,2.420538112240358,2.420538112240358
Rodrigo Gomes,Wolves,"DF,FW",21,810.0,2,0,0.7,0.9,27,23,7,0.0,€1.8M,1.8,13.403843922315156,11.603843922315155,11.603843922315155
Toti Gomes,Wolves,DF,25,2614.0,0,1,0.7,0.9,86,61,25,0.0,€16.3M,16.3,20.6102109865094,4.3102109865094,4.3102109865094
Diego Gómez,Brighton,MF,21,516.0,1,0,0.9,0.7,27,21,8,0.0,€1.1M,1.1,14.477478049634579,13.377478049634579,13.377478049634579
Joe Gomez,Liverpool,DF,27,519.0,0,0,0.3,0.1,35,13,7,0.0,€19.2M,19.2,18.41228291415189,-0.787717085848108,0.787717085848108
Nicolás González,Manchester City,MF,22,760.0,1,0,0.5,0.1,50,16,8,0.0,€0.6M,0.6,27.053643423011405,26.453643423011403,26.453643423011403
Anthony Gordon,Newcastle Utd,"FW,MF",23,2434.0,6,5,8.0,5.0,98,32,7,0.0,€47.2M,47.2,51.03779787487295,3.8377978748729475,3.8377978748729475
Ryan Gravenberch,Liverpool,MF,22,3160.0,0,4,1.1,3.1,181,69,60,0.0,€86.1M,86.1,80.26734687568928,-5.83265312431071,5.83265312431071
Archie Gray,Tottenham,"DF,MF",18,1751.0,0,0,0.0,0.1,40,16,19,0.0,€59.6M,59.6,50.796491319900795,-8.803508680099206,8.803508680099206
Jack Grealish,Manchester City,"FW,MF",28,721.0,1,1,1.1,1.8,52,9,2,0.0,€32.9M,32.9,24.603500330911384,-8.296499669088615,8.296499669088615
Jacob Greaves,Ipswich Town,DF,23,2205.0,1,0,1.3,0.3,69,40,21,0.0,€19.7M,19.7,20.747098445653396,1.047098445653397,1.047098445653397
Brajan Gruda,Brighton,"MF,FW",20,687.0,1,4,1.2,2.1,26,16,2,0.0,€29.4M,29.4,26.861635637368753,-2.5383643626312455,2.5383643626312455
Albert Grønbaek,Southampton,"FW,MF",23,143.0,0,0,0.1,0.0,1,4,0,0.0,€12.2M,12.2,9.936582214225563,-2.263417785774436,2.263417785774436
Gonçalo Guedes,Wolves,"MF,FW",27,995.0,2,4,3.2,1.3,40,16,5,0.0,€10.6M,10.6,15.796751440075019,5.196751440075019,5.196751440075019
Luis Guilherme,West Ham,"MF,FW",18,150.0,0,0,0.4,0.1,5,1,3,0.0,€23.7M,23.7,18.52062504251761,-5.179374957482388,5.179374957482388
Bruno Guimarães,Newcastle Utd,MF,26,3271.0,5,6,4.3,6.1,271,83,29,0.0,€79.1M,79.1,73.19092513913068,-5.90907486086931,5.90907486086931
İlkay Gündoğan,Manchester City,MF,33,2223.0,1,6,3.2,3.5,127,25,13,0.0,€13.5M,13.5,17.219540024558757,3.719540024558757,3.719540024558757
Malo Gusto,Chelsea,DF,21,1862.0,0,1,1.7,1.4,119,45,24,0.0,€30.7M,30.7,37.05252741485621,6.352527414856208,6.352527414856208
Joško Gvardiol,Manchester City,DF,22,3277.0,5,0,4.6,2.1,264,58,44,0.0,€81.3M,81.3,77.92188988095208,-3.3781101190479177,3.3781101190479177
Erling Haaland,Manchester City,FW,24,2736.0,22,3,22.0,3.0,20,11,5,0.0,€186.7M,186.7,146.35133357475783,-40.34866642524216,40.34866642524216
Lewis Hall,Newcastle Utd,DF,19,2189.0,0,4,0.4,4.3,123,58,18,0.0,€36.7M,36.7,41.78315401915002,5.083154019150015,5.083154019150015
Ali Al Hamadi,Ipswich Town,FW,22,134.0,0,0,0.4,0.1,3,1,0,0.0,€2M,2.0,6.55145930903438,4.55145930903438,4.55145930903438
Jack Harrison,Everton,FW,27,2076.0,1,0,3.5,3.7,51,32,10,0.0,€16.1M,16.1,19.71432148183449,3.6143214818344873,3.6143214818344873
Taylor Harwood-Bellis,Southampton,DF,22,2825.0,1,0,1.8,1.0,125,28,30,0.0,€24.9M,24.9,36.03090590391783,11.130905903917828,11.130905903917828
Kai Havertz,Arsenal,"FW,MF",25,1875.0,9,3,9.5,2.4,61,16,6,0.0,€58.6M,58.6,48.20416075885549,-10.395839241144515,10.395839241144515
Ayden Heaven,Manchester Utd,DF,17,170.0,0,0,0.1,0.0,7,4,4,0.0,€13.4M,13.4,10.957121835515533,-2.4428781644844673,2.4428781644844673
Jan Paul van Hecke,Brighton,DF,24,2958.0,1,1,1.3,1.5,228,45,24,0.0,€41.9M,41.9,47.01280421962506,5.112804219625062,5.112804219625062
Hwang Hee-chan,Wolves,"MF,FW",28,661.0,2,0,0.8,0.1,12,6,2,0.0,€17.4M,17.4,14.641649293767735,-2.758350706232264,2.758350706232264
Dean Henderson,Crystal Palace,GK,27,3420.0,0,0,0.0,0.2,0,2,0,26.2,€25.9M,25.9,26.0145311671424,0.11453116714240252,0.11453116714240252
Rico Henry,Brentford,DF,27,99.0,0,0,0.0,0.0,4,2,1,0.0,€11.7M,11.7,10.030483582007733,-1.6695164179922664,1.6695164179922664
Mads Hermansen,Leicester City,GK,24,2385.0,0,0,0.0,0.0,1,1,0,24.2,€19.1M,19.1,20.667221665849116,1.5672216658491145,1.5672216658491145
Son Heung-min,Tottenham,FW,32,2110.0,7,9,7.2,8.2,111,17,5,0.0,€19.3M,19.3,24.406000378787876,5.106000378787876,5.106000378787876
James Hill,Bournemouth,DF,22,448.0,0,1,0.3,0.3,16,15,9,0.0,€3.7M,3.7,15.321935253166505,11.621935253166505,11.621935253166505
Jack Hinshelwood,Brighton,"MF,DF",19,1842.0,5,2,2.7,1.5,68,27,16,0.0,€9.2M,9.2,23.32678774820116,14.12678774820116,14.12678774820116
George Hirst,Ipswich Town,FW,25,661.0,3,1,2.1,0.3,13,3,2,0.0,€3.9M,3.9,9.872882933382947,5.972882933382946,5.972882933382946
Callum Hudson-Odoi,Nott'ham Forest,"FW,MF",23,2194.0,5,2,2.5,2.7,71,22,13,0.0,€21.8M,21.8,29.14625537159457,7.3462553715945695,7.3462553715945695
Will Hughes,Crystal Palace,MF,29,2108.0,0,3,1.1,3.1,87,66,22,0.0,€10.1M,10.1,11.017082177252298,0.9170821772522988,0.9170821772522988
Dean Huijsen,Bournemouth,DF,19,2427.0,3,2,1.9,2.0,132,36,51,0.0,€64.5M,64.5,58.461780194910716,-6.038219805089284,6.038219805089284
Omari Hutchinson,Ipswich Town,"MF,FW",20,2583.0,3,2,2.9,3.5,75,32,11,0.0,€26.8M,26.8,29.153484109009533,2.353484109009532,2.353484109009532
Rasmus Højlund,Manchester Utd,FW,21,2004.0,4,0,5.3,1.8,18,3,2,0.0,€47.2M,47.2,43.141185951286076,-4.058814048713927,4.058814048713927
Igor,Brighton,DF,26,961.0,0,0,0.0,0.2,49,5,4,0.0,€38.8M,38.8,28.271277287984077,-10.52872271201592,10.52872271201592
Danny Ings,West Ham,"FW,MF",32,284.0,1,2,2.3,1.3,5,4,1,0.0,€2.1M,2.1,3.4150529839603756,1.3150529839603755,1.3150529839603755
Tim Iroegbunam,Everton,MF,21,574.0,0,1,0.2,0.2,15,29,16,0.0,€12.2M,12.2,16.096698292827117,3.896698292827118,3.896698292827118
Andy Irving,West Ham,MF,24,166.0,0,0,0.1,0.2,9,7,1,0.0,€18.2M,18.2,14.784695461182174,-3.415304538817825,3.415304538817825
Alexander Isak,Newcastle Utd,FW,24,2756.0,23,6,20.3,4.3,88,12,3,0.0,€140.1M,140.1,128.8291548554516,-11.270845144548389,11.270845144548389
Alex Iwobi,Fulham,"FW,MF",28,2981.0,9,6,4.7,7.0,213,44,14,0.0,€34.3M,34.3,41.351912364058535,7.051912364058538,7.051912364058538
Nicolas Jackson,Chelsea,FW,23,2220.0,10,5,12.3,4.3,38,22,3,0.0,€65.3M,65.3,48.561402222594126,-16.73859777740587,16.73859777740587
Reece James,Chelsea,"DF,MF",24,1063.0,1,1,0.4,0.7,64,10,13,0.0,€36.8M,36.8,30.450729804232115,-6.3492701957678825,6.3492701957678825
Vitaly Janelt,Brentford,MF,26,2254.0,1,3,0.8,2.2,80,38,27,0.0,€18.6M,18.6,21.948099835645124,3.3480998356451224,3.3480998356451224
Daniel Jebbison,Bournemouth,FW,20,119.0,1,0,1.0,0.2,3,5,1,0.0,€5.5M,5.5,10.916758257014855,5.416758257014855,5.416758257014855
Mathias Jensen,Brentford,MF,28,862.0,0,2,0.2,1.7,61,14,8,0.0,€12.5M,12.5,16.68123899914874,4.181238999148739,4.181238999148739
Gabriel Jesus,Arsenal,FW,27,608.0,3,0,3.0,0.7,19,10,4,0.0,€32.3M,32.3,24.23134881801715,-8.068651181982847,8.068651181982847
Raúl Jiménez,Fulham,FW,33,2494.0,12,3,12.0,3.3,62,35,10,0.0,€5.3M,5.3,18.24834376596308,12.948343765963081,12.948343765963081
João Pedro,Brighton,"FW,MF",22,1948.0,10,6,8.9,5.0,78,16,9,0.0,€61.2M,61.2,55.05293662724439,-6.1470633727556105,6.1470633727556105
Joelinton,Newcastle Utd,"MF,FW",27,2393.0,4,3,3.9,2.5,116,57,23,0.0,€41.1M,41.1,39.919929952311506,-1.1800700476884955,1.1800700476884955
Ben Johnson,Ipswich Town,"DF,FW",24,1354.0,1,2,1.1,1.3,27,38,13,0.0,€9.2M,9.2,15.230248541744189,6.030248541744189,6.030248541744189
Brennan Johnson,Tottenham,FW,23,2177.0,11,3,10.4,2.3,71,39,4,0.0,€55.2M,55.2,48.851921468792035,-6.3480785312079675,6.3480785312079675
Sam Johnstone,Wolves,GK,31,630.0,0,0,0.0,0.0,0,0,0,40.3,€5.5M,5.5,3.630796299820995,-1.8692037001790052,1.8692037001790052
Curtis Jones,Liverpool,"MF,DF",23,1712.0,3,3,4.3,1.1,117,39,7,0.0,€50.2M,50.2,47.83797083563605,-2.3620291643639533,2.3620291643639533
Jorginho,Arsenal,MF,32,704.0,0,0,0.1,0.4,48,12,7,0.0,€4.5M,4.5,6.069501639536388,1.569501639536388,1.569501639536388
Diogo Jota,Liverpool,FW,27,1196.0,6,3,7.9,1.8,34,14,8,0.0,€49.8M,49.8,40.36913197605504,-9.43086802394496,9.43086802394496
James Justin,Leicester City,DF,26,2912.0,2,2,1.5,0.8,91,58,46,0.0,€18.6M,18.6,22.294547691345553,3.6945476913455515,3.6945476913455515
Filip Jørgensen,Chelsea,GK,22,540.0,0,0,0.0,0.0,0,0,0,21.2,€22.6M,22.6,19.039503296224872,-3.5604967037751294,3.5604967037751294
Ferdi Kadioglu,Brighton,"DF,MF",24,385.0,1,0,0.4,0.2,15,10,8,0.0,€27.5M,27.5,22.205805121169487,-5.294194878830513,5.294194878830513
Daichi Kamada,Crystal Palace,MF,27,1564.0,0,0,1.1,1.9,89,47,18,0.0,€11.3M,11.3,17.002592198553813,5.702592198553813,5.702592198553813
Boubacar Kamara,Aston Villa,MF,24,1726.0,1,0,0.8,0.9,85,50,19,0.0,€55.1M,55.1,24.120209384388613,-30.97979061561139,30.97979061561139
Michael Kayode,Brentford,DF,20,528.0,0,1,0.2,1.2,12,17,7,0.0,€25.2M,25.2,19.430319003929856,-5.769680996070143,5.769680996070143
Michael Keane,Everton,DF,31,1049.0,3,0,0.6,0.1,14,12,16,0.0,€2.2M,2.2,3.2623673528770083,1.0623673528770081,1.0623673528770081
Caoimhín Kelleher,Liverpool,GK,25,900.0,0,0,0.0,0.0,0,0,0,25.2,€25M,25.0,12.645396023866024,-12.354603976133976,12.354603976133976
Lloyd Kelly,Newcastle Utd,DF,25,303.0,0,1,0.4,0.5,9,5,1,0.0,€16.8M,16.8,20.951317345619156,4.151317345619155,4.151317345619155
Milos Kerkez,Bournemouth,DF,20,3336.0,2,5,0.6,3.9,159,52,45,0.0,€70.2M,70.2,54.85683657225718,-15.343163427742823,15.343163427742823
Bilal El Khannouss,Leicester City,"MF,FW",20,2182.0,2,3,1.3,4.6,128,50,6,0.0,€33.9M,33.9,45.60460146019358,11.70460146019358,11.70460146019358
Abdukodir Khusanov,Manchester City,DF,20,503.0,0,0,0.0,0.1,25,5,3,0.0,€45.2M,45.2,30.903467503671635,-14.296532496328368,14.296532496328368
Max Kilman,West Ham,DF,27,3348.0,0,1,1.6,1.2,113,39,38,0.0,€38.3M,38.3,37.94823880218927,-0.351761197810724,0.351761197810724
Joshua King,Fulham,MF,17,130.0,0,0,0.3,0.4,9,7,1,0.0,€1.4M,1.4,13.908009296920511,12.50800929692051,12.50800929692051
Antonín Kinský,Tottenham,GK,21,540.0,0,0,0.0,0.1,1,3,0,29.3,€20M,20.0,17.845146981153498,-2.1548530188465023,2.1548530188465023
Jakub Kiwior,Arsenal,DF,24,1122.0,1,0,0.2,0.3,48,22,6,0.0,€35.4M,35.4,29.733312699186804,-5.666687300813194,5.666687300813194
Justin Kluivert,Bournemouth,MF,25,2340.0,12,6,10.3,4.8,105,23,14,0.0,€46.3M,46.3,51.809280404556894,5.509280404556897,5.509280404556897
Ibrahima Konaté,Liverpool,DF,25,2560.0,1,2,1.7,1.0,115,40,17,0.0,€40.5M,40.5,41.03844507086212,0.5384450708621173,0.5384450708621173
Ezri Konsa,Aston Villa,DF,26,2936.0,2,0,1.3,0.4,90,34,24,0.0,€44.2M,44.2,34.16798126112501,-10.032018738874996,10.032018738874996
Mateo Kovačić,Manchester City,MF,30,2198.0,6,2,1.9,3.6,164,69,24,0.0,€18M,18.0,22.443253624847376,4.443253624847376,4.443253624847376
Emil Krafth,Newcastle Utd,DF,29,342.0,0,0,0.0,0.1,8,4,2,0.0,€1.7M,1.7,5.2989667404101155,3.5989667404101153,3.5989667404101153
Mohammed Kudus,West Ham,"FW,MF",23,2590.0,5,3,6.9,3.1,79,38,4,0.0,€51.9M,51.9,47.55430474103401,-4.345695258965989,4.345695258965989
Dejan Kulusevski,Tottenham,"MF,FW",24,2389.0,7,4,4.2,6.2,124,45,13,0.0,€58.9M,58.9,58.32625702287518,-0.5737429771248159,0.5737429771248159
Maxence Lacroix,Crystal Palace,DF,24,3116.0,1,1,3.4,1.0,65,68,54,0.0,€30.3M,30.3,26.910866283297832,-3.389133716702169,3.389133716702169
Adam Lallana,Southampton,MF,36,361.0,0,2,0.2,0.9,24,8,5,0.0,€0.9M,0.9,2.1925667663306383,1.2925667663306384,1.2925667663306384
Tariq Lamptey,Brighton,DF,23,860.0,2,2,0.4,0.8,14,17,7,0.0,€11.6M,11.6,16.11095575426879,4.510955754268791,4.510955754268791
Roméo Lavia,Chelsea,MF,20,797.0,0,1,0.3,0.7,31,22,16,0.0,€52.4M,52.4,35.925439995350075,-16.474560004649923,16.474560004649923
Mario Lemina,Wolves,"MF,DF",30,1364.0,1,3,1.4,1.1,48,51,27,0.0,€3.4M,3.4,5.5414423167280065,2.1414423167280066,2.1414423167280066
Bernd Leno,Fulham,GK,32,3420.0,0,1,0.0,0.1,0,2,0,38.4,€12.5M,12.5,12.19871529972457,-0.30128470027542953,0.30128470027542953
Jefferson Lerma,Crystal Palace,"MF,DF",29,2274.0,0,1,1.1,1.6,97,35,42,0.0,€7.6M,7.6,10.276105341074965,2.6761053410749653,2.6761053410749653
Rico Lewis,Manchester City,"DF,MF",19,1893.0,1,2,1.4,0.3,107,30,13,0.0,€75.7M,75.7,64.09492891154653,-11.605071088453471,11.605071088453471
Keane Lewis-Potter,Brentford,"DF,FW",23,3093.0,1,3,3.1,3.2,98,49,21,0.0,€27.3M,27.3,27.872462766616817,0.572462766616816,0.572462766616816
Myles Lewis-Skelly,Arsenal,DF,17,1369.0,1,0,0.2,0.4,71,22,7,0.0,€58.8M,58.8,48.36762974475038,-10.432370255249616,10.432370255249616
Matthijs de Ligt,Manchester Utd,DF,24,2123.0,2,0,2.5,0.3,55,30,33,0.0,€49.9M,49.9,43.98905993680972,-5.9109400631902815,5.9109400631902815
Victor Lindelöf,Manchester Utd,DF,30,704.0,0,0,0.0,0.1,26,7,8,0.0,€3.3M,3.3,4.76027698180606,1.46027698180606,1.46027698180606
Jesper Lindstrøm,Everton,FW,24,1239.0,0,1,2.1,2.0,25,45,12,0.0,€19.2M,19.2,22.355688191452437,3.1556881914524375,3.1556881914524375
Valentino Livramento,Newcastle Utd,DF,21,2840.0,0,1,0.3,2.6,158,54,23,0.0,€55.5M,55.5,51.16155750781727,-4.338442492182729,4.338442492182729
Sean Longstaff,Newcastle Utd,MF,26,798.0,0,0,0.6,0.2,40,27,7,0.0,€24.2M,24.2,19.253631406041553,-4.9463685939584465,4.9463685939584465
Saša Lukić,Fulham,MF,27,2344.0,0,2,1.2,2.7,98,68,28,0.0,€14.3M,14.3,19.086638502133265,4.786638502133265,4.786638502133265
Joe Lumley,Southampton,GK,29,270.0,0,0,0.0,0.0,0,0,0,30.0,€0.6M,0.6,3.0799857010687686,2.4799857010687685,2.4799857010687685
Massimo Luongo,Ipswich Town,MF,31,201.0,0,0,0.0,0.0,6,9,2,0.0,€0.7M,0.7,1.8495217253544554,1.1495217253544554,1.1495217253544554
Ian Maatsen,Aston Villa,DF,22,1139.0,1,2,0.9,2.7,50,29,15,0.0,€41.2M,41.2,27.238191459999875,-13.961808540000128,13.961808540000128
Alexis Mac Allister,Liverpool,MF,25,2599.0,5,5,2.8,4.7,177,95,22,0.0,€134.6M,134.6,104.98864939988697,-29.611350600113028,29.611350600113028
James Maddison,Tottenham,MF,27,1809.0,9,7,5.8,4.2,164,31,12,0.0,€45.3M,45.3,45.95610754891257,0.6561075489125727,0.6561075489125727
Noni Madueke,Chelsea,FW,22,2033.0,7,3,9.6,4.2,69,25,10,0.0,€51.5M,51.5,50.87011645491501,-0.6298835450849865,0.6298835450849865
Gabriel Magalhães,Arsenal,DF,26,2363.0,3,1,2.6,0.9,126,25,16,0.0,€75.5M,75.5,64.3539989976018,-11.146001002398194,11.146001002398194
Edmond-Paris Maghoma,Brentford,"MF,FW",23,119.0,0,0,0.1,0.1,13,2,1,0.0,€0.9M,0.9,7.581142070969374,6.681142070969374,6.681142070969374
Harry Maguire,Manchester Utd,DF,31,1758.0,1,0,1.8,0.6,51,30,40,0.0,€12.9M,12.9,5.956324560060683,-6.943675439939318,6.943675439939318
Kobbie Mainoo,Manchester Utd,MF,19,1651.0,0,0,0.7,1.6,65,46,19,0.0,€60.7M,60.7,51.28462782043431,-9.415372179565694,9.415372179565694
Tyrell Malacia,Manchester Utd,DF,24,100.0,0,0,0.0,0.0,3,2,1,0.0,€6.4M,6.4,7.842819532683638,1.4428195326836377,1.4428195326836377
Donyell Malen,Aston Villa,FW,25,305.0,3,0,2.2,0.2,6,7,0,0.0,€20.1M,20.1,18.674114083660562,-1.425885916339439,1.425885916339439
Orel Mangala,Everton,MF,26,1261.0,1,0,1.1,0.6,34,16,21,0.0,€19.1M,19.1,19.801370310893663,0.7013703108936618,0.7013703108936618
Ryan Manning,Southampton,"DF,MF",28,1462.0,0,1,0.3,3.2,35,28,17,0.0,€2.1M,2.1,8.355730265888992,6.255730265888992,6.255730265888992
Solly March,Brighton,"FW,MF",30,168.0,0,0,0.1,0.3,2,6,2,0.0,€2.5M,2.5,4.115109268341907,1.6151092683419073,1.6151092683419073
Omar Marmoush,Manchester City,"FW,MF",25,1175.0,7,0,5.5,2.8,37,13,6,0.0,€74.9M,74.9,62.83584843313519,-12.064151566864815,12.064151566864815
Gabriel Martinelli,Arsenal,"FW,MF",23,2290.0,8,4,7.4,5.0,52,23,5,0.0,€51.8M,51.8,52.91790682587406,1.1179068258740656,1.1179068258740656
Emiliano Martínez,Aston Villa,GK,31,3194.0,0,0,0.0,0.5,4,3,0,38.6,€18.9M,18.9,11.461667596254632,-7.438332403745367,7.438332403745367
Lisandro Martínez,Manchester Utd,DF,26,1751.0,2,1,1.3,1.1,117,40,32,0.0,€42M,42.0,40.19318590743231,-1.8068140925676914,1.8068140925676914
Pape Matar Sarr,Tottenham,MF,21,1913.0,3,2,3.7,1.6,88,49,30,0.0,€43.7M,43.7,34.536467982195624,-9.163532017804378,9.163532017804378
Jean-Philippe Mateta,Crystal Palace,FW,27,2648.0,14,2,13.5,3.2,52,18,2,0.0,€30.9M,30.9,34.625227314935216,3.7252273149352177,3.7252273149352177
Stephy Mavididi,Leicester City,FW,26,1615.0,4,1,1.8,2.6,57,34,11,0.0,€10.9M,10.9,20.900007982061283,10.000007982061282,10.000007982061282
Konstantinos Mavropanos,West Ham,DF,26,2045.0,0,0,1.5,0.5,61,35,40,0.0,€18.1M,18.1,20.573063280860868,2.473063280860867,2.473063280860867
Noussair Mazraoui,Manchester Utd,DF,26,2838.0,0,1,0.7,1.5,115,115,34,0.0,€28.6M,28.6,31.87498908932425,3.2749890893242473,3.2749890893242473
Bryan Mbeumo,Brentford,FW,24,3414.0,20,7,12.3,8.3,141,49,14,0.0,€65.1M,65.1,68.11367812982519,3.0136781298251947,3.0136781298251947
James Mcatee,Manchester City,"MF,FW",21,349.0,3,0,2.8,0.5,7,5,2,0.0,€25.6M,25.6,25.5291155130577,-0.0708844869423011,0.0708844869423011
Kasey McAteer,Leicester City,FW,22,852.0,1,1,1.0,0.7,14,23,5,0.0,€1.9M,1.9,8.680740399660738,6.780740399660738,6.780740399660738
Alex McCarthy,Southampton,GK,34,450.0,0,0,0.0,0.0,0,0,0,46.2,€58.4M,58.4,40.62145566119281,-17.778544338807187,17.778544338807187
John McGinn,Aston Villa,"MF,FW",29,2223.0,1,4,3.1,3.5,103,33,14,0.0,€14.9M,14.9,16.041509982946735,1.1415099829467348,1.1415099829467348
Dwight McNeil,Everton,"MF,FW",24,1371.0,4,6,1.1,5.2,69,13,6,0.0,€23M,23.0,31.928804079191913,8.928804079191913,8.928804079191913
Ben Mee,Brentford,DF,34,183.0,0,0,0.0,0.0,11,2,4,0.0,€51.3M,51.3,33.25498137349537,-18.04501862650463,18.04501862650463
Mikel Merino,Arsenal,"MF,FW",28,1586.0,7,2,5.9,2.0,69,46,15,0.0,€39.6M,39.6,35.533754699012896,-4.066245300987106,4.066245300987106
Nikola Milenković,Nott'ham Forest,DF,26,3330.0,5,2,4.0,1.1,51,51,27,0.0,€43.8M,43.8,35.52960018210626,-8.27039981789374,8.27039981789374
Lewis Miley,Newcastle Utd,MF,18,313.0,1,0,0.5,0.0,17,14,2,0.0,€28.5M,28.5,24.1896112090713,-4.310388790928702,4.310388790928702
James Milner,Brighton,MF,38,170.0,0,0,0.2,0.2,10,5,2,0.0,€1.2M,1.2,1.702233753950256,0.5022337539502559,0.5022337539502559
Tyrone Mings,Aston Villa,DF,31,1120.0,0,0,0.8,0.2,40,7,7,0.0,€4.1M,4.1,4.000167770241402,-0.09983222975859807,0.09983222975859807
Yankuba Minteh,Brighton,"FW,MF",20,1838.0,6,4,4.1,5.0,48,48,11,0.0,€43.2M,43.2,44.60833541143097,1.4083354114309685,1.4083354114309685
Tyrick Mitchell,Crystal Palace,DF,24,3092.0,0,5,1.3,6.4,70,91,19,0.0,€28.1M,28.1,26.800859218872986,-1.299140781127015,1.299140781127015
Kaoru Mitoma,Brighton,"FW,MF",27,2603.0,10,4,9.2,4.6,89,45,14,0.0,€42.7M,42.7,44.66731045148785,1.9673104514878474,1.9673104514878474
Jeremy Monga,Leicester City,"FW,MF",15,112.0,0,0,0.2,0.0,3,2,0,0.0,€66M,66.0,8.266358780502687,-57.733641219497315,57.733641219497315
Mikey Moore,Tottenham,FW,16,366.0,0,1,0.2,0.3,9,2,1,0.0,€16.7M,16.7,18.88820113463631,2.188201134636312,2.188201134636312
Morato,Nott'ham Forest,DF,23,907.0,0,0,0.2,0.0,19,22,10,0.0,€18.8M,18.8,17.720090713782437,-1.079909286217564,1.079909286217564
Álex Moreno,Nott'ham Forest,"DF,MF",31,955.0,0,1,0.2,1.3,34,25,15,0.0,€5.1M,5.1,4.671341504168668,-0.428658495831332,0.428658495831332
Sam Morsy,Ipswich Town,MF,32,2751.0,1,1,0.4,1.2,120,68,29,0.0,€0.7M,0.7,5.267795605906607,4.567795605906607,4.567795605906607
Yerson Mosquera,Wolves,DF,23,441.0,0,0,0.3,0.1,7,11,10,0.0,€12.2M,12.2,16.61474409194044,4.414744091940442,4.414744091940442
Mason Mount,Manchester Utd,MF,25,622.0,1,0,3.2,0.6,33,15,4,0.0,€35.7M,35.7,29.828656960347203,-5.8713430396528,5.8713430396528
Mykhailo Mudryk,Chelsea,FW,23,151.0,0,0,0.3,1.0,5,2,0,0.0,€37.8M,37.8,17.038392209276548,-20.76160779072345,20.76160779072345
Marshall Munetsi,Wolves,"MF,FW",28,1078.0,2,1,3.3,1.8,10,24,6,0.0,€18.4M,18.4,15.59981353294053,-2.8001864670594685,2.8001864670594685
Rodrigo Muniz,Fulham,FW,23,964.0,8,1,5.8,0.7,27,10,5,0.0,€6.3M,6.3,17.673803202003263,11.373803202003263,11.373803202003263
Daniel Muñoz,Crystal Palace,DF,28,3228.0,4,5,4.9,5.5,97,123,44,0.0,€32.1M,32.1,35.74302083880778,3.6430208388077787,3.6430208388077787
Arijanet Muric,Ipswich Town,GK,25,1620.0,0,0,0.0,0.0,1,0,0,33.2,€5.5M,5.5,9.534799306929944,4.034799306929944,4.034799306929944
Murillo,Nott'ham Forest,DF,22,3188.0,2,0,1.4,1.2,115,53,36,0.0,€68.5M,68.5,56.17416954202154,-12.325830457978462,12.325830457978462
Jacob Murphy,Newcastle Utd,FW,29,2360.0,8,12,5.7,8.9,83,28,13,0.0,€16.1M,16.1,36.036495610743685,19.936495610743684,19.936495610743684
Vitaliy Mykolenko,Everton,DF,25,3082.0,1,2,0.5,2.6,110,63,44,0.0,€28.8M,28.8,30.983582877228706,2.183582877228705,2.183582877228705
Iliman Ndiaye,Everton,FW,24,2430.0,9,0,6.2,1.9,59,53,20,0.0,€25.7M,25.7,30.48303500489339,4.783035004893392,4.783035004893392
Wilfred Ndidi,Leicester City,MF,27,2324.0,0,5,2.0,1.9,70,85,31,0.0,€15.7M,15.7,18.302823001809962,2.6028230018099627,2.6028230018099627
Kosta Nedeljković,Aston Villa,DF,18,126.0,0,0,0.0,0.0,6,7,0,0.0,€13.9M,13.9,12.123232058966186,-1.776767941033814,1.776767941033814
Reiss Nelson,Fulham,FW,24,487.0,1,1,1.1,1.0,35,8,5,0.0,€16.4M,16.4,19.842024914252065,3.442024914252066,3.442024914252066
Neto,Bournemouth,GK,35,180.0,0,0,0.0,0.0,0,0,0,33.3,€0.9M,0.9,1.4697713785204995,0.5697713785204995,0.5697713785204995
Pedro Neto,Chelsea,FW,24,2269.0,4,6,3.5,6.7,60,23,9,0.0,€61.3M,61.3,51.4939235747005,-9.806076425299494,9.806076425299494
Eddie Nketiah,Crystal Palace,"FW,MF",25,1034.0,3,1,5.8,1.7,19,15,3,0.0,€21.4M,21.4,24.694283330082754,3.294283330082756,3.294283330082756
Christopher Nkunku,Chelsea,FW,26,921.0,3,2,4.8,2.1,25,12,7,0.0,€38.1M,38.1,37.4282616129865,-0.6717383870134981,0.6717383870134981
Matheus Nunes,Manchester City,"DF,MF",25,1674.0,1,6,1.2,4.4,79,35,15,0.0,€42.4M,42.4,30.855105049839704,-11.544894950160295,11.544894950160295
Darwin Núñez,Liverpool,FW,25,1133.0,5,2,5.8,1.3,27,21,4,0.0,€31.8M,31.8,27.130929390667255,-4.669070609332746,4.669070609332746
Christian Nørgaard,Brentford,MF,30,2819.0,5,4,4.3,1.3,154,79,49,0.0,€11.4M,11.4,16.07680367788909,4.6768036778890885,4.6768036778890885
Jake O'Brien,Everton,DF,23,1571.0,2,0,0.8,0.6,50,26,4,0.0,€22.3M,22.3,21.68310572844446,-0.616894271555541,0.616894271555541
Matt O'Riley,Brighton,MF,23,938.0,2,2,2.8,2.4,38,16,13,0.0,€25M,25.0,25.37879934792064,0.37879934792064063,0.37879934792064063
Dara O'Shea,Ipswich Town,DF,25,3122.0,0,2,1.3,0.5,80,49,33,0.0,€16.3M,16.3,21.05470809340352,4.754708093403519,4.754708093403519
Chidozie Obi-Martin,Manchester Utd,FW,16,165.0,0,0,0.7,0.0,1,2,0,0.0,€1.6M,1.6,10.971955586824981,9.371955586824981,9.371955586824981
Wilson Odobert,Tottenham,"FW,MF",19,850.0,1,0,1.6,1.0,27,14,4,0.0,€28.4M,28.4,26.52973020600199,-1.870269793998009,1.870269793998009
Chiedozie Ogbene,Ipswich Town,FW,27,238.0,0,0,0.0,0.1,0,7,1,0.0,€5.9M,5.9,6.50289029509567,0.60289029509567,0.60289029509567
Caleb Okoli,Leicester City,DF,23,1125.0,1,0,0.6,0.0,32,25,15,0.0,€13M,13.0,15.130232622400147,2.130232622400147,2.130232622400147
Robin Olsen,Aston Villa,GK,34,226.0,0,0,0.0,0.0,0,1,0,35.2,€0.8M,0.8,1.3540209995940435,0.5540209995940435,0.5540209995940435
Amadou Onana,Aston Villa,MF,22,1617.0,3,0,2.1,0.7,75,55,26,0.0,€60.6M,60.6,26.763395647877527,-33.83660435212248,33.83660435212248
André Onana,Manchester Utd,GK,28,3060.0,0,0,0.0,0.2,1,2,0,26.8,€27.4M,27.4,25.49625134178759,-1.9037486582124075,1.9037486582124075
Paul Onuachu,Southampton,FW,30,1050.0,4,1,3.6,0.5,13,7,1,0.0,€4.5M,4.5,6.158378939536447,1.6583789395364468,1.6583789395364468
Stefan Ortega,Manchester City,GK,31,1100.0,0,0,0.0,0.0,0,0,0,38.5,€6.5M,6.5,9.242626675545399,2.7426266755453987,2.7426266755453987
William Osula,Newcastle Utd,FW,20,134.0,1,0,0.2,0.1,4,2,4,0.0,€10.3M,10.3,13.649807983783734,3.349807983783734,3.349807983783734
Dango Ouattara,Bournemouth,FW,22,2005.0,7,4,8.4,5.5,43,35,11,0.0,€38.8M,38.8,44.244920686950444,5.4449206869504465,5.4449206869504465
Nico O’Reilly,Manchester City,DF,19,528.0,2,0,1.3,0.4,17,9,4,0.0,€26.3M,26.3,26.15371173744157,-0.14628826255843208,0.14628826255843208
Alex Palmer,Ipswich Town,GK,27,1170.0,0,0,0.0,0.0,1,0,0,38.2,€1.2M,1.2,6.123884848149894,4.923884848149894,4.923884848149894
Cole Palmer,Chelsea,"MF,FW",22,3191.0,15,8,17.3,10.9,214,34,11,0.0,€115.4M,115.4,73.13932313512223,-42.26067686487778,42.26067686487778
Emerson Palmieri,West Ham,DF,29,2113.0,2,1,2.0,1.5,66,60,21,0.0,€10.7M,10.7,9.884644109657327,-0.8153558903426728,0.8153558903426728
Lucas Paquetá,West Ham,"MF,FW",26,2380.0,4,0,5.3,3.1,155,66,18,0.0,€62M,62.0,55.35560984940044,-6.644390150599563,6.644390150599563
Thomas Partey,Arsenal,"MF,DF",31,2797.0,4,2,2.3,2.1,185,89,35,0.0,€13.9M,13.9,24.605657394321273,10.705657394321273,10.705657394321273
Nathan Patterson,Everton,DF,22,347.0,0,1,0.1,0.4,13,11,2,0.0,€17.8M,17.8,16.974340980195333,-0.825659019804668,0.825659019804668
Andreas Pereira,Fulham,MF,28,2013.0,2,4,3.8,4.6,104,24,8,0.0,€17.9M,17.9,18.486891699457573,0.5868916994575741,0.5868916994575741
Ricardo Pereira,Leicester City,DF,30,388.0,0,0,0.1,0.0,18,13,4,0.0,€1.9M,1.9,3.5855310990283438,1.6855310990283439,1.6855310990283439
Kalvin Phillips,Ipswich Town,MF,28,1237.0,0,0,0.4,0.2,51,35,19,0.0,€14.2M,14.2,12.305669672187955,-1.8943303278120442,1.8943303278120442
Jaden Philogene Bidace,Aston Villa,"FW,MF",22,332.0,0,0,0.5,0.3,4,11,3,0.0,€18.1M,18.1,18.164072306755976,0.06407230675597475,0.06407230675597475
Jaden Philogene Bidace,Aston Villa,"FW,MF",22,332.0,0,0,0.5,0.3,4,11,3,0.0,€18.1M,18.1,18.164072306755976,0.06407230675597475,0.06407230675597475
Jaden Philogene Bidace,Ipswich Town,"FW,DF",22,474.0,2,0,2.0,0.2,10,14,10,0.0,€18.1M,18.1,16.435235899849907,-1.6647641001500944,1.6647641001500944
Jaden Philogene Bidace,Ipswich Town,"FW,DF",22,474.0,2,0,2.0,0.2,10,14,10,0.0,€18.1M,18.1,16.435235899849907,-1.6647641001500944,1.6647641001500944
Jordan Pickford,Everton,GK,30,3420.0,0,1,0.0,0.4,0,1,1,37.7,€15.6M,15.6,14.99172709837216,-0.6082729016278403,0.6082729016278403
Ethan Pinnock,Brentford,DF,31,1913.0,2,0,1.1,1.2,41,35,24,0.0,€6.5M,6.5,11.293349198839232,4.793349198839232,4.793349198839232
Nick Pope,Newcastle Utd,GK,32,2520.0,0,0,0.0,0.0,1,0,1,28.0,€9.4M,9.4,10.684110084498483,1.284110084498483,1.284110084498483
Pedro Porro,Tottenham,DF,24,2610.0,2,6,1.6,5.0,154,66,36,0.0,€48.3M,48.3,45.946893068151766,-2.353106931848231,2.353106931848231
Jarell Quansah,Liverpool,DF,21,495.0,0,0,0.1,0.1,19,12,7,0.0,€24.2M,24.2,20.385646715437332,-3.8143532845626673,3.8143532845626673
Aaron Ramsdale,Southampton,GK,26,2700.0,0,0,0.0,0.0,0,0,2,32.4,€19.5M,19.5,21.157915352579202,1.6579153525792023,1.6579153525792023
Jacob Ramsey,Aston Villa,"FW,MF",23,1623.0,1,3,1.6,2.3,68,30,8,0.0,€40.8M,40.8,30.356610318661065,-10.443389681338932,10.443389681338932
Marcus Rashford,Manchester Utd,"FW,MF",26,978.0,4,1,1.7,2.1,21,7,4,0.0,€54.6M,54.6,44.153122680306325,-10.446877319693677,10.446877319693677
Marcus Rashford,Manchester Utd,"FW,MF",26,978.0,4,1,1.7,2.1,21,7,4,0.0,€54.6M,54.6,44.153122680306325,-10.446877319693677,10.446877319693677
Marcus Rashford,Aston Villa,FW,26,444.0,2,2,3.1,2.3,13,10,1,0.0,€54.6M,54.6,47.076193547137166,-7.523806452862836,7.523806452862836
Marcus Rashford,Aston Villa,FW,26,444.0,2,2,3.1,2.3,13,10,1,0.0,€54.6M,54.6,47.076193547137166,-7.523806452862836,7.523806452862836
David Raya,Arsenal,GK,28,3420.0,0,0,0.0,0.0,14,0,2,31.2,€40.9M,40.9,32.41011679362341,-8.48988320637659,8.48988320637659
Harrison Reed,Fulham,MF,29,108.0,0,0,0.2,0.1,4,6,1,0.0,€5M,5.0,5.347697296788539,0.3476972967885388,0.3476972967885388
Sergio Reguilón,Tottenham,DF,27,196.0,0,0,0.1,0.0,13,4,4,0.0,€2.3M,2.3,9.38182747758186,7.08182747758186,7.08182747758186
Declan Rice,Arsenal,MF,25,2825.0,4,7,3.5,6.6,192,53,25,0.0,€114.2M,114.2,98.85426537493662,-15.345734625063386,15.345734625063386
Chris Richards,Crystal Palace,DF,24,1922.0,1,0,1.4,0.1,39,47,19,0.0,€14.9M,14.9,19.95230882290985,5.052308822909849,5.052308822909849
Richarlison,Tottenham,FW,27,504.0,4,1,3.7,0.9,11,5,0,0.0,€19.3M,19.3,19.55960760351561,0.2596076035156081,0.2596076035156081
Andrew Robertson,Liverpool,DF,30,2482.0,0,1,1.2,4.6,176,39,21,0.0,€15.2M,15.2,22.135597071580943,6.935597071580943,6.935597071580943
Antonee Robinson,Fulham,DF,26,3167.0,0,10,0.7,4.2,131,95,62,0.0,€43.4M,43.4,42.36091587301699,-1.0390841269830062,1.0390841269830062
Jay Robinson,Southampton,"MF,FW",17,137.0,0,0,0.0,0.7,1,4,0,0.0,€1.8M,1.8,8.58137952132681,6.7813795213268095,6.7813795213268095
Guido Rodríguez,West Ham,MF,30,1149.0,0,1,0.2,0.2,33,36,13,0.0,€12.5M,12.5,7.873993786319301,-4.626006213680699,4.626006213680699
Mads Roerslev,Brentford,DF,25,1101.0,0,2,0.2,3.0,51,18,4,0.0,€6.4M,6.4,19.769895990119906,13.369895990119906,13.369895990119906
Morgan Rogers,Aston Villa,"FW,MF",22,3114.0,8,10,6.6,7.8,123,43,6,0.0,€66.9M,66.9,62.1833707769666,-4.716629223033408,4.716629223033408
Cristian Romero,Tottenham,DF,26,1416.0,1,0,1.6,0.6,71,35,21,0.0,€50.4M,50.4,37.36456969773952,-13.03543030226048,13.03543030226048
Georginio Rutter,Brighton,"MF,FW",22,1656.0,5,3,4.6,2.5,67,39,10,0.0,€40.9M,40.9,41.06806770724396,0.16806770724396358,0.16806770724396358
José Sá,Wolves,GK,31,2609.0,0,0,0.0,0.2,2,2,0,24.6,€8.8M,8.8,9.484134671025855,0.6841346710258538,0.6841346710258538
Bukayo Saka,Arsenal,"FW,MF",22,1729.0,6,10,6.8,7.6,70,29,3,0.0,€105M,105.0,54.59405944176218,-50.40594055823782,50.40594055823782
Mohamed Salah,Liverpool,FW,32,3371.0,29,18,25.2,14.2,144,21,9,0.0,€45.8M,45.8,65.51740694444413,19.717406944444136,19.717406944444136
William Saliba,Arsenal,DF,23,3039.0,2,0,2.3,0.9,138,62,21,0.0,€77.2M,77.2,69.15078092127239,-8.049219078727617,8.049219078727617
Robert Sánchez,Chelsea,GK,26,2880.0,0,0,0.0,0.1,1,0,2,23.1,€24.9M,24.9,24.551063023725927,-0.3489369762740715,0.3489369762740715
Jadon Sancho,Chelsea,FW,24,1764.0,3,4,2.2,3.7,90,13,2,0.0,€31.5M,31.5,35.54236779259953,4.042367792599528,4.042367792599528
Ibrahim Sangaré,Nott'ham Forest,MF,26,590.0,0,1,0.0,0.4,27,28,6,0.0,€24.7M,24.7,17.210107309977335,-7.489892690022664,7.489892690022664
Pablo Sarabia,Wolves,"MF,FW",32,814.0,3,2,2.9,1.8,60,16,4,0.0,€3.4M,3.4,4.716999004405274,1.316999004405274,1.316999004405274
Ismaila Sarr,Crystal Palace,MF,26,2711.0,8,6,10.7,8.5,85,22,9,0.0,€28.5M,28.5,40.45088920504083,11.95088920504083,11.95088920504083
Sávio,Manchester City,"FW,MF",20,1766.0,1,8,5.0,6.9,67,23,6,0.0,€1.2M,1.2,21.388477177008323,20.188477177008323,20.188477177008323
Oliver Scarles,West Ham,"DF,FW",18,665.0,0,0,0.1,0.1,22,21,11,0.0,€13.2M,13.2,18.594287765953837,5.3942877659538375,5.3942877659538375
Kevin Schade,Brentford,FW,22,2293.0,11,2,8.2,3.7,38,39,5,0.0,€37.7M,37.7,40.783863330954865,3.0838633309548626,3.0838633309548626
Fabian Schär,Newcastle Utd,DF,32,2934.0,4,0,3.7,0.4,118,36,45,0.0,€10.3M,10.3,11.857783905481645,1.557783905481644,1.557783905481644
Jeffrey Schlupp,Crystal Palace,"MF,DF",31,103.0,0,0,0.2,0.2,5,2,0,0.0,€1.6M,1.6,3.064416490075367,1.464416490075367,1.464416490075367
Alex Scott,Bournemouth,MF,20,755.0,0,0,0.7,0.9,52,27,10,0.0,€26.1M,26.1,23.041686744121677,-3.058313255878325,3.058313255878325
Matz Sels,Nott'ham Forest,GK,32,3420.0,0,0,0.0,0.4,2,1,0,35.0,€8M,8.0,10.514972541443854,2.5149725414438535,2.5149725414438535
Nélson Semedo,Wolves,DF,30,2886.0,0,4,0.9,2.8,80,62,23,0.0,€6.3M,6.3,9.168625961125509,2.8686259611255087,2.8686259611255087
Antoine Semenyo,Bournemouth,FW,24,3203.0,11,5,10.0,5.8,109,55,11,0.0,€44.8M,44.8,48.16508013402251,3.365080134022513,3.365080134022513
Marcos Senesi,Bournemouth,DF,27,1106.0,0,0,0.8,0.2,62,39,14,0.0,€18.4M,18.4,18.327889813500004,-0.07211018649999446,0.07211018649999446
Ryan Sessegnon,Fulham,"FW,DF",24,580.0,4,2,1.6,1.1,22,27,3,0.0,€15.7M,15.7,17.407557888996664,1.7075578889966643,1.7075578889966643
Luke Shaw,Manchester Utd,DF,29,349.0,0,0,0.0,0.7,24,4,2,0.0,€12.3M,12.3,8.36305810194683,-3.9369418980531705,3.9369418980531705
Bernardo Silva,Manchester City,"MF,FW",29,2670.0,4,4,3.9,5.1,134,56,23,0.0,€36.3M,36.3,34.47873205328271,-1.8212679467172848,1.8212679467172848
Jota Silva,Nott'ham Forest,"FW,MF",24,854.0,3,1,2.1,2.9,18,27,12,0.0,€18.6M,18.6,22.347394104099916,3.7473941040999144,3.7473941040999144
Jahmai Simpson-Pusey,Manchester City,DF,18,96.0,0,0,0.0,0.0,3,1,0,0.0,€5.3M,5.3,9.306587868474757,4.006587868474758,4.006587868474758
Luis Sinisterra,Bournemouth,"FW,MF",25,236.0,1,1,1.2,1.4,6,7,1,0.0,€16.5M,16.5,16.97684115733378,0.4768411573337801,0.4768411573337801
Oliver Skipp,Leicester City,MF,23,1129.0,0,0,0.4,0.3,35,21,11,0.0,€11.5M,11.5,15.452716740175871,3.9527167401758714,3.9527167401758714
Adam Smith,Bournemouth,DF,33,1590.0,0,0,0.7,0.4,49,24,15,0.0,€0.9M,0.9,3.1272919902686516,2.2272919902686517,2.2272919902686517
Emile Smith Rowe,Fulham,MF,24,2043.0,6,3,4.5,1.4,126,31,11,0.0,€37.3M,37.3,51.22146753062994,13.92146753062994,13.92146753062994
Dominic Solanke,Tottenham,FW,26,2201.0,9,3,10.9,2.9,47,18,1,0.0,€47.8M,47.8,46.50664384173871,-1.2933561582612896,1.2933561582612896
Carlos Soler,West Ham,"MF,FW",27,1409.0,1,1,1.8,1.4,56,16,8,0.0,€14.9M,14.9,18.401123271756873,3.5011232717568728,3.5011232717568728
Ramón Sosa,Nott'ham Forest,"FW,MF",24,295.0,1,0,1.0,0.5,6,5,4,0.0,€13.5M,13.5,17.642461439793475,4.142461439793475,4.142461439793475
Tomáš Souček,West Ham,MF,29,2567.0,9,1,6.7,1.0,74,46,20,0.0,€19.4M,19.4,18.828458000281888,-0.5715419997181108,0.5715419997181108
Boubakary Soumaré,Leicester City,MF,25,2171.0,0,0,0.3,0.4,105,37,27,0.0,€9.6M,9.6,19.041891978123786,9.441891978123786,9.441891978123786
Djed Spence,Tottenham,DF,23,1792.0,1,2,0.6,1.8,105,47,21,0.0,€25.4M,25.4,30.691898455384713,5.291898455384715,5.291898455384715
Jason Steele,Brighton,GK,33,180.0,0,0,0.0,0.0,0,0,0,43.8,€0.9M,0.9,17.5857134333536,16.6857134333536,16.6857134333536
Jack Stephens,Southampton,DF,30,1389.0,1,0,0.6,0.2,63,34,13,0.0,€1.2M,1.2,4.323806634657024,3.123806634657024,3.123806634657024
Raheem Sterling,Arsenal,"FW,MF",29,499.0,0,2,1.4,0.5,18,9,1,0.0,€11.8M,11.8,10.580786276998513,-1.219213723001488,1.219213723001488
Ross Stewart,Southampton,FW,28,389.0,1,0,1.1,0.0,2,6,1,0.0,€2M,2.0,7.227222000640597,5.227222000640597,5.227222000640597
Jakub Stolarczyk,Leicester City,GK,23,900.0,0,0,0.0,0.0,1,2,0,29.2,€1.1M,1.1,7.69978710856783,6.5997871085678295,6.5997871085678295
John Stones,Manchester City,"DF,MF",30,548.0,2,0,0.4,0.1,21,6,4,0.0,€17M,17.0,14.7459705274091,-2.2540294725909007,2.2540294725909007
Jørgen Strand Larsen,Wolves,FW,24,2587.0,14,4,10.3,3.0,29,10,6,0.0,€38.3M,38.3,45.12864040704257,6.82864040704257,6.82864040704257
Yukinari Sugawara,Southampton,"DF,MF",24,1557.0,1,1,0.5,2.2,72,31,11,0.0,€11.7M,11.7,19.989757572220654,8.289757572220655,8.289757572220655
Kamaldeen Sulemana,Southampton,"FW,MF",22,1402.0,1,1,1.5,1.0,27,22,6,0.0,€17.1M,17.1,18.11588233838714,1.01588233838714,1.01588233838714
Crysencio Summerville,West Ham,"FW,MF",22,786.0,1,1,1.6,1.7,18,13,0,0.0,€26M,26.0,20.66641282876421,-5.333587171235791,5.333587171235791
Sammie Szmodics,Ipswich Town,"FW,MF",28,992.0,4,0,3.4,0.2,19,16,6,0.0,€8.5M,8.5,11.414013792806568,2.9140137928065677,2.9140137928065677
Dominik Szoboszlai,Liverpool,MF,23,2491.0,6,6,7.3,7.4,131,38,9,0.0,€81.1M,81.1,73.77403984815332,-7.325960151846672,7.325960151846672
James Tarkowski,Everton,DF,31,2922.0,1,1,1.3,2.9,75,64,41,0.0,€6.5M,6.5,7.75404104487286,1.25404104487286,1.25404104487286
Marcus Tavernier,Bournemouth,"FW,MF",25,1939.0,3,5,5.5,4.0,128,43,5,0.0,€24.8M,24.8,38.299254472994086,13.499254472994085,13.499254472994085
Charlie Taylor,Southampton,DF,30,356.0,0,0,0.0,0.1,9,7,5,0.0,€1.0M,1.0,2.2547114865505486,1.2547114865505486,1.2547114865505486
Jack Taylor,Ipswich Town,MF,26,860.0,1,0,0.7,0.5,43,20,9,0.0,€1.7M,1.7,10.64139991405393,8.94139991405393,8.94139991405393
Mathys Tel,Tottenham,FW,19,911.0,2,1,3.0,2.6,21,16,2,0.0,€50M,50.0,42.43144780656936,-7.568552193430641,7.568552193430641
Kenny Tete,Fulham,DF,28,1774.0,0,2,1.4,0.9,63,56,32,0.0,€16.4M,16.4,14.404976294399612,-1.9950237056003868,1.9950237056003868
Thiago,Brentford,"FW,MF",23,175.0,0,0,0.1,0.1,4,5,2,0.0,€0.7M,0.7,8.839142638000364,8.139142638000365,8.139142638000365
Luke Thomas,Leicester City,DF,23,1110.0,0,0,0.4,0.5,37,31,21,0.0,€4.4M,4.4,13.369157712028858,8.969157712028858,8.969157712028858
Youri Tielemans,Aston Villa,MF,27,3026.0,3,7,3.3,7.0,235,84,23,0.0,€39.6M,39.6,50.09552206997776,10.49552206997776,10.49552206997776
Kieran Tierney,Arsenal,"DF,FW",27,259.0,1,0,0.4,1.4,15,7,3,0.0,€5.7M,5.7,16.385338557408417,10.685338557408418,10.685338557408418
Jurriën Timber,Arsenal,DF,23,2417.0,1,3,1.2,0.8,146,58,22,0.0,€65.5M,65.5,60.74509302375296,-4.754906976247042,4.754906976247042
Jean-Clair Todibo,West Ham,DF,24,1825.0,0,0,0.4,0.0,38,47,26,0.0,€22.8M,22.8,20.188272181631575,-2.6117278183684256,2.6117278183684256
Harry Toffolo,Nott'ham Forest,DF,28,137.0,0,0,0.0,0.0,2,5,2,0.0,€1.8M,1.8,6.458594441164745,4.6585944411647455,4.6585944411647455
Sandro Tonali,Newcastle Utd,MF,24,2630.0,4,2,4.4,2.2,128,51,34,0.0,€68.2M,68.2,59.772194943096544,-8.427805056903459,8.427805056903459
Pau Torres,Aston Villa,DF,27,2020.0,0,0,0.5,0.1,97,21,10,0.0,€37.6M,37.6,29.772893663666583,-7.827106336333419,7.827106336333419
Conor Townsend,Ipswich Town,DF,31,335.0,0,1,0.0,0.7,8,11,4,0.0,€0.6M,0.6,2.075053760993521,1.475053760993521,1.475053760993521
Adama Traoré,Fulham,"FW,MF",28,1772.0,2,7,4.0,4.9,68,20,1,0.0,€7.3M,7.3,14.594494543583881,7.294494543583881,7.294494543583881
Mark Travers,Bournemouth,GK,25,450.0,0,0,0.0,0.0,0,0,0,45.2,€5.4M,5.4,11.035048112962201,5.635048112962201,5.635048112962201
Kieran Trippier,Newcastle Utd,DF,33,1309.0,0,3,0.1,1.4,117,38,12,0.0,€2.3M,2.3,4.828910217846474,2.528910217846474,2.528910217846474
Leandro Trossard,Arsenal,FW,29,2546.0,8,7,7.2,6.1,101,31,9,0.0,€17.7M,17.7,40.50526460433854,22.805264604338543,22.805264604338543
Kostas Tsimikas,Liverpool,DF,28,837.0,0,1,0.4,2.1,76,31,11,0.0,€17.1M,17.1,15.530632520073272,-1.5693674799267292,1.5693674799267292
Axel Tuanzebe,Ipswich Town,DF,26,1710.0,0,1,0.2,0.3,61,31,23,0.0,€4M,4.0,13.677522718607317,9.677522718607317,9.677522718607317
Destiny Udogie,Tottenham,DF,21,1924.0,0,1,0.3,1.5,121,75,22,0.0,€54.5M,54.5,48.420440616579434,-6.079559383420566,6.079559383420566
Manuel Ugarte,Manchester Utd,MF,23,1785.0,1,2,1.0,1.1,61,77,27,0.0,€52.6M,52.6,44.56042403502183,-8.03957596497817,8.03957596497817
Lesley Ugochukwu,Southampton,MF,20,1655.0,1,1,0.9,1.0,49,50,14,0.0,€23M,23.0,22.474328117750122,-0.5256718822498776,0.5256718822498776
Enes Ünal,Bournemouth,"FW,MF",27,345.0,2,1,2.7,0.4,12,1,0,0.0,€12M,12.0,15.522604917874096,3.522604917874096,3.522604917874096
Hákon Valdimarsson,Brentford,GK,22,145.0,0,0,0.0,0.0,0,0,0,39.5,€2.4M,2.4,6.992336994635213,4.592336994635213,4.592336994635213
Virgil van Dijk,Liverpool,DF,33,3330.0,3,1,2.2,0.7,198,38,56,0.0,€15.2M,15.2,17.023070693542508,1.8230706935425083,1.8230706935425083
Jamie Vardy,Leicester City,FW,37,2823.0,9,4,11.2,3.0,22,19,5,0.0,€1M,1.0,12.63640920422172,11.63640920422172,11.63640920422172
Renato Veiga,Chelsea,"DF,MF",21,181.0,0,0,0.1,0.0,7,9,1,0.0,€26M,26.0,22.603905008573182,-3.3960949914268177,3.3960949914268177
Joël Veltman,Brighton,DF,32,1697.0,0,0,0.5,0.5,85,43,19,0.0,€2.7M,2.7,4.808617843128973,2.1086178431289726,2.1086178431289726
Micky van de Ven,Tottenham,DF,23,1015.0,0,2,0.6,1.2,51,10,10,0.0,€61.1M,61.1,46.35314276682427,-14.746857233175731,14.746857233175731
Bart Verbruggen,Brighton,GK,21,3240.0,0,1,0.0,0.0,2,0,0,31.6,€42.3M,42.3,32.23285135882961,-10.067148641170384,10.067148641170384
Jannik Vestergaard,Leicester City,DF,31,1391.0,0,0,0.1,0.1,32,22,16,0.0,€1.6M,1.6,2.9747619072464317,1.3747619072464317,1.3747619072464317
Guglielmo Vicario,Tottenham,GK,27,2160.0,0,0,0.0,0.0,1,0,1,29.5,€40.5M,40.5,31.80689268698898,-8.69310731301102,8.69310731301102
Kyle Walker-Peters,Southampton,DF,27,2918.0,0,2,0.8,2.8,139,44,19,0.0,€18.8M,18.8,23.01478443926543,4.214784439265429,4.214784439265429
Christian Walton,Ipswich Town,GK,28,630.0,0,0,0.0,0.0,0,0,0,36.2,€0.8M,0.8,3.8248734657902075,3.0248734657902077,3.0248734657902077
Aaron Wan-Bissaka,West Ham,DF,26,3154.0,2,5,1.2,3.5,149,70,66,0.0,€25M,25.0,33.66133766124227,8.661337661242271,8.661337661242271
Danny Ward,Leicester City,GK,31,135.0,0,0,0.0,0.0,0,0,0,45.5,€0.8M,0.8,15.761583022300279,14.961583022300278,14.961583022300278
James Ward-Prowse,West Ham,MF,29,1039.0,1,1,1.6,1.9,54,20,8,0.0,€7.7M,7.7,8.004663595977306,0.3046635959773054,0.3046635959773054
James Ward-Prowse,West Ham,MF,29,1039.0,1,1,1.6,1.9,54,20,8,0.0,€7.7M,7.7,8.004663595977306,0.3046635959773054,0.3046635959773054
James Ward-Prowse,Nott'ham Forest,MF,29,400.0,0,1,0.1,1.1,16,4,5,0.0,€7.7M,7.7,6.951149028685897,-0.7488509713141029,0.7488509713141029
James Ward-Prowse,Nott'ham Forest,MF,29,400.0,0,1,0.1,1.1,16,4,5,0.0,€7.7M,7.7,6.951149028685897,-0.7488509713141029,0.7488509713141029
Ollie Watkins,Aston Villa,FW,28,2598.0,16,8,15.3,3.3,31,10,8,0.0,€64.6M,64.6,53.08391810906652,-11.51608189093347,11.51608189093347
Adam Webster,Brighton,DF,29,887.0,0,0,0.2,0.5,63,10,20,0.0,€7.7M,7.7,6.831375245766729,-0.868624754233271,0.868624754233271
Danny Welbeck,Brighton,FW,33,2115.0,10,4,9.6,1.4,47,26,5,0.0,€4.3M,4.3,7.333582886099034,3.033582886099034,3.033582886099034
Welington,Southampton,DF,23,482.0,0,0,0.0,0.1,11,21,7,0.0,€2M,2.0,11.17424022794695,9.17424022794695,9.17424022794695
Timo Werner,Tottenham,"FW,MF",28,516.0,0,3,1.0,2.5,30,6,1,0.0,€3.5M,3.5,10.484925550958904,6.984925550958904,6.984925550958904
Adam Wharton,Crystal Palace,MF,20,1318.0,0,2,0.4,3.0,107,34,20,0.0,€55.7M,55.7,48.049586197839524,-7.650413802160479,7.650413802160479
Ben White,Arsenal,DF,26,1198.0,0,2,0.5,1.4,59,20,16,0.0,€51.3M,51.3,38.02826048926044,-13.271739510739557,13.271739510739557
Mats Wieffer,Brighton,"DF,MF",24,1015.0,1,3,0.8,1.6,62,58,17,0.0,€16.6M,16.6,21.429527147730514,4.829527147730513,4.829527147730513
Neco Williams,Nott'ham Forest,DF,23,2594.0,1,3,2.3,1.6,89,90,31,0.0,€27.3M,27.3,25.38367291465704,-1.9163270853429601,1.9163270853429601
Willian,Fulham,"FW,MF",35,257.0,0,0,0.3,0.5,40,4,1,0.0,€0.5M,0.5,2.381133905142689,1.881133905142689,1.881133905142689
Joe Willock,Newcastle Utd,"MF,FW",24,1086.0,0,2,1.6,2.1,41,30,6,0.0,€20.8M,20.8,22.52231581805183,1.722315818051829,1.722315818051829
Callum Wilson,Newcastle Utd,FW,32,370.0,0,0,0.4,0.1,4,2,1,0.0,€5.6M,5.6,7.355257884260019,1.7552578842600193,1.7552578842600193
Harry Wilson,Fulham,"FW,MF",27,1162.0,6,1,4.2,1.1,51,20,7,0.0,€14M,14.0,17.78685013810459,3.7868501381045903,3.7868501381045903
Harry Winks,Leicester City,MF,28,1538.0,0,2,0.2,1.2,101,24,9,0.0,€4.6M,4.6,10.27959850841233,5.6795985084123295,5.6795985084123295
Yoane Wissa,Brentford,FW,27,2919.0,19,4,18.5,2.6,67,22,8,0.0,€25.5M,25.5,49.60096871536835,24.100968715368353,24.100968715368353
Chris Wood,Nott'ham Forest,FW,32,2959.0,20,3,13.4,2.6,42,6,5,0.0,€6.8M,6.8,26.541854238592283,19.741854238592282,19.741854238592282
Nathan Wood-Gordon,Southampton,DF,22,773.0,0,0,0.2,0.0,17,14,5,0.0,€1.8M,1.8,17.643296580774066,15.843296580774066,15.843296580774066
Luke Woolfenden,Ipswich Town,DF,25,1187.0,0,0,0.0,0.0,15,9,19,0.0,€1.8M,1.8,13.349800834482219,11.549800834482218,11.549800834482218
Yehor Yarmoliuk,Brentford,MF,20,1450.0,0,0,0.6,0.9,63,49,13,0.0,€21.2M,21.2,22.640566193532162,1.4405661935321632,1.4405661935321632
Ryan Yates,Nott'ham Forest,MF,26,1915.0,2,1,2.3,1.2,53,42,26,0.0,€14.4M,14.4,20.47349664886997,6.073496648869968,6.073496648869968
Leny Yoro,Manchester Utd,DF,18,1165.0,0,0,0.7,0.1,52,29,18,0.0,€72.3M,72.3,41.387911840072235,-30.912088159927762,30.912088159927762
Ashley Young,Everton,DF,39,1875.0,1,3,0.3,2.3,90,58,25,0.0,€1.0M,1.0,7.225897041389299,6.225897041389299,6.225897041389299
Illia Zabarnyi,Bournemouth,DF,21,3109.0,0,1,1.3,0.7,140,52,41,0.0,€51M,51.0,51.41367056459521,0.4136705645952077,0.4136705645952077
Oleksandr Zinchenko,Arsenal,"DF,MF",27,527.0,0,1,0.6,0.2,48,6,5,0.0,€17.1M,17.1,22.105750343361336,5.005750343361335,5.005750343361335
Joshua Zirkzee,Manchester Utd,"FW,MF",23,1402.0,3,1,4.8,1.5,44,14,6,0.0,€38M,38.0,37.50115752356969,-0.4988424764303119,0.4988424764303119
Martin Ødegaard,Arsenal,MF,25,2325.0,3,8,4.8,5.4,258,19,6,0.0,€87.3M,87.3,84.77132681419174,-2.528673185808259,2.528673185808259
