Metric,BestTeam
Age,West Ham
Born,Chelsea
MP,Nott'ham Forest
Starts,Arsenal
Min,Nott'ham Forest
90s,Nott'ham Forest
Gls,Liverpool
Ast,Liverpool
G+A,Liverpool
G-PK,Liverpool
PK,Liverpool
PKatt,Liverpool
CrdY,Nott'ham Forest
CrdR,Arsenal
xG,Liverpool
npxG,Liverpool
xAG,Liverpool
npxG+xAG,Liverpool
PrgC,Manchester City
PrgP,Liverpool
PrgR,Liverpool
Gls.1,Manchester City
Ast.1,Liverpool
G+A.1,Arsenal
G-PK.1,Manchester City
G+A-PK,Arsenal
xG.1,Bournemouth
xAG.1,Chelsea
xG+xAG,Liverpool
npxG.1,Bournemouth
npxG+xAG.1,Liverpool
Sh,Liverpool
SoT,Liverpool
Sh/90,Bournemouth
SoT/90,Bournemouth
G-xG,Nott'ham Forest
np:G-xG,Nott'ham Forest
TotDist,Liverpool
PrgDist,Liverpool
Cmp.1,Manchester City
Cmp%.1,Manchester City
Cmp.2,Liverpool
Att.2,Liverpool
Cmp%.2,Manchester City
Cmp.3,Everton
Att.3,Everton
xA,Liverpool
A-xAG,Arsenal
KP,Liverpool
1/3,Liverpool
PPA,Arsenal
CrsPA,Fulham
Live,Manchester City
Dead,Liverpool
TB,Arsenal
Sw,Liverpool
Crs,Fulham
TI,Liverpool
In,Arsenal
Out,Fulham
Str,Newcastle Utd
Off,Nott'ham Forest
Blocks,Tottenham
SCA,Liverpool
SCA90,Liverpool
PassLive,Liverpool
PassDead,Arsenal
TO,Liverpool
Fld,Crystal Palace
Def,Newcastle Utd
GCA,Liverpool
GCA90,Liverpool
PassLive.1,Liverpool
PassDead.1,Arsenal
TO.1,Liverpool
Sh.1,West Ham
Fld.1,Bournemouth
Def.1,Nott'ham Forest
Tkl,Crystal Palace
TklW,Crystal Palace
Def 3rd,Nott'ham Forest
Mid 3rd,Crystal Palace
Att 3rd,Arsenal
Tkl.1,Nott'ham Forest
Lost,Nott'ham Forest
Pass,Crystal Palace
Int,Everton
Tkl+Int,Crystal Palace
Clr,Nott'ham Forest
Err,Chelsea
Touches,Liverpool
Def Pen,Brentford
Att Pen,Liverpool
Succ,Manchester City
Tkld,Tottenham
Carries,Manchester City
CPA,Manchester City
Mis,Nott'ham Forest
Dis,Newcastle Utd
Rec,Manchester City
Mn/MP,Manchester City
Min%,Nott'ham Forest
Compl,Everton
Subs,Fulham
unSub,Chelsea
PPM,Liverpool
onG,Liverpool
onGA,Leicester City
+/-,Liverpool
+/-90,Liverpool
onxG,Liverpool
onxGA,Southampton
xG+/-,Liverpool
xG+/-90,Liverpool
2CrdY,Arsenal
Fls,Bournemouth
PKwon,Bournemouth
PKcon,Wolves
Recov,Crystal Palace
Won,Brentford
