Player,Squad,Nation,Pos,Age,Cluster
Joshua Acheampong,Chelsea,eng ENG,DF,18,1
Tyler Adams,Bournemouth,us USA,MF,25,0
Tosin Adarabioyo,Chelsea,eng ENG,DF,26,1
Simon Adingra,Brighton,ci CIV,"FW,MF",22,1
Emmanuel Agbadou,Wolves,ci CIV,DF,27,1
Ola Aina,Nott'ham Forest,ng NGA,DF,27,0
Rayan Aït-Nouri,Wolves,dz ALG,DF,23,0
Kristoffer Ajer,Brentford,no NOR,DF,26,1
Manuel Akanji,Manchester City,ch SUI,DF,29,0
Nathan Aké,Manchester City,nl NED,DF,29,1
Carlos Alcaraz,Everton,ar ARG,"FW,MF",21,1
Trent Alexander-Arnold,Liverpool,eng ENG,DF,25,0
Alisson,Liverpool,br BRA,GK,31,2
Miguel Almirón,Newcastle Utd,py PAR,FW,30,1
Edson Álvarez,West Ham,mx MEX,MF,26,0
Harry Amass,Manchester Utd,eng ENG,DF,17,1
Joachim Andersen,Fulham,dk DEN,DF,28,0
Elliot Anderson,Nott'ham Forest,eng ENG,MF,21,0
André,Wolves,br BRA,MF,23,0
Michail Antonio,West Ham,jm JAM,FW,34,1
Antony,Manchester Utd,br BRA,"DF,MF",24,1
Julian Araujo,Bournemouth,mx MEX,DF,22,1
Cameron Archer,Southampton,eng ENG,FW,23,1
Alphonse Areola,West Ham,fr FRA,GK,31,2
Joe Aribo,Southampton,ng NGA,"MF,DF",28,0
Adam Armstrong,Southampton,eng ENG,"FW,MF",27,1
Kepa Arrizabalaga,Bournemouth,es ESP,GK,29,2
Marco Asensio,Aston Villa,es ESP,MF,28,1
Taiwo Awoniyi,Nott'ham Forest,ng NGA,FW,26,1
Yasin Ayari,Brighton,se SWE,MF,20,0
Jordan Ayew,Leicester City,gh GHA,"FW,MF",32,1
Benoît Badiashile,Chelsea,fr FRA,DF,23,1
Leon Bailey,Aston Villa,jm JAM,"FW,MF",26,1
Carlos Baleba,Brighton,cm CMR,MF,20,0
Ross Barkley,Aston Villa,eng ENG,MF,30,1
Harvey Barnes,Newcastle Utd,eng ENG,FW,26,3
Calvin Bassey,Fulham,ng NGA,DF,24,0
Altay Bayındır,Manchester Utd,tr TUR,GK,26,2
Jan Bednarek,Southampton,pl POL,DF,28,0
Armel Bella Kotchap,Southampton,de GER,DF,22,1
Jean-Ricner Bellegarde,Wolves,ht HAI,"MF,FW",26,3
Rodrigo Bentancur,Tottenham,uy URU,MF,27,0
Daniel Bentley,Wolves,eng ENG,GK,31,2
Sander Berge,Fulham,no NOR,MF,26,0
Lucas Bergvall,Tottenham,se SWE,MF,18,1
Victor Bernth Kristiansen,Leicester City,dk DEN,DF,21,0
Beto,Everton,gw GNB,FW,26,1
Philip Billing,Bournemouth,dk DEN,MF,28,1
Yves Bissouma,Tottenham,ml MLI,MF,27,0
Lamare Bogarde,Aston Villa,nl NED,"DF,MF",20,1
Willy Boly,Nott'ham Forest,ci CIV,DF,33,1
Sven Botman,Newcastle Utd,nl NED,DF,24,1
Jarrod Bowen,West Ham,eng ENG,"FW,MF",27,3
Conor Bradley,Liverpool,nir NIR,DF,21,1
Jarrad Branthwaite,Everton,eng ENG,DF,22,0
James Bree,Southampton,eng ENG,DF,26,1
Ben Brereton,Southampton,cl CHI,FW,25,1
Nathan Broadhead,Ipswich Town,wls WAL,"MF,FW",26,1
Armando Broja,Everton,al ALB,FW,22,1
David Brooks,Bournemouth,wls WAL,"FW,MF",27,1
Emi Buendía,Aston Villa,ar ARG,"MF,FW",27,1
Santiago Bueno,Wolves,uy URU,DF,25,1
Facundo Buonanotte,Leicester City,ar ARG,"FW,MF",19,3
Cameron Burgess,Ipswich Town,au AUS,DF,28,1
Dan Burn,Newcastle Utd,eng ENG,DF,32,0
Wes Burns,Ipswich Town,wls WAL,"FW,DF",29,1
Moisés Caicedo,Chelsea,ec ECU,"MF,DF",22,0
Tom Cairney,Fulham,sct SCO,MF,33,1
Jens Cajuste,Ipswich Town,se SWE,MF,24,0
Riccardo Calafiori,Arsenal,it ITA,DF,22,1
Dominic Calvert-Lewin,Everton,eng ENG,FW,27,1
Diego Carlos,Aston Villa,br BRA,DF,31,1
Fabio Carvalho,Brentford,pt POR,"FW,MF",21,1
Casemiro,Manchester Utd,br BRA,MF,32,0
Matty Cash,Aston Villa,pl POL,DF,26,0
Timothy Castagne,Fulham,be BEL,DF,28,0
Trevoh Chalobah,Crystal Palace,eng ENG,DF,25,1
Trevoh Chalobah,Chelsea,eng ENG,DF,25,1
Conor Chaplin,Ipswich Town,eng ENG,"MF,FW",27,1
Federico Chiesa,Liverpool,it ITA,FW,26,1
Ben Chilwell,Crystal Palace,eng ENG,DF,27,1
Hamza Choudhury,Leicester City,bd BAN,"MF,DF",26,1
Ryan Christie,Bournemouth,sct SCO,MF,29,0
Harry Clarke,Ipswich Town,eng ENG,DF,23,1
Jack Clarke,Ipswich Town,eng ENG,"FW,MF",23,1
Nathaniel Clyne,Crystal Palace,eng ENG,"DF,MF",33,1
Conor Coady,Leicester City,eng ENG,DF,31,1
Séamus Coleman,Everton,ie IRL,DF,35,1
Nathan Collins,Brentford,ie IRL,DF,23,0
Toby Collyer,Manchester Utd,eng ENG,MF,20,1
Levi Colwill,Chelsea,eng ENG,DF,21,0
Lewis Cook,Bournemouth,eng ENG,"MF,DF",27,0
Vladimír Coufal,West Ham,cz CZE,DF,31,1
Woyo Coulibaly,Leicester City,ml MLI,DF,25,1
Aaron Cresswell,West Ham,eng ENG,DF,34,1
Marc Cucurella,Chelsea,es ESP,DF,26,0
Jorge Cuenca,Fulham,es ESP,DF,24,1
Matheus Cunha,Wolves,br BRA,"MF,FW",25,3
Patson Daka,Leicester City,zm ZAM,"FW,MF",25,1
Diogo Dalot,Manchester Utd,pt POR,DF,25,0
Mikkel Damsgaard,Brentford,dk DEN,"MF,FW",24,3
Danilo,Nott'ham Forest,br BRA,"MF,FW",23,1
Kevin Danso,Tottenham,at AUT,DF,25,1
Ben Davies,Tottenham,wls WAL,DF,31,1
Leif Davis,Ipswich Town,eng ENG,DF,24,0
Craig Dawson,Wolves,eng ENG,DF,34,1
Kevin De Bruyne,Manchester City,be BEL,"MF,FW",33,3
Bobby De Cordova-Reid,Leicester City,jm JAM,FW,31,1
Liam Delap,Ipswich Town,eng ENG,FW,21,3
Sepp van den Berg,Brentford,nl NED,DF,22,0
Justin Devenny,Crystal Palace,nir NIR,MF,20,1
Kiernan Dewsbury-Hall,Chelsea,eng ENG,"MF,FW",25,1
Amad Diallo,Manchester Utd,ci CIV,"MF,FW",22,3
Rúben Dias,Manchester City,pt POR,DF,27,0
Luis Díaz,Liverpool,co COL,FW,27,3
Tyler Dibling,Southampton,eng ENG,"FW,MF",18,3
Lucas Digne,Aston Villa,fr FRA,DF,31,0
Issa Diop,Fulham,fr FRA,DF,27,1
Axel Disasi,Aston Villa,fr FRA,DF,26,1
Axel Disasi,Chelsea,fr FRA,DF,26,1
Matt Doherty,Wolves,ie IRL,DF,32,0
Jeremy Doku,Manchester City,be BEL,"FW,MF",22,3
Nicolás Domínguez,Nott'ham Forest,ar ARG,"MF,FW",26,0
Patrick Dorgu,Manchester Utd,dk DEN,DF,19,1
Abdoulaye Doucouré,Everton,ml MLI,MF,31,0
Cheick Doucouré,Crystal Palace,ml MLI,MF,24,1
Flynn Downes,Southampton,eng ENG,MF,25,0
Tommy Doyle,Wolves,eng ENG,MF,22,1
Radu Drăgușin,Tottenham,ro ROU,DF,22,1
Martin Dúbravka,Newcastle Utd,sk SVK,GK,35,2
Lewis Dunk,Brighton,eng ENG,DF,32,0
Jáder Durán,Aston Villa,co COL,FW,20,1
Ederson,Manchester City,br BRA,GK,30,2
Odsonne Édouard,Crystal Palace,fr FRA,"MF,FW",26,1
Anthony Elanga,Nott'ham Forest,se SWE,"FW,MF",22,3
Harvey Elliott,Liverpool,eng ENG,MF,21,1
Julio Enciso,Ipswich Town,py PAR,"MF,FW",20,1
Julio Enciso,Brighton,py PAR,"MF,FW",20,1
Wataru Endo,Liverpool,jp JPN,"MF,DF",31,1
Christian Eriksen,Manchester Utd,dk DEN,MF,32,1
Romain Esse,Crystal Palace,eng ENG,MF,19,1
Pervis Estupiñán,Brighton,ec ECU,DF,26,0
Evanilson,Bournemouth,br BRA,FW,24,3
Jonny Evans,Manchester Utd,nir NIR,DF,36,1
Eberechi Eze,Crystal Palace,eng ENG,"MF,FW",26,3
Łukasz Fabiański,West Ham,pl POL,GK,39,2
Wout Faes,Leicester City,be BEL,DF,26,0
Abdul Fatawu Issahaku,Leicester City,gh GHA,FW,20,1
João Félix,Chelsea,pt POR,"FW,MF",24,1
Evan Ferguson,West Ham,ie IRL,FW,19,1
Evan Ferguson,Brighton,ie IRL,FW,19,1
Bruno Fernandes,Manchester Utd,pt POR,MF,29,3
Mateus Fernandes,Southampton,pt POR,MF,20,0
Enzo Fernández,Chelsea,ar ARG,MF,23,3
Mark Flekken,Brentford,nl NED,GK,31,2
Phil Foden,Manchester City,eng ENG,"MF,FW",24,3
Wesley Fofana,Chelsea,fr FRA,DF,23,1
Carlos Forbs,Wolves,pt POR,"MF,FW",20,1
Fraser Forster,Tottenham,eng ENG,GK,36,2
Ryan Fraser,Southampton,sct SCO,"FW,DF",30,1
Tyler Fredricson,Manchester Utd,eng ENG,DF,19,1
Niclas Füllkrug,West Ham,de GER,FW,31,1
Cody Gakpo,Liverpool,nl NED,FW,25,3
Idrissa Gana Gueye,Everton,sn SEN,MF,34,0
Andrés García,Aston Villa,es ESP,"DF,MF",21,1
Alejandro Garnacho,Manchester Utd,ar ARG,"MF,FW",20,3
James Garner,Everton,eng ENG,"MF,DF",23,0
Tyrique George,Chelsea,eng ENG,FW,18,1
Morgan Gibbs-White,Nott'ham Forest,eng ENG,MF,24,3
Billy Gilmour,Brighton,sct SCO,MF,23,1
Ben Godfrey,Ipswich Town,eng ENG,DF,26,1
João Gomes,Wolves,br BRA,MF,23,0
Rodrigo Gomes,Wolves,pt POR,"DF,FW",21,1
Toti Gomes,Wolves,pt POR,DF,25,0
Diego Gómez,Brighton,py PAR,MF,21,1
Joe Gomez,Liverpool,eng ENG,DF,27,1
Nicolás González,Manchester City,es ESP,MF,22,1
Anthony Gordon,Newcastle Utd,eng ENG,"FW,MF",23,3
Ryan Gravenberch,Liverpool,nl NED,MF,22,0
Archie Gray,Tottenham,eng ENG,"DF,MF",18,1
Jack Grealish,Manchester City,eng ENG,"FW,MF",28,1
Jacob Greaves,Ipswich Town,eng ENG,DF,23,0
Brajan Gruda,Brighton,de GER,"MF,FW",20,1
Albert Grønbaek,Southampton,dk DEN,"FW,MF",23,1
Gonçalo Guedes,Wolves,pt POR,"MF,FW",27,1
Marc Guéhi,Crystal Palace,eng ENG,DF,24,0
Luis Guilherme,West Ham,br BRA,"MF,FW",18,1
Bruno Guimarães,Newcastle Utd,br BRA,MF,26,0
İlkay Gündoğan,Manchester City,de GER,MF,33,0
Malo Gusto,Chelsea,fr FRA,DF,21,0
Joško Gvardiol,Manchester City,hr CRO,DF,22,0
Erling Haaland,Manchester City,no NOR,FW,24,3
Lewis Hall,Newcastle Utd,eng ENG,DF,19,0
Ali Al Hamadi,Ipswich Town,iq IRQ,FW,22,1
Jack Harrison,Everton,eng ENG,FW,27,3
Taylor Harwood-Bellis,Southampton,eng ENG,DF,22,0
Kai Havertz,Arsenal,de GER,"FW,MF",25,3
Ayden Heaven,Manchester Utd,eng ENG,DF,17,1
Jan Paul van Hecke,Brighton,nl NED,DF,24,0
Hwang Hee-chan,Wolves,kr KOR,"MF,FW",28,1
Dean Henderson,Crystal Palace,eng ENG,GK,27,2
Rico Henry,Brentford,eng ENG,DF,27,1
Mads Hermansen,Leicester City,dk DEN,GK,24,2
Son Heung-min,Tottenham,kr KOR,FW,32,3
James Hill,Bournemouth,eng ENG,DF,22,1
Jack Hinshelwood,Brighton,eng ENG,"MF,DF",19,1
George Hirst,Ipswich Town,sct SCO,FW,25,1
Callum Hudson-Odoi,Nott'ham Forest,eng ENG,"FW,MF",23,3
Will Hughes,Crystal Palace,eng ENG,MF,29,0
Dean Huijsen,Bournemouth,es ESP,DF,19,0
Omari Hutchinson,Ipswich Town,eng ENG,"MF,FW",20,3
Rasmus Højlund,Manchester Utd,dk DEN,FW,21,1
Igor,Brighton,br BRA,DF,26,1
Danny Ings,West Ham,eng ENG,"FW,MF",32,1
Tim Iroegbunam,Everton,eng ENG,MF,21,1
Andy Irving,West Ham,sct SCO,MF,24,1
Alexander Isak,Newcastle Utd,se SWE,FW,24,3
Alex Iwobi,Fulham,ng NGA,"FW,MF",28,3
Nicolas Jackson,Chelsea,sn SEN,FW,23,3
Reece James,Chelsea,eng ENG,"DF,MF",24,1
Vitaly Janelt,Brentford,de GER,MF,26,0
Daniel Jebbison,Bournemouth,ca CAN,FW,20,1
Mathias Jensen,Brentford,dk DEN,MF,28,1
Gabriel Jesus,Arsenal,br BRA,FW,27,1
Raúl Jiménez,Fulham,mx MEX,FW,33,3
João Pedro,Brighton,br BRA,"FW,MF",22,3
Joelinton,Newcastle Utd,br BRA,"MF,FW",27,0
Ben Johnson,Ipswich Town,eng ENG,"DF,FW",24,1
Brennan Johnson,Tottenham,wls WAL,FW,23,3
Sam Johnstone,Wolves,eng ENG,GK,31,2
Curtis Jones,Liverpool,eng ENG,"MF,DF",23,0
Jorginho,Arsenal,it ITA,MF,32,1
Diogo Jota,Liverpool,pt POR,FW,27,3
James Justin,Leicester City,eng ENG,DF,26,0
Filip Jørgensen,Chelsea,dk DEN,GK,22,2
Ferdi Kadioglu,Brighton,tr TUR,"DF,MF",24,1
Daichi Kamada,Crystal Palace,jp JPN,MF,27,0
Boubacar Kamara,Aston Villa,fr FRA,MF,24,0
Michael Kayode,Brentford,it ITA,DF,20,1
Michael Keane,Everton,eng ENG,DF,31,1
Caoimhín Kelleher,Liverpool,ie IRL,GK,25,2
Lloyd Kelly,Newcastle Utd,eng ENG,DF,25,1
Milos Kerkez,Bournemouth,hu HUN,DF,20,0
Bilal El Khannouss,Leicester City,ma MAR,"MF,FW",20,0
Abdukodir Khusanov,Manchester City,uz UZB,DF,20,1
Max Kilman,West Ham,eng ENG,DF,27,0
Joshua King,Fulham,eng ENG,MF,17,1
Antonín Kinský,Tottenham,cz CZE,GK,21,2
Jakub Kiwior,Arsenal,pl POL,DF,24,1
Justin Kluivert,Bournemouth,nl NED,MF,25,3
Ibrahima Konaté,Liverpool,fr FRA,DF,25,0
Ezri Konsa,Aston Villa,eng ENG,DF,26,0
Mateo Kovačić,Manchester City,hr CRO,MF,30,0
Emil Krafth,Newcastle Utd,se SWE,DF,29,1
Mohammed Kudus,West Ham,gh GHA,"FW,MF",23,3
Dejan Kulusevski,Tottenham,se SWE,"MF,FW",24,3
Maxence Lacroix,Crystal Palace,fr FRA,DF,24,0
Adam Lallana,Southampton,eng ENG,MF,36,1
Tariq Lamptey,Brighton,gh GHA,DF,23,1
Roméo Lavia,Chelsea,be BEL,MF,20,1
Mario Lemina,Wolves,ga GAB,"MF,DF",30,1
Bernd Leno,Fulham,de GER,GK,32,2
Jefferson Lerma,Crystal Palace,co COL,"MF,DF",29,0
Rico Lewis,Manchester City,eng ENG,"DF,MF",19,0
Keane Lewis-Potter,Brentford,eng ENG,"DF,FW",23,0
Myles Lewis-Skelly,Arsenal,eng ENG,DF,17,1
Matthijs de Ligt,Manchester Utd,nl NED,DF,24,0
Victor Lindelöf,Manchester Utd,se SWE,DF,30,1
Jesper Lindstrøm,Everton,dk DEN,FW,24,1
Valentino Livramento,Newcastle Utd,eng ENG,DF,21,0
Sean Longstaff,Newcastle Utd,eng ENG,MF,26,1
Saša Lukić,Fulham,rs SRB,MF,27,0
Joe Lumley,Southampton,eng ENG,GK,29,2
Massimo Luongo,Ipswich Town,au AUS,MF,31,1
Ian Maatsen,Aston Villa,nl NED,DF,22,1
Alexis Mac Allister,Liverpool,ar ARG,MF,25,0
James Maddison,Tottenham,eng ENG,MF,27,3
Noni Madueke,Chelsea,eng ENG,FW,22,3
Gabriel Magalhães,Arsenal,br BRA,DF,26,0
Edmond-Paris Maghoma,Brentford,eng ENG,"MF,FW",23,1
Harry Maguire,Manchester Utd,eng ENG,DF,31,0
Kobbie Mainoo,Manchester Utd,eng ENG,MF,19,0
Tyrell Malacia,Manchester Utd,nl NED,DF,24,1
Donyell Malen,Aston Villa,nl NED,FW,25,1
Orel Mangala,Everton,be BEL,MF,26,1
Ryan Manning,Southampton,ie IRL,"DF,MF",28,0
Solly March,Brighton,eng ENG,"FW,MF",30,1
Omar Marmoush,Manchester City,eg EGY,"FW,MF",25,3
Gabriel Martinelli,Arsenal,br BRA,"FW,MF",23,3
Emiliano Martínez,Aston Villa,ar ARG,GK,31,2
Lisandro Martínez,Manchester Utd,ar ARG,DF,26,0
Pape Matar Sarr,Tottenham,sn SEN,MF,21,0
Jean-Philippe Mateta,Crystal Palace,fr FRA,FW,27,3
Stephy Mavididi,Leicester City,eng ENG,FW,26,3
Konstantinos Mavropanos,West Ham,gr GRE,DF,26,0
Noussair Mazraoui,Manchester Utd,ma MAR,DF,26,0
Bryan Mbeumo,Brentford,cm CMR,FW,24,3
James Mcatee,Manchester City,eng ENG,"MF,FW",21,1
Kasey McAteer,Leicester City,ie IRL,FW,22,1
Alex McCarthy,Southampton,eng ENG,GK,34,2
John McGinn,Aston Villa,sct SCO,"MF,FW",29,0
Dwight McNeil,Everton,eng ENG,"MF,FW",24,3
Ben Mee,Brentford,eng ENG,DF,34,1
Mikel Merino,Arsenal,es ESP,"MF,FW",28,1
Nikola Milenković,Nott'ham Forest,rs SRB,DF,26,0
Lewis Miley,Newcastle Utd,eng ENG,MF,18,1
James Milner,Brighton,eng ENG,MF,38,1
Tyrone Mings,Aston Villa,eng ENG,DF,31,1
Yankuba Minteh,Brighton,gm GAM,"FW,MF",20,3
Tyrick Mitchell,Crystal Palace,eng ENG,DF,24,0
Kaoru Mitoma,Brighton,jp JPN,"FW,MF",27,3
Jeremy Monga,Leicester City,N/A,"FW,MF",15,1
Mikey Moore,Tottenham,eng ENG,FW,16,1
Morato,Nott'ham Forest,br BRA,DF,23,1
Álex Moreno,Nott'ham Forest,es ESP,"DF,MF",31,1
Sam Morsy,Ipswich Town,eg EGY,MF,32,0
Yerson Mosquera,Wolves,co COL,DF,23,1
Mason Mount,Manchester Utd,eng ENG,MF,25,1
Mykhailo Mudryk,Chelsea,ua UKR,FW,23,1
Marshall Munetsi,Wolves,zw ZIM,"MF,FW",28,1
Rodrigo Muniz,Fulham,br BRA,FW,23,1
Daniel Muñoz,Crystal Palace,co COL,DF,28,0
Arijanet Muric,Ipswich Town,xk KVX,GK,25,2
Murillo,Nott'ham Forest,br BRA,DF,22,0
Jacob Murphy,Newcastle Utd,eng ENG,FW,29,3
Vitaliy Mykolenko,Everton,ua UKR,DF,25,0
Iliman Ndiaye,Everton,sn SEN,FW,24,3
Wilfred Ndidi,Leicester City,ng NGA,MF,27,0
Kosta Nedeljković,Aston Villa,rs SRB,DF,18,1
Reiss Nelson,Fulham,eng ENG,FW,24,1
Neto,Bournemouth,br BRA,GK,35,2
Pedro Neto,Chelsea,pt POR,FW,24,3
Eddie Nketiah,Crystal Palace,eng ENG,"FW,MF",25,1
Christopher Nkunku,Chelsea,fr FRA,FW,26,1
Matheus Nunes,Manchester City,pt POR,"DF,MF",25,0
Darwin Núñez,Liverpool,uy URU,FW,25,1
Ethan Nwaneri,Arsenal,eng ENG,"FW,MF",17,1
Christian Nørgaard,Brentford,dk DEN,MF,30,0
Jake O'Brien,Everton,ie IRL,DF,23,1
Matt O'Riley,Brighton,dk DEN,MF,23,1
Dara O'Shea,Ipswich Town,ie IRL,DF,25,0
Chidozie Obi-Martin,Manchester Utd,dk DEN,FW,16,1
Wilson Odobert,Tottenham,fr FRA,"FW,MF",19,1
Chiedozie Ogbene,Ipswich Town,ie IRL,FW,27,1
Caleb Okoli,Leicester City,it ITA,DF,23,1
Robin Olsen,Aston Villa,se SWE,GK,34,2
Amadou Onana,Aston Villa,be BEL,MF,22,0
André Onana,Manchester Utd,cm CMR,GK,28,2
Paul Onuachu,Southampton,ng NGA,FW,30,1
Stefan Ortega,Manchester City,de GER,GK,31,2
William Osula,Newcastle Utd,dk DEN,FW,20,1
Dango Ouattara,Bournemouth,bf BFA,FW,22,3
Nico O’Reilly,Manchester City,eng ENG,DF,19,1
Alex Palmer,Ipswich Town,eng ENG,GK,27,2
Cole Palmer,Chelsea,eng ENG,"MF,FW",22,3
Emerson Palmieri,West Ham,it ITA,DF,29,0
Lucas Paquetá,West Ham,br BRA,"MF,FW",26,0
Thomas Partey,Arsenal,gh GHA,"MF,DF",31,0
Nathan Patterson,Everton,sct SCO,DF,22,1
Andreas Pereira,Fulham,br BRA,MF,28,3
Ricardo Pereira,Leicester City,pt POR,DF,30,1
Kalvin Phillips,Ipswich Town,eng ENG,MF,28,1
Jaden Philogene Bidace,Aston Villa,eng ENG,"FW,MF",22,1
Jaden Philogene Bidace,Ipswich Town,eng ENG,"FW,DF",22,1
Jordan Pickford,Everton,eng ENG,GK,30,2
Ethan Pinnock,Brentford,jm JAM,DF,31,0
Nick Pope,Newcastle Utd,eng ENG,GK,32,2
Pedro Porro,Tottenham,es ESP,DF,24,0
Jarell Quansah,Liverpool,eng ENG,DF,21,1
Aaron Ramsdale,Southampton,eng ENG,GK,26,2
Jacob Ramsey,Aston Villa,eng ENG,"FW,MF",23,1
Marcus Rashford,Manchester Utd,eng ENG,"FW,MF",26,1
Marcus Rashford,Aston Villa,eng ENG,FW,26,1
David Raya,Arsenal,es ESP,GK,28,2
Harrison Reed,Fulham,eng ENG,MF,29,1
Sergio Reguilón,Tottenham,es ESP,DF,27,1
Declan Rice,Arsenal,eng ENG,MF,25,0
Chris Richards,Crystal Palace,us USA,DF,24,0
Richarlison,Tottenham,br BRA,FW,27,1
Andrew Robertson,Liverpool,sct SCO,DF,30,0
Antonee Robinson,Fulham,us USA,DF,26,0
Jay Robinson,Southampton,eng ENG,"MF,FW",17,1
Guido Rodríguez,West Ham,ar ARG,MF,30,1
Mads Roerslev,Brentford,dk DEN,DF,25,1
Morgan Rogers,Aston Villa,eng ENG,"FW,MF",22,3
Cristian Romero,Tottenham,ar ARG,DF,26,0
Georginio Rutter,Brighton,fr FRA,"MF,FW",22,3
José Sá,Wolves,pt POR,GK,31,2
Bukayo Saka,Arsenal,eng ENG,"FW,MF",22,3
Mohamed Salah,Liverpool,eg EGY,FW,32,3
William Saliba,Arsenal,fr FRA,DF,23,0
Robert Sánchez,Chelsea,es ESP,GK,26,2
Jadon Sancho,Chelsea,eng ENG,FW,24,3
Ibrahim Sangaré,Nott'ham Forest,ci CIV,MF,26,1
Pablo Sarabia,Wolves,es ESP,"MF,FW",32,1
Ismaila Sarr,Crystal Palace,sn SEN,MF,26,3
Sávio,Manchester City,br BRA,"FW,MF",20,3
Oliver Scarles,West Ham,eng ENG,"DF,FW",18,1
Kevin Schade,Brentford,de GER,FW,22,3
Fabian Schär,Newcastle Utd,ch SUI,DF,32,0
Jeffrey Schlupp,Crystal Palace,gh GHA,"MF,DF",31,1
Alex Scott,Bournemouth,eng ENG,MF,20,1
Matz Sels,Nott'ham Forest,be BEL,GK,32,2
Nélson Semedo,Wolves,pt POR,DF,30,0
Antoine Semenyo,Bournemouth,gh GHA,FW,24,3
Marcos Senesi,Bournemouth,ar ARG,DF,27,1
Ryan Sessegnon,Fulham,eng ENG,"FW,DF",24,1
Luke Shaw,Manchester Utd,eng ENG,DF,29,1
Bernardo Silva,Manchester City,pt POR,"MF,FW",29,0
Jota Silva,Nott'ham Forest,pt POR,"FW,MF",24,1
Jahmai Simpson-Pusey,Manchester City,eng ENG,DF,18,1
Luis Sinisterra,Bournemouth,co COL,"FW,MF",25,1
Oliver Skipp,Leicester City,eng ENG,MF,23,1
William Smallbone,Southampton,ie IRL,MF,24,1
Adam Smith,Bournemouth,eng ENG,DF,33,1
Emile Smith Rowe,Fulham,eng ENG,MF,24,3
Dominic Solanke,Tottenham,eng ENG,FW,26,3
Carlos Soler,West Ham,es ESP,"MF,FW",27,1
Ramón Sosa,Nott'ham Forest,py PAR,"FW,MF",24,1
Tomáš Souček,West Ham,cz CZE,MF,29,0
Boubakary Soumaré,Leicester City,fr FRA,MF,25,0
Djed Spence,Tottenham,eng ENG,DF,23,0
Jason Steele,Brighton,eng ENG,GK,33,2
Jack Stephens,Southampton,eng ENG,DF,30,1
Raheem Sterling,Arsenal,eng ENG,"FW,MF",29,1
Ross Stewart,Southampton,sct SCO,FW,28,1
Jakub Stolarczyk,Leicester City,pl POL,GK,23,2
John Stones,Manchester City,eng ENG,"DF,MF",30,1
Jørgen Strand Larsen,Wolves,no NOR,FW,24,3
Yukinari Sugawara,Southampton,jp JPN,"DF,MF",24,0
Kamaldeen Sulemana,Southampton,gh GHA,"FW,MF",22,1
Crysencio Summerville,West Ham,nl NED,"FW,MF",22,1
Sammie Szmodics,Ipswich Town,ie IRL,"FW,MF",28,1
Dominik Szoboszlai,Liverpool,hu HUN,MF,23,3
James Tarkowski,Everton,eng ENG,DF,31,0
Marcus Tavernier,Bournemouth,eng ENG,"FW,MF",25,3
Charlie Taylor,Southampton,eng ENG,DF,30,1
Jack Taylor,Ipswich Town,ie IRL,MF,26,1
Mathys Tel,Tottenham,fr FRA,FW,19,1
Kenny Tete,Fulham,nl NED,DF,28,0
Thiago,Brentford,br BRA,"FW,MF",23,1
Luke Thomas,Leicester City,eng ENG,DF,23,1
Youri Tielemans,Aston Villa,be BEL,MF,27,0
Kieran Tierney,Arsenal,sct SCO,"DF,FW",27,1
Jurriën Timber,Arsenal,nl NED,DF,23,0
Jean-Clair Todibo,West Ham,fr FRA,DF,24,0
Harry Toffolo,Nott'ham Forest,eng ENG,DF,28,1
Sandro Tonali,Newcastle Utd,it ITA,MF,24,0
Pau Torres,Aston Villa,es ESP,DF,27,0
Conor Townsend,Ipswich Town,eng ENG,DF,31,1
Adama Traoré,Fulham,es ESP,"FW,MF",28,3
Mark Travers,Bournemouth,ie IRL,GK,25,2
Kieran Trippier,Newcastle Utd,eng ENG,DF,33,0
Leandro Trossard,Arsenal,be BEL,FW,29,3
Kostas Tsimikas,Liverpool,gr GRE,DF,28,1
Axel Tuanzebe,Ipswich Town,cd COD,DF,26,1
Destiny Udogie,Tottenham,it ITA,DF,21,0
Manuel Ugarte,Manchester Utd,uy URU,MF,23,0
Lesley Ugochukwu,Southampton,fr FRA,MF,20,1
Enes Ünal,Bournemouth,tr TUR,"FW,MF",27,1
Hákon Valdimarsson,Brentford,is ISL,GK,22,2
Virgil van Dijk,Liverpool,nl NED,DF,33,0
Jamie Vardy,Leicester City,eng ENG,FW,37,3
Renato Veiga,Chelsea,pt POR,"DF,MF",21,1
Joël Veltman,Brighton,nl NED,DF,32,0
Micky van de Ven,Tottenham,nl NED,DF,23,1
Bart Verbruggen,Brighton,nl NED,GK,21,2
Jannik Vestergaard,Leicester City,dk DEN,DF,31,1
Guglielmo Vicario,Tottenham,it ITA,GK,27,2
Kyle Walker,Manchester City,eng ENG,DF,34,1
Kyle Walker-Peters,Southampton,eng ENG,DF,27,0
Christian Walton,Ipswich Town,eng ENG,GK,28,2
Aaron Wan-Bissaka,West Ham,cd COD,DF,26,0
Danny Ward,Leicester City,wls WAL,GK,31,2
James Ward-Prowse,West Ham,eng ENG,MF,29,1
James Ward-Prowse,Nott'ham Forest,eng ENG,MF,29,1
Ollie Watkins,Aston Villa,eng ENG,FW,28,3
Adam Webster,Brighton,eng ENG,DF,29,1
Danny Welbeck,Brighton,eng ENG,FW,33,3
Welington,Southampton,br BRA,DF,23,1
Timo Werner,Tottenham,de GER,"FW,MF",28,1
Adam Wharton,Crystal Palace,eng ENG,MF,20,1
Ben White,Arsenal,eng ENG,DF,26,1
Mats Wieffer,Brighton,nl NED,"DF,MF",24,0
Neco Williams,Nott'ham Forest,wls WAL,DF,23,0
Willian,Fulham,br BRA,"FW,MF",35,1
Joe Willock,Newcastle Utd,eng ENG,"MF,FW",24,1
Callum Wilson,Newcastle Utd,eng ENG,FW,32,1
Harry Wilson,Fulham,wls WAL,"FW,MF",27,1
Harry Winks,Leicester City,eng ENG,MF,28,1
Yoane Wissa,Brentford,cd COD,FW,27,3
Chris Wood,Nott'ham Forest,nz NZL,FW,32,3
Nathan Wood-Gordon,Southampton,eng ENG,DF,22,1
Luke Woolfenden,Ipswich Town,eng ENG,DF,25,1
Yehor Yarmoliuk,Brentford,ua UKR,MF,20,0
Ryan Yates,Nott'ham Forest,eng ENG,MF,26,0
Leny Yoro,Manchester Utd,fr FRA,DF,18,1
Ashley Young,Everton,eng ENG,DF,39,0
Illia Zabarnyi,Bournemouth,ua UKR,DF,21,0
Oleksandr Zinchenko,Arsenal,ua UKR,"DF,MF",27,1
Joshua Zirkzee,Manchester Utd,nl NED,"FW,MF",23,1
Martin Ødegaard,Arsenal,no NOR,MF,25,3
