id,player_name,nation,position,age,club,matches_played,starts,minutes,ninety_mins,goals,assists,goals_plus_assists,goals_minus_pk,penalties_scored,penalties_attempted,yellow_cards,red_cards,xG,npxG,xAG,npxG_plus_xAG,progressive_carries,progressive_passes,progressive_receptions,goals_per90,assists_per90,g_plus_a_per90,g_minus_pk_per90,g_plus_a_minus_pk_per90,xG_per90,xAG_per90,xG_plus_xAG_per90,npxG_per90,npxG_plus_xAG_per90,player_name_clean,club_clean,key_text,skill_score,potential_score,market_value,similarity
1,Brenden Aaronson,us USA,"FW,MF",25-011,Leeds United,10,7,638,7.1,1,0,1,1,0,0,1,0,1.6,1.6,1.3,2.9,16,20,37,0.14,0.0,0.14,0.14,0.14,0.23,0.18,0.41,0.23,0.41,brenden aaronson,leeds united,brenden aaronson - leeds united,73.5,76.9,€17.5M,1.0
2,Joshua Acheampong,eng ENG,DF,19-181,Chelsea,5,4,349,3.9,1,0,1,1,0,0,0,0,0.6,0.6,0.0,0.6,4,11,0,0.26,0.0,0.26,0.26,0.26,0.16,0.0,0.16,0.16,0.16,joshua acheampong,chelsea,joshua acheampong - chelsea,56.0,67.4,€15.3M,0.9141
3,Tyler Adams,us USA,MF,26-261,Bournemouth,9,9,783,8.7,0,1,1,0,0,0,4,0,0.1,0.1,0.1,0.2,4,38,6,0.0,0.11,0.11,0.0,0.11,0.02,0.01,0.03,0.02,0.03,tyler adams,bournemouth,tyler adams - bournemouth,75.3,77.1,€25.9M,1.0
4,Tosin Adarabioyo,eng ENG,DF,28-039,Chelsea,7,3,381,4.2,0,0,0,0,0,0,1,0,0.0,0.0,0.0,0.0,2,15,0,0.0,0.0,0.0,0.0,0.0,0.01,0.0,0.01,0.01,0.01,tosin adarabioyo,chelsea,tosin adarabioyo - chelsea,73.6,74.1,€23.6M,1.0
5,Simon Adingra,ci CIV,FW,23-305,Sunderland,6,4,273,3.0,0,0,0,0,0,0,1,0,0.1,0.1,0.6,0.7,6,2,33,0.0,0.0,0.0,0.0,0.0,0.05,0.2,0.24,0.05,0.24,simon adingra,sunderland,simon adingra - sunderland,70.7,76.9,€36.4M,1.0
6,Amine Adli,ma MAR,"FW,MF",25-176,Bournemouth,7,1,189,2.1,0,0,0,0,0,0,0,0,0.1,0.1,0.2,0.3,5,5,19,0.0,0.0,0.0,0.0,0.0,0.05,0.08,0.13,0.05,0.13,amine adli,bournemouth,amine adli - bournemouth,73.5,77.0,€22.1M,1.0
7,Emmanuel Agbadou,ci CIV,DF,28-138,Wolves,8,6,561,6.2,0,0,0,0,0,0,0,1,0.4,0.4,0.1,0.5,3,26,5,0.0,0.0,0.0,0.0,0.0,0.06,0.02,0.08,0.06,0.08,emmanuel agbadou,wolverhampton wanderers,emmanuel agbadou - wolverhampton wanderers,68.2,69.0,€24.6M,1.0
8,Nayef Aguerd,ma MAR,DF,29-217,West Ham,2,2,180,2.0,0,0,0,0,0,0,0,0,0.1,0.1,0.0,0.1,2,9,0,0.0,0.0,0.0,0.0,0.0,0.05,0.0,0.05,0.05,0.05,nayef aguerd,west ham,nayef aguerd - west ham,,,N/a,0.7442673444747925
9,Ola Aina,ng NGA,DF,29-025,Nott'ham Forest,3,3,270,3.0,0,0,0,0,0,0,1,0,0.0,0.0,0.1,0.2,5,11,8,0.0,0.0,0.0,0.0,0.0,0.01,0.05,0.06,0.01,0.06,ola aina,nottingham forest,ola aina - nottingham forest,72.5,73.6,€25.5M,0.9043
10,Rayan Aït-Nouri,dz ALG,DF,24-149,Manchester City,3,3,202,2.2,0,0,0,0,0,0,1,0,0.0,0.0,0.2,0.2,6,7,8,0.0,0.0,0.0,0.0,0.0,0.02,0.09,0.11,0.02,0.11,rayan aït-nouri,manchester city,rayan aït-nouri - manchester city,70.4,77.2,€44.7M,1.0
11,Kristoffer Ajer,no NOR,DF,27-199,Brentford,7,4,389,4.3,0,1,1,0,0,0,0,0,0.5,0.5,0.7,1.2,6,15,6,0.0,0.23,0.23,0.0,0.23,0.12,0.16,0.27,0.12,0.27,kristoffer ajer,brentford,kristoffer ajer - brentford,71.1,72.0,€21.4M,1.0
12,Nathan Aké,nl NED,DF,30-257,Manchester City,5,1,205,2.3,0,0,0,0,0,0,0,0,0.3,0.3,0.1,0.4,4,20,2,0.0,0.0,0.0,0.0,0.0,0.12,0.04,0.16,0.12,0.16,nathan aké,manchester city,nathan aké - manchester city,70.2,70.2,€20.8M,1.0
13,Carlos Alcaraz,ar ARG,"FW,MF",22-337,Everton,7,2,239,2.7,0,0,0,0,0,0,1,0,0.2,0.2,0.0,0.3,2,5,12,0.0,0.0,0.0,0.0,0.0,0.09,0.01,0.1,0.09,0.1,carlos alcaraz,everton,carlos alcaraz - everton,71.7,79.8,€17M,1.0
14,Omar Alderete,py PAR,DF,28-311,Sunderland,8,7,668,7.4,1,1,2,1,0,0,1,0,0.6,0.6,0.1,0.7,10,31,2,0.13,0.13,0.27,0.13,0.27,0.08,0.01,0.09,0.08,0.09,omar alderete,sunderland,omar alderete - sunderland,74.6,74.6,€10.7M,1.0
15,Alisson,br BRA,GK,33-031,Liverpool,6,6,540,6.0,0,0,0,0,0,0,0,0,0.0,0.0,0.0,0.0,0,4,0,0.0,0.0,0.0,0.0,0.0,0.0,0.0,0.0,0.0,0.0,alisson,liverpool,alisson - liverpool,74.0,74.6,€16.9M,1.0
16,Ethan Ampadu,wls WAL,MF,25-049,Leeds United,8,8,697,7.7,0,0,0,0,0,0,3,0,0.4,0.4,0.1,0.5,11,28,8,0.0,0.0,0.0,0.0,0.0,0.05,0.01,0.06,0.05,0.06,ethan ampadu,leeds united,ethan ampadu - leeds united,74.0,77.4,€17.5M,1.0
17,Joachim Andersen,dk DEN,DF,29-155,Fulham,9,9,761,8.5,0,0,0,0,0,0,0,0,0.5,0.5,0.7,1.2,8,34,4,0.0,0.0,0.0,0.0,0.0,0.06,0.08,0.14,0.06,0.14,joachim andersen,fulham,joachim andersen - fulham,73.8,74.8,€17.4M,1.0
18,Elliot Anderson,eng ENG,MF,22-361,Nott'ham Forest,10,10,900,10.0,0,1,1,0,0,0,2,0,0.7,0.7,1.7,2.4,12,89,27,0.0,0.1,0.1,0.0,0.1,0.07,0.17,0.24,0.07,0.24,elliot anderson,nottingham forest,elliot anderson - nottingham forest,75.9,87.8,€54.3M,0.9125
19,André,br BRA,MF,24-109,Wolves,10,7,615,6.8,0,0,0,0,0,0,2,0,0.0,0.0,0.1,0.1,7,25,3,0.0,0.0,0.0,0.0,0.0,0.0,0.01,0.02,0.0,0.02,andré,wolverhampton wanderers,andré - wolverhampton wanderers,71.3,79.8,€38.7M,1.0
20,Jaidon Anthony,eng ENG,"MF,FW",25-336,Burnley,10,10,806,9.0,4,1,5,4,0,0,3,0,2.1,2.1,0.4,2.5,19,12,38,0.45,0.11,0.56,0.45,0.56,0.24,0.04,0.28,0.24,0.28,jaidon anthony,burnley,jaidon anthony - burnley,68.8,69.7,€13.3M,1.0
21,Alphonse Areola,fr FRA,GK,32-248,West Ham,5,5,450,5.0,0,0,0,0,0,0,0,0,0.0,0.0,0.0,0.0,0,0,0,0.0,0.0,0.0,0.0,0.0,0.0,0.0,0.0,0.0,0.0,alphonse areola,west ham,alphonse areola - west ham,65.0,65.0,€10.5M,1.0
22,Jhon Arias,co COL,FW,28-042,Wolves,10,7,547,6.1,0,0,0,0,0,0,0,0,1.0,1.0,0.5,1.5,9,19,30,0.0,0.0,0.0,0.0,0.0,0.17,0.07,0.25,0.17,0.25,jhon arias,wolverhampton wanderers,jhon arias - wolverhampton wanderers,61.7,61.8,€17.9M,1.0
23,Tolu Arokodare,ng NGA,FW,24-344,Wolves,7,2,211,2.3,0,0,0,0,0,0,0,0,0.4,0.4,0.1,0.5,2,0,9,0.0,0.0,0.0,0.0,0.0,0.17,0.06,0.23,0.17,0.23,tolu arokodare,wolverhampton wanderers,tolu arokodare - wolverhampton wanderers,58.7,63.1,€21.8M,1.0
24,Taiwo Awoniyi,ng NGA,FW,28-082,Nott'ham Forest,3,1,103,1.1,0,0,0,0,0,0,0,0,0.2,0.2,0.1,0.3,1,1,4,0.0,0.0,0.0,0.0,0.0,0.16,0.13,0.29,0.16,0.29,taiwo awoniyi,nottingham forest,taiwo awoniyi - nottingham forest,64.0,64.0,€15.5M,0.8924
25,Yasin Ayari,se SWE,MF,22-027,Brighton,10,8,782,8.7,1,0,1,1,0,0,0,0,1.0,1.0,0.3,1.3,8,31,14,0.12,0.0,0.12,0.12,0.12,0.11,0.03,0.15,0.11,0.15,yasin ayari,brighton,yasin ayari - brighton,73.5,83.6,€24.6M,1.0
26,Dilane Bakwa,fr FRA,"FW,MF",23-068,Nott'ham Forest,4,2,174,1.9,0,0,0,0,0,0,0,0,0.1,0.1,0.4,0.5,6,9,22,0.0,0.0,0.0,0.0,0.0,0.07,0.2,0.27,0.07,0.27,dilane bakwa,nottingham forest,dilane bakwa - nottingham forest,68.8,77.1,€28M,0.9007
27,Carlos Baleba,cm CMR,MF,21-303,Brighton,10,9,571,6.3,0,0,0,0,0,0,3,0,0.1,0.1,0.0,0.2,6,10,7,0.0,0.0,0.0,0.0,0.0,0.02,0.01,0.03,0.02,0.03,carlos baleba,brighton,carlos baleba - brighton,76.7,87.4,€56.1M,1.0
28,Daniel Ballard,nir NIR,DF,26-041,Sunderland,7,4,402,4.5,1,0,1,1,0,0,0,0,0.6,0.6,0.6,1.2,1,7,2,0.22,0.0,0.22,0.22,0.22,0.13,0.14,0.27,0.13,0.27,daniel ballard,sunderland,daniel ballard - sunderland,65.4,66.2,€10.9M,0.9775
29,Harvey Barnes,eng ENG,FW,27-328,Newcastle Utd,9,3,368,4.1,0,0,0,0,0,0,0,0,0.9,0.9,0.8,1.8,17,16,40,0.0,0.0,0.0,0.0,0.0,0.23,0.21,0.43,0.23,0.43,harvey barnes,newcastle united,harvey barnes - newcastle united,78.5,79.7,€41.8M,0.9697
30,Thierno Barry,fr FRA,FW,23-012,Everton,9,2,252,2.8,0,0,0,0,0,0,0,0,0.5,0.5,0.0,0.5,2,2,15,0.0,0.0,0.0,0.0,0.0,0.18,0.01,0.18,0.18,0.18,thierno barry,everton,thierno barry - everton,74.8,83.2,€26.9M,1.0
31,Calvin Bassey,ng NGA,DF,25-306,Fulham,10,9,819,9.1,0,0,0,0,0,0,2,0,0.2,0.2,0.0,0.2,11,22,2,0.0,0.0,0.0,0.0,0.0,0.02,0.0,0.02,0.02,0.02,calvin bassey,fulham,calvin bassey - fulham,72.0,77.0,€27M,1.0
32,Altay Bayındır,tr TUR,GK,27-202,Manchester Utd,6,6,540,6.0,0,0,0,0,0,0,0,0,0.0,0.0,0.2,0.2,0,0,0,0.0,0.0,0.0,0.0,0.0,0.0,0.04,0.04,0.0,0.04,altay bayındır,manchester utd,altay bayındır - manchester utd,60.9,61.6,€10.7M,0.9203
33,Jean-Ricner Bellegarde,ht HAI,"MF,FW",27-128,Wolves,9,5,408,4.5,0,0,0,0,0,0,1,0,0.3,0.3,0.3,0.6,19,26,14,0.0,0.0,0.0,0.0,0.0,0.08,0.07,0.14,0.08,0.14,jean-ricner bellegarde,wolverhampton wanderers,jean-ricner bellegarde - wolverhampton wanderers,67.1,69.3,€20.9M,1.0
34,Rodrigo Bentancur,uy URU,MF,28-130,Tottenham,9,8,645,7.2,1,1,2,1,0,0,1,0,0.3,0.3,0.5,0.9,3,26,13,0.14,0.14,0.28,0.14,0.28,0.05,0.07,0.12,0.05,0.12,rodrigo bentancur,tottenham,rodrigo bentancur - tottenham,72.6,73.3,€26.9M,1.0
35,Sander Berge,no NOR,MF,27-261,Fulham,10,10,868,9.6,0,0,0,0,0,0,2,0,0.5,0.5,0.5,1.0,12,46,5,0.0,0.0,0.0,0.0,0.0,0.05,0.05,0.1,0.05,0.1,sander berge,fulham,sander berge - fulham,71.4,73.2,€31.6M,1.0
36,Lucas Bergvall,se SWE,"MF,FW",19-273,Tottenham,9,5,413,4.6,1,1,2,1,0,0,1,0,0.6,0.6,0.3,0.8,9,20,24,0.22,0.22,0.44,0.22,0.44,0.12,0.06,0.18,0.12,0.18,lucas bergvall,tottenham,lucas bergvall - tottenham,69.6,87.8,€51.8M,1.0
37,Beto,gw GNB,FW,27-275,Everton,9,7,563,6.3,1,0,1,1,0,0,1,0,3.9,3.9,0.4,4.3,2,2,25,0.16,0.0,0.16,0.16,0.16,0.63,0.06,0.69,0.63,0.69,beto,everton,beto - everton,67.2,68.6,€20.6M,1.0
38,Jaka Bijol,si SVN,DF,26-270,Leeds United,2,2,180,2.0,0,0,0,0,0,0,0,0,0.0,0.0,0.1,0.1,0,2,0,0.0,0.0,0.0,0.0,0.0,0.0,0.04,0.04,0.0,0.04,jaka bijol,leeds united,jaka bijol - leeds united,70.6,73.3,€23.1M,1.0
39,Marco Bizot,nl NED,GK,34-237,Aston Villa,2,2,180,2.0,0,0,0,0,0,0,1,0,0.0,0.0,0.0,0.0,0,1,0,0.0,0.0,0.0,0.0,0.0,0.0,0.0,0.0,0.0,0.0,marco bizot,aston villa,marco bizot - aston villa,63.0,63.8,€2.2M,1.0
40,Oscar Bobb,no NOR,"MF,FW",22-113,Manchester City,8,5,454,5.0,0,1,1,0,0,0,0,0,0.4,0.4,0.6,1.0,16,17,52,0.0,0.2,0.2,0.0,0.2,0.07,0.13,0.2,0.07,0.2,oscar bobb,manchester city,oscar bobb - manchester city,58.7,67.3,€27.7M,1.0
41,Lamare Bogarde,nl NED,MF,21-301,Aston Villa,6,3,281,3.1,0,0,0,0,0,0,1,0,0.0,0.0,0.0,0.0,3,8,2,0.0,0.0,0.0,0.0,0.0,0.0,0.01,0.01,0.0,0.01,lamare bogarde,aston villa,lamare bogarde - aston villa,56.7,65.7,€5.3M,1.0
42,Jayden Bogle,eng ENG,DF,25-098,Leeds United,10,10,868,9.6,0,0,0,0,0,0,2,0,0.7,0.7,0.2,0.9,22,24,43,0.0,0.0,0.0,0.0,0.0,0.07,0.02,0.09,0.07,0.09,jayden bogle,leeds united,jayden bogle - leeds united,69.5,73.0,€13.6M,1.0
43,Sven Botman,nl NED,DF,25-294,Newcastle Utd,7,6,488,5.4,0,0,0,0,0,0,0,0,0.1,0.1,0.5,0.7,0,12,0,0.0,0.0,0.0,0.0,0.0,0.02,0.1,0.12,0.02,0.12,sven botman,newcastle united,sven botman - newcastle united,73.0,75.2,€43.1M,0.9756
44,Jarrod Bowen,eng ENG,"FW,MF",28-317,West Ham,9,9,810,9.0,3,1,4,3,0,0,0,0,1.0,1.0,1.4,2.4,27,18,67,0.33,0.11,0.44,0.33,0.44,0.12,0.15,0.27,0.12,0.27,jarrod bowen,west ham,jarrod bowen - west ham,71.4,72.0,€49M,1.0
45,Conor Bradley,nir NIR,DF,22-116,Liverpool,8,6,448,5.0,0,0,0,0,0,0,3,0,0.1,0.1,0.0,0.1,16,22,21,0.0,0.0,0.0,0.0,0.0,0.02,0.0,0.02,0.02,0.02,conor bradley,liverpool,conor bradley - liverpool,66.7,76.4,€38.3M,1.0
46,David Brooks,wls WAL,"FW,MF",28-117,Bournemouth,8,6,476,5.3,0,1,1,0,0,0,3,0,0.9,0.9,1.4,2.4,16,17,50,0.0,0.19,0.19,0.0,0.19,0.18,0.27,0.44,0.18,0.44,david brooks,bournemouth,david brooks - bournemouth,67.3,67.3,€11.8M,1.0
47,Jacob Bruun Larsen,dk DEN,"FW,MF",27-044,Burnley,8,4,392,4.4,0,1,1,0,0,0,0,0,0.1,0.1,0.6,0.7,7,7,29,0.0,0.23,0.23,0.0,0.23,0.03,0.14,0.17,0.03,0.17,jacob bruun larsen,burnley,jacob bruun larsen - burnley,67.2,67.3,€6.3M,1.0
48,Emi Buendía,ar ARG,"FW,MF",28-312,Aston Villa,8,3,357,4.0,2,2,4,2,0,0,2,0,0.7,0.7,0.5,1.2,12,24,13,0.5,0.5,1.01,0.5,1.01,0.18,0.12,0.3,0.18,0.3,emi buendía,aston villa,emi buendía - aston villa,66.0,66.0,€15.2M,0.8653
49,Hugo Bueno,es ESP,"DF,MF",23-045,Wolves,10,7,704,7.8,0,0,0,0,0,0,1,0,0.2,0.2,1.0,1.2,27,20,48,0.0,0.0,0.0,0.0,0.0,0.03,0.13,0.15,0.03,0.15,hugo bueno,wolverhampton wanderers,hugo bueno - wolverhampton wanderers,64.3,70.2,€11.6M,1.0
50,Santiago Bueno,uy URU,DF,26-358,Wolves,7,6,575,6.4,1,0,1,1,0,0,2,0,0.8,0.8,0.1,0.9,4,21,1,0.16,0.0,0.16,0.16,0.16,0.13,0.01,0.13,0.13,0.13,santiago bueno,wolverhampton wanderers,santiago bueno - wolverhampton wanderers,68.3,69.7,€13.5M,1.0
51,Dan Burn,eng ENG,DF,33-177,Newcastle Utd,9,9,810,9.0,0,1,1,0,0,0,3,0,0.1,0.1,0.1,0.2,3,26,11,0.0,0.11,0.11,0.0,0.11,0.01,0.01,0.02,0.01,0.02,dan burn,newcastle united,dan burn - newcastle united,78.3,78.3,€7.8M,0.9635
52,Moisés Caicedo,ec ECU,MF,24-000,Chelsea,10,9,855,9.5,3,1,4,3,0,0,1,0,0.6,0.6,0.9,1.5,8,53,6,0.32,0.11,0.42,0.32,0.42,0.06,0.1,0.16,0.06,0.16,moisés caicedo,chelsea,moisés caicedo - chelsea,80.0,87.5,€79.5M,1.0
53,Tom Cairney,sct SCO,MF,34-286,Fulham,7,1,203,2.3,0,0,0,0,0,0,1,0,0.4,0.4,0.0,0.5,2,14,3,0.0,0.0,0.0,0.0,0.0,0.19,0.02,0.21,0.19,0.21,tom cairney,fulham,tom cairney - fulham,59.9,59.9,€1.2M,1.0
54,Riccardo Calafiori,it ITA,DF,23-167,Arsenal,10,10,766,8.5,1,2,3,1,0,0,3,0,2.0,2.0,0.5,2.5,19,32,37,0.12,0.23,0.35,0.12,0.35,0.23,0.06,0.29,0.23,0.29,riccardo calafiori,arsenal,riccardo calafiori - arsenal,76.6,82.1,€49.3M,1.0
55,Dominic Calvert-Lewin,eng ENG,FW,28-231,Leeds United,8,7,597,6.6,1,0,1,1,0,0,0,0,1.8,1.8,0.9,2.7,6,7,29,0.15,0.0,0.15,0.15,0.15,0.27,0.14,0.41,0.27,0.41,dominic calvert-lewin,leeds united,dominic calvert-lewin - leeds united,66.4,66.4,€17.7M,1.0
56,Fabio Carvalho,pt POR,"FW,MF",23-064,Brentford,6,1,102,1.1,1,0,1,1,0,0,0,0,0.7,0.7,0.0,0.7,2,2,6,0.88,0.0,0.88,0.88,0.88,0.62,0.0,0.62,0.62,0.62,fabio carvalho,brentford,fabio carvalho - brentford,69.7,76.6,€19.6M,1.0
57,Casemiro,br BRA,MF,33-252,Manchester Utd,9,8,543,6.0,3,1,4,3,0,0,5,1,1.3,1.3,0.7,2.0,1,29,9,0.5,0.17,0.66,0.5,0.66,0.21,0.11,0.33,0.21,0.33,casemiro,manchester utd,casemiro - manchester utd,71.7,71.7,€7M,0.9401
58,Matty Cash,pl POL,DF,28-087,Aston Villa,10,10,876,9.7,2,0,2,2,0,0,3,0,0.2,0.2,0.7,0.9,15,38,44,0.21,0.0,0.21,0.21,0.21,0.02,0.07,0.09,0.02,0.09,matty cash,aston villa,matty cash - aston villa,75.9,75.9,€23.5M,1.0
59,Timothy Castagne,be BEL,"DF,FW",29-332,Fulham,7,5,398,4.4,0,0,0,0,0,0,0,0,0.4,0.4,0.2,0.6,5,9,20,0.0,0.0,0.0,0.0,0.0,0.1,0.04,0.13,0.1,0.13,timothy castagne,fulham,timothy castagne - fulham,73.1,73.4,€13.7M,1.0
60,Trevoh Chalobah,eng ENG,DF,26-120,Chelsea,9,9,750,8.3,2,0,2,2,0,0,2,1,0.7,0.7,0.1,0.8,9,30,0,0.24,0.0,0.24,0.24,0.24,0.09,0.01,0.1,0.09,0.1,trevoh chalobah,chelsea,trevoh chalobah - chelsea,74.9,77.7,€28.9M,1.0
61,Rayan Cherki,fr FRA,"MF,FW",22-077,Manchester City,4,1,92,1.0,1,0,1,1,0,0,0,0,0.3,0.3,0.9,1.1,3,9,5,0.98,0.0,0.98,0.98,0.98,0.26,0.85,1.11,0.26,1.11,rayan cherki,manchester city,rayan cherki - manchester city,72.8,82.8,€54.5M,1.0
62,Federico Chiesa,it ITA,"FW,MF",28-008,Liverpool,7,0,117,1.3,2,1,3,2,0,0,1,0,0.9,0.9,0.9,1.8,3,6,11,1.54,0.77,2.31,1.54,2.31,0.66,0.71,1.38,0.66,1.38,federico chiesa,liverpool,federico chiesa - liverpool,66.7,66.7,€16.3M,1.0
63,Ryan Christie,sct SCO,MF,30-253,Bournemouth,7,1,188,2.1,1,0,1,1,0,0,1,0,0.8,0.8,0.0,0.9,4,12,6,0.48,0.0,0.48,0.48,0.48,0.41,0.01,0.42,0.41,0.42,ryan christie,bournemouth,ryan christie - bournemouth,71.7,72.7,€10.3M,1.0
64,Nathan Collins,ie IRL,DF,24-186,Brentford,10,10,900,10.0,0,0,0,0,0,0,4,0,0.3,0.3,0.5,0.8,2,19,1,0.0,0.0,0.0,0.0,0.0,0.03,0.05,0.08,0.03,0.08,nathan collins,brentford,nathan collins - brentford,74.1,80.8,€30.2M,1.0
65,Marc Cucurella,es ESP,DF,27-103,Chelsea,10,9,806,9.0,0,2,2,0,0,0,2,0,0.4,0.4,1.5,1.9,15,37,31,0.0,0.22,0.22,0.0,0.22,0.04,0.17,0.21,0.04,0.21,marc cucurella,chelsea,marc cucurella - chelsea,75.9,77.0,€45.9M,1.0
66,Jorge Cuenca,es ESP,DF,25-350,Fulham,3,2,169,1.9,0,0,0,0,0,0,0,0,0.0,0.0,0.0,0.0,0,2,0,0.0,0.0,0.0,0.0,0.0,0.0,0.0,0.0,0.0,0.0,jorge cuenca,fulham,jorge cuenca - fulham,63.5,65.8,€6.3M,1.0
67,Josh Cullen,ie IRL,MF,29-209,Burnley,10,10,852,9.5,1,1,2,1,0,0,1,0,0.2,0.2,0.8,1.0,2,46,6,0.11,0.11,0.21,0.11,0.21,0.02,0.08,0.11,0.02,0.11,josh cullen,burnley,josh cullen - burnley,64.5,64.5,€1.6M,0.8299
68,Matheus Cunha,br BRA,"MF,FW",26-159,Manchester Utd,9,7,612,6.8,1,0,1,1,0,0,0,0,1.5,1.5,0.6,2.1,19,25,30,0.15,0.0,0.15,0.15,0.15,0.23,0.09,0.31,0.23,0.31,matheus cunha,manchester utd,matheus cunha - manchester utd,79.5,81.1,€59.3M,0.9589
69,Diogo Dalot,pt POR,DF,26-229,Manchester Utd,8,7,583,6.5,0,1,1,0,0,0,0,0,0.1,0.1,1.0,1.1,16,15,40,0.0,0.15,0.15,0.0,0.15,0.01,0.16,0.17,0.01,0.17,diogo dalot,manchester utd,diogo dalot - manchester utd,72.1,73.6,€38.4M,0.947
70,Mikkel Damsgaard,dk DEN,MF,25-122,Brentford,8,8,633,7.0,1,1,2,1,0,0,0,0,0.5,0.5,1.4,1.9,15,33,28,0.14,0.14,0.28,0.14,0.28,0.07,0.2,0.28,0.07,0.28,mikkel damsgaard,brentford,mikkel damsgaard - brentford,74.6,79.3,€36.9M,1.0
71,Kevin Danso,at AUT,DF,27-044,Tottenham,6,3,257,2.9,0,0,0,0,0,0,2,0,0.0,0.0,0.0,0.0,1,12,0,0.0,0.0,0.0,0.0,0.0,0.0,0.0,0.0,0.0,0.0,kevin danso,tottenham,kevin danso - tottenham,69.1,71.2,€22.1M,1.0
72,Karl Darlow,wls WAL,GK,35-025,Leeds United,5,5,450,5.0,0,0,0,0,0,0,0,0,0.0,0.0,0.0,0.0,0,1,0,0.0,0.0,0.0,0.0,0.0,0.0,0.0,0.0,0.0,0.0,karl darlow,leeds united,karl darlow - leeds united,51.0,51.0,€0.4M,1.0
73,Maxim De Cuyper,be BEL,DF,24-315,Brighton,8,5,409,4.5,1,0,1,1,0,0,1,0,0.7,0.7,0.4,1.1,4,19,13,0.22,0.0,0.22,0.22,0.22,0.16,0.08,0.24,0.16,0.24,maxim de cuyper,brighton,maxim de cuyper - brighton,68.1,72.8,€20.1M,1.0
74,Liam Delap,eng ENG,FW,22-267,Chelsea,3,2,92,1.0,0,0,0,0,0,0,0,0,0.2,0.2,0.0,0.2,2,3,4,0.0,0.0,0.0,0.0,0.0,0.22,0.0,0.22,0.22,0.22,liam delap,chelsea,liam delap - chelsea,66.4,75.4,€20.1M,1.0
75,Sepp van den Berg,nl NED,DF,23-317,Brentford,10,10,900,10.0,0,0,0,0,0,0,0,0,1.0,1.0,0.1,1.1,4,17,6,0.0,0.0,0.0,0.0,0.0,0.1,0.01,0.11,0.1,0.11,sepp van den berg,brentford,sepp van den berg - brentford,72.3,79.6,€27.8M,1.0
76,Justin Devenny,nir NIR,"MF,FW",22-022,Crystal Palace,8,1,162,1.8,0,0,0,0,0,0,0,0,0.4,0.4,0.1,0.5,5,5,9,0.0,0.0,0.0,0.0,0.0,0.24,0.07,0.3,0.24,0.3,justin devenny,crystal palace,justin devenny - crystal palace,60.4,69.0,€8.9M,1.0
77,Kiernan Dewsbury-Hall,eng ENG,MF,27-057,Everton,8,8,715,7.9,1,1,2,1,0,0,5,0,0.6,0.6,2.2,2.8,12,44,28,0.13,0.13,0.25,0.13,0.25,0.08,0.28,0.35,0.08,0.35,kiernan dewsbury-hall,everton,kiernan dewsbury-hall - everton,68.2,68.4,€24.5M,1.0
78,Bafodé Diakité,fr FRA,DF,24-300,Bournemouth,7,7,630,7.0,0,0,0,0,0,0,1,0,0.0,0.0,0.1,0.1,1,19,2,0.0,0.0,0.0,0.0,0.0,0.0,0.02,0.02,0.0,0.02,bafodé diakité,bournemouth,bafodé diakité - bournemouth,73.7,77.9,€38M,1.0
79,Amad Diallo,ci CIV,"DF,MF",23-114,Manchester Utd,9,8,664,7.4,1,1,2,1,0,0,1,0,2.1,2.1,1.2,3.3,40,32,61,0.14,0.14,0.27,0.14,0.27,0.28,0.17,0.45,0.28,0.45,amad diallo,manchester utd,amad diallo - manchester utd,71.2,77.5,€53.2M,0.9629
80,Habib Diarra,sn SEN,MF,21-303,Sunderland,4,4,345,3.8,0,0,0,0,0,0,1,0,0.6,0.6,0.0,0.6,10,13,17,0.0,0.0,0.0,0.0,0.0,0.15,0.01,0.16,0.15,0.16,habib diarra,sunderland,habib diarra - sunderland,72.0,82.9,€28.4M,1.0
81,Rúben Dias,pt POR,DF,28-172,Manchester City,9,8,726,8.1,0,0,0,0,0,0,0,0,0.1,0.1,0.0,0.2,9,29,0,0.0,0.0,0.0,0.0,0.0,0.02,0.0,0.02,0.02,0.02,rúben dias,manchester city,rúben dias - manchester city,88.3,88.3,€57.5M,1.0
82,Lucas Digne,fr FRA,DF,32-105,Aston Villa,10,9,728,8.1,0,2,2,0,0,0,2,0,0.3,0.3,0.7,1.0,10,17,56,0.0,0.25,0.25,0.0,0.25,0.04,0.09,0.13,0.04,0.13,lucas digne,aston villa,lucas digne - aston villa,70.9,70.9,€13.2M,1.0
83,Issa Diop,fr FRA,DF,28-297,Fulham,3,2,224,2.5,0,0,0,0,0,0,1,0,0.0,0.0,0.0,0.0,1,7,0,0.0,0.0,0.0,0.0,0.0,0.0,0.0,0.0,0.0,0.0,issa diop,fulham,issa diop - fulham,67.8,67.8,€14M,1.0
84,El Hadji Malick Diouf,sn SEN,DF,20-309,West Ham,9,8,765,8.5,0,3,3,0,0,0,1,0,0.2,0.2,0.7,1.0,12,26,38,0.0,0.35,0.35,0.0,0.35,0.03,0.09,0.11,0.03,0.11,el hadji malick diouf,west ham,el hadji malick diouf - west ham,64.0,75.5,€23.9M,1.0
85,Matt Doherty,ie IRL,DF,33-290,Wolves,4,4,291,3.2,0,0,0,0,0,0,3,0,0.1,0.1,0.1,0.1,1,9,3,0.0,0.0,0.0,0.0,0.0,0.02,0.02,0.04,0.02,0.04,matt doherty,wolverhampton wanderers,matt doherty - wolverhampton wanderers,66.5,67.7,€2.3M,1.0
86,Jeremy Doku,be BEL,"MF,FW",23-159,Manchester City,9,5,476,5.3,0,3,3,0,0,0,0,0,0.9,0.9,2.6,3.5,61,22,70,0.0,0.57,0.57,0.0,0.57,0.18,0.48,0.66,0.18,0.66,jeremy doku,manchester city,jeremy doku - manchester city,81.3,89.1,€65M,1.0
87,Gianluigi Donnarumma,it ITA,GK,26-250,Manchester City,6,6,540,6.0,0,0,0,0,0,0,1,0,0.0,0.0,0.0,0.0,0,0,0,0.0,0.0,0.0,0.0,0.0,0.0,0.0,0.0,0.0,0.0,gianluigi donnarumma,manchester city,gianluigi donnarumma - manchester city,73.7,83.2,€50.1M,1.0
88,Patrick Dorgu,dk DEN,DF,21-007,Manchester Utd,9,5,547,6.1,0,1,1,0,0,0,3,0,0.6,0.6,0.9,1.5,17,8,45,0.0,0.16,0.16,0.0,0.16,0.1,0.15,0.25,0.1,0.25,patrick dorgu,manchester utd,patrick dorgu - manchester utd,67.2,82.2,€32.4M,0.9458
89,Martin Dúbravka,sk SVK,GK,36-291,Burnley,10,10,900,10.0,0,0,0,0,0,0,0,0,0.0,0.0,0.0,0.0,0,0,0,0.0,0.0,0.0,0.0,0.0,0.0,0.0,0.0,0.0,0.0,martin dúbravka,burnley,martin dúbravka - burnley,60.5,60.5,€1.0M,1.0
90,Lewis Dunk,eng ENG,DF,33-346,Brighton,10,10,900,10.0,0,0,0,0,0,0,3,0,0.6,0.6,0.0,0.6,5,35,1,0.0,0.0,0.0,0.0,0.0,0.06,0.0,0.06,0.06,0.06,lewis dunk,brighton,lewis dunk - brighton,67.6,67.6,€3.8M,1.0
91,Hjalmar Ekdal,se SWE,DF,27-012,Burnley,7,6,533,5.9,0,0,0,0,0,0,0,0,0.2,0.2,0.1,0.3,1,6,0,0.0,0.0,0.0,0.0,0.0,0.03,0.02,0.06,0.03,0.06,hjalmar ekdal,burnley,hjalmar ekdal - burnley,59.6,60.3,€4.2M,1.0
92,Hugo Ekitike,fr FRA,FW,23-135,Liverpool,9,7,577,6.4,3,1,4,3,0,0,0,0,2.3,2.3,0.4,2.8,10,10,32,0.47,0.16,0.62,0.47,0.62,0.37,0.07,0.43,0.37,0.43,hugo ekitike,liverpool,hugo ekitike - liverpool,78.4,86.5,€75.3M,1.0
93,Anthony Elanga,se SWE,"FW,MF",23-189,Newcastle Utd,9,4,389,4.3,0,0,0,0,0,0,0,0,0.8,0.8,0.6,1.3,17,6,56,0.0,0.0,0.0,0.0,0.0,0.18,0.13,0.31,0.18,0.31,anthony elanga,newcastle united,anthony elanga - newcastle united,75.0,82.6,€60M,0.9689
94,Harvey Elliott,eng ENG,"MF,FW",22-212,Aston Villa,3,1,98,1.1,0,0,0,0,0,0,0,0,0.2,0.2,0.0,0.2,3,5,11,0.0,0.0,0.0,0.0,0.0,0.17,0.0,0.17,0.17,0.17,harvey elliott,aston villa,harvey elliott - aston villa,76.3,85.1,€38.3M,1.0
95,Maxime Estève,fr FRA,DF,23-160,Burnley,10,10,891,9.9,0,0,0,0,0,0,0,0,0.2,0.2,0.4,0.6,3,20,1,0.0,0.0,0.0,0.0,0.0,0.02,0.04,0.06,0.02,0.06,maxime estève,burnley,maxime estève - burnley,76.6,84.8,€30.4M,1.0
96,Evanilson,br BRA,FW,26-027,Bournemouth,7,7,616,6.8,1,0,1,1,0,0,1,0,1.3,1.3,0.8,2.0,4,7,21,0.15,0.0,0.15,0.15,0.15,0.18,0.11,0.3,0.18,0.3,evanilson,bournemouth,evanilson - bournemouth,75.3,77.6,€26.8M,1.0
97,Eberechi Eze,eng ENG,"MF,FW",27-126,Arsenal,8,6,531,5.9,1,2,3,1,0,0,0,0,1.3,1.3,0.8,2.1,14,29,33,0.17,0.34,0.51,0.17,0.51,0.22,0.13,0.35,0.22,0.35,eberechi eze,arsenal,eberechi eze - arsenal,75.4,76.3,€61.9M,1.0
98,Bruno Fernandes,pt POR,MF,31-055,Manchester Utd,10,10,890,9.9,2,2,4,1,1,3,2,0,4.3,2.0,2.2,4.2,15,80,29,0.2,0.2,0.4,0.1,0.3,0.44,0.22,0.66,0.2,0.42,bruno fernandes,manchester utd,bruno fernandes - manchester utd,77.1,77.1,€51.5M,0.9576
99,Mateus Fernandes,pt POR,"MF,FW",21-115,West Ham,7,6,469,5.2,1,0,1,1,0,0,0,0,0.3,0.3,0.6,0.8,7,15,7,0.19,0.0,0.19,0.19,0.19,0.05,0.11,0.15,0.05,0.15,mateus fernandes,west ham,mateus fernandes - west ham,63.0,78.0,€23.2M,1.0
100,Enzo Fernández,ar ARG,MF,24-289,Chelsea,9,9,798,8.9,3,1,4,2,1,1,2,0,4.3,3.5,1.7,5.2,12,67,40,0.34,0.11,0.45,0.23,0.34,0.49,0.19,0.68,0.4,0.59,enzo fernández,chelsea,enzo fernández - chelsea,75.2,80.4,€77M,1.0
101,Zian Flemming,nl NED,"FW,MF",27-093,Burnley,7,3,277,3.1,2,0,2,2,0,0,1,0,0.9,0.9,0.2,1.1,1,1,13,0.65,0.0,0.65,0.65,0.65,0.3,0.06,0.36,0.3,0.36,zian flemming,burnley,zian flemming - burnley,60.9,61.5,€8.5M,1.0
102,Phil Foden,eng ENG,MF,25-158,Manchester City,7,6,533,5.9,1,0,1,1,0,0,2,0,1.1,1.1,1.0,2.1,11,31,33,0.17,0.0,0.17,0.17,0.17,0.18,0.17,0.35,0.18,0.35,phil foden,manchester city,phil foden - manchester city,85.0,89.0,€97.8M,1.0
103,Wesley Fofana,fr FRA,DF,24-320,Chelsea,4,3,218,2.4,0,0,0,0,0,0,0,0,0.0,0.0,0.0,0.0,3,6,1,0.0,0.0,0.0,0.0,0.0,0.0,0.0,0.0,0.0,0.0,wesley fofana,chelsea,wesley fofana - chelsea,70.6,75.1,€27.5M,1.0
104,Lyle Foster,za RSA,FW,25-060,Burnley,8,7,579,6.4,2,1,3,2,0,0,2,0,1.3,1.3,0.7,2.0,7,6,32,0.31,0.16,0.47,0.31,0.47,0.21,0.1,0.31,0.21,0.31,lyle foster,burnley,lyle foster - burnley,65.7,67.9,€10.1M,1.0
105,Niclas Füllkrug,de GER,FW,32-266,West Ham,6,5,379,4.2,0,0,0,0,0,0,0,0,0.8,0.8,0.6,1.3,1,5,15,0.0,0.0,0.0,0.0,0.0,0.19,0.13,0.32,0.19,0.32,niclas füllkrug,west ham,niclas füllkrug - west ham,66.0,66.0,€11M,1.0
106,Cody Gakpo,nl NED,"FW,MF",26-179,Liverpool,10,9,794,8.8,3,2,5,3,0,0,0,0,2.9,2.9,2.9,5.8,37,30,94,0.34,0.23,0.57,0.34,0.57,0.33,0.33,0.66,0.33,0.66,cody gakpo,liverpool,cody gakpo - liverpool,85.6,89.3,€65.8M,1.0
107,Idrissa Gana Gueye,sn SEN,MF,36-037,Everton,9,9,769,8.5,1,0,1,1,0,0,0,0,0.8,0.8,0.1,1.0,3,42,12,0.12,0.0,0.12,0.12,0.12,0.1,0.02,0.11,0.1,0.11,idrissa gana gueye,everton,idrissa gana gueye - everton,72.4,72.4,€5.2M,0.9366
108,Alejandro Garnacho,ar ARG,FW,21-124,Chelsea,5,4,253,2.8,1,0,1,1,0,0,0,0,0.3,0.3,0.6,0.9,24,2,39,0.36,0.0,0.36,0.36,0.36,0.11,0.21,0.32,0.11,0.32,alejandro garnacho,chelsea,alejandro garnacho - chelsea,73.5,85.3,€58.7M,1.0
109,James Garner,eng ENG,"MF,DF",24-234,Everton,9,9,810,9.0,1,1,2,1,0,0,4,0,0.7,0.7,0.9,1.7,9,45,14,0.11,0.11,0.22,0.11,0.22,0.08,0.1,0.18,0.08,0.18,james garner,everton,james garner - everton,77.6,82.6,€21.1M,1.0
110,Lutsharel Geertruida,nl NED,"DF,MF",25-107,Sunderland,6,1,167,1.9,0,0,0,0,0,0,0,0,0.7,0.7,0.0,0.7,3,2,0,0.0,0.0,0.0,0.0,0.0,0.36,0.0,0.36,0.36,0.36,lutsharel geertruida,sunderland,lutsharel geertruida - sunderland,71.4,75.4,€24.5M,1.0
111,Tyrique George,eng ENG,FW,19-271,Chelsea,4,0,145,1.6,0,0,0,0,0,0,2,0,0.3,0.3,0.0,0.3,1,4,10,0.0,0.0,0.0,0.0,0.0,0.2,0.0,0.2,0.2,0.2,tyrique george,chelsea,tyrique george - chelsea,50.0,65.9,€17.8M,1.0
112,Morgan Gibbs-White,eng ENG,"MF,FW",25-279,Nott'ham Forest,10,9,819,9.1,1,1,2,1,0,0,0,0,2.0,2.0,0.7,2.7,21,63,74,0.11,0.11,0.22,0.11,0.22,0.22,0.07,0.29,0.22,0.29,morgan gibbs-white,nottingham forest,morgan gibbs-white - nottingham forest,73.5,78.6,€62.6M,0.9017
113,Jamie Gittens,eng ENG,FW,21-086,Chelsea,8,2,246,2.7,0,0,0,0,0,0,0,0,0.5,0.5,0.2,0.7,13,6,23,0.0,0.0,0.0,0.0,0.0,0.18,0.07,0.25,0.18,0.25,jamie gittens,chelsea,jamie gittens - chelsea,78.8,90.2,€70.4M,1.0
114,Wilfried Gnonto,it ITA,FW,21-362,Leeds United,4,3,192,2.1,0,0,0,0,0,0,1,0,0.2,0.2,0.1,0.3,4,4,14,0.0,0.0,0.0,0.0,0.0,0.08,0.04,0.12,0.08,0.12,wilfried gnonto,leeds united,wilfried gnonto - leeds united,68.7,78.7,€26.4M,1.0
115,João Gomes,br BRA,MF,24-263,Wolves,10,8,745,8.3,0,0,0,0,0,0,3,0,0.4,0.4,0.2,0.6,9,51,13,0.0,0.0,0.0,0.0,0.0,0.04,0.03,0.07,0.04,0.07,joão gomes,wolverhampton wanderers,joão gomes - wolverhampton wanderers,70.8,76.8,€50.3M,1.0
116,Rodrigo Gomes,pt POR,"FW,DF",22-118,Wolves,6,4,331,3.7,1,0,1,1,0,0,0,0,1.0,1.0,0.1,1.1,13,7,37,0.27,0.0,0.27,0.27,0.27,0.26,0.04,0.3,0.26,0.3,rodrigo gomes,wolverhampton wanderers,rodrigo gomes - wolverhampton wanderers,70.8,76.8,€50.3M,0.9077
117,Toti Gomes,pt POR,DF,26-290,Wolves,7,6,435,4.8,0,0,0,0,0,0,2,1,0.0,0.0,0.1,0.2,5,11,1,0.0,0.0,0.0,0.0,0.0,0.01,0.02,0.03,0.01,0.03,toti gomes,wolverhampton wanderers,toti gomes - wolverhampton wanderers,69.3,73.3,€16M,0.899
118,Diego Gómez,py PAR,"MF,FW",22-220,Brighton,9,5,457,5.1,2,0,2,2,0,0,2,0,1.6,1.6,0.7,2.4,5,13,23,0.39,0.0,0.39,0.39,0.39,0.32,0.15,0.46,0.32,0.46,diego gómez,brighton,diego gómez - brighton,71.8,71.8,€19.2M,0.8167
119,Nicolás González,es ESP,MF,23-303,Manchester City,8,4,468,5.2,0,0,0,0,0,0,2,0,0.2,0.2,0.4,0.6,7,32,6,0.0,0.0,0.0,0.0,0.0,0.04,0.07,0.11,0.04,0.11,nicolás gonzález,manchester city,nicolás gonzález - manchester city,74.8,81.2,€49M,0.868
120,Anthony Gordon,eng ENG,FW,24-251,Newcastle Utd,6,6,413,4.6,0,0,0,0,0,0,0,1,1.3,1.3,1.0,2.3,17,12,33,0.0,0.0,0.0,0.0,0.0,0.29,0.21,0.5,0.29,0.5,anthony gordon,newcastle united,anthony gordon - newcastle united,78.5,84.1,€47.8M,0.9711
121,Ryan Gravenberch,nl NED,MF,23-170,Liverpool,8,8,691,7.7,3,1,4,3,0,0,2,0,0.5,0.5,0.6,1.2,21,42,20,0.39,0.13,0.52,0.39,0.52,0.07,0.08,0.15,0.07,0.15,ryan gravenberch,liverpool,ryan gravenberch - liverpool,85.5,96.5,€82.3M,1.0
122,Jack Grealish,eng ENG,FW,30-053,Everton,8,7,646,7.2,1,4,5,1,0,0,3,0,1.1,1.1,2.6,3.7,55,32,71,0.14,0.56,0.7,0.14,0.7,0.15,0.36,0.51,0.15,0.51,jack grealish,everton,jack grealish - everton,81.7,81.7,€29.2M,1.0
123,Brajan Gruda,de GER,"MF,FW",21-155,Brighton,7,2,223,2.5,1,1,2,1,0,0,0,0,1.4,1.4,0.5,1.9,8,6,26,0.4,0.4,0.81,0.4,0.81,0.57,0.18,0.75,0.57,0.75,brajan gruda,brighton,brajan gruda - brighton,66.9,76.6,€29.4M,1.0
124,Ilia Gruev,bg BUL,MF,25-180,Leeds United,5,2,213,2.4,0,0,0,0,0,0,1,0,0.0,0.0,0.0,0.0,0,7,0,0.0,0.0,0.0,0.0,0.0,0.0,0.0,0.0,0.0,0.0,ilia gruev,leeds united,ilia gruev - leeds united,66.8,70.4,€6.8M,1.0
125,Gabriel Gudmundsson,se SWE,DF,26-187,Leeds United,10,10,830,9.2,0,0,0,0,0,0,1,0,0.2,0.2,1.4,1.5,27,30,33,0.0,0.0,0.0,0.0,0.0,0.02,0.15,0.16,0.02,0.16,gabriel gudmundsson,leeds united,gabriel gudmundsson - leeds united,65.4,66.7,€10.1M,1.0
126,Marc Guéhi,eng ENG,DF,25-112,Crystal Palace,10,10,900,10.0,1,1,2,1,0,0,0,0,0.9,0.9,1.1,2.0,9,46,4,0.1,0.1,0.2,0.1,0.2,0.09,0.11,0.2,0.09,0.2,marc guéhi,crystal palace,marc guéhi - crystal palace,79.7,84.5,€40.3M,1.0
127,Evann Guessand,ci CIV,FW,24-124,Aston Villa,9,5,418,4.6,0,0,0,0,0,0,0,0,0.4,0.4,0.0,0.4,11,8,26,0.0,0.0,0.0,0.0,0.0,0.08,0.01,0.09,0.08,0.09,evann guessand,aston villa,evann guessand - aston villa,69.0,73.4,€27.9M,1.0
128,Bruno Guimarães,br BRA,MF,27-351,Newcastle Utd,8,8,715,7.9,3,0,3,3,0,0,2,0,1.5,1.5,0.5,1.9,7,55,20,0.38,0.0,0.38,0.38,0.38,0.19,0.06,0.25,0.19,0.25,bruno guimarães,newcastle united,bruno guimarães - newcastle united,81.3,81.6,€79.1M,0.9654
129,Marc Guiu,es ESP,FW,19-302,Chelsea,3,1,136,1.5,0,0,0,0,0,0,0,0,0.6,0.6,0.0,0.6,1,1,6,0.0,0.0,0.0,0.0,0.0,0.39,0.0,0.39,0.39,0.39,marc guiu,chelsea,marc guiu - chelsea,46.4,59.9,€17.1M,1.0
130,Malo Gusto,fr FRA,"DF,MF",22-167,Chelsea,8,5,476,5.3,0,1,1,0,0,0,2,1,0.1,0.1,0.6,0.7,11,27,27,0.0,0.19,0.19,0.0,0.19,0.01,0.11,0.12,0.01,0.12,malo gusto,chelsea,malo gusto - chelsea,76.5,85.7,€31.9M,1.0
131,Joško Gvardiol,hr CRO,DF,23-283,Manchester City,5,5,429,4.8,0,1,1,0,0,0,0,0,0.2,0.2,0.3,0.5,7,33,0,0.0,0.21,0.21,0.0,0.21,0.03,0.07,0.1,0.03,0.1,joško gvardiol,manchester city,joško gvardiol - manchester city,82.0,90.2,€81.1M,1.0
132,Viktor Gyökeres,se SWE,FW,27-151,Arsenal,10,10,800,8.9,4,0,4,3,1,1,1,0,4.6,3.8,1.1,4.9,8,11,51,0.45,0.0,0.45,0.34,0.34,0.51,0.13,0.64,0.42,0.55,viktor gyökeres,arsenal,viktor gyökeres - arsenal,76.8,76.8,€74.7M,1.0
133,Erling Haaland,no NOR,FW,25-104,Manchester City,9,9,773,8.6,11,1,12,11,0,0,0,0,8.9,8.9,1.1,10.0,16,6,30,1.28,0.12,1.4,1.28,1.4,1.03,0.13,1.17,1.03,1.17,erling haaland,manchester city,erling haaland - manchester city,90.7,95.3,€151.4M,1.0
134,Lewis Hall,eng ENG,DF,21-055,Newcastle Utd,3,1,135,1.5,0,0,0,0,0,0,0,0,0.0,0.0,0.0,0.0,0,9,7,0.0,0.0,0.0,0.0,0.0,0.02,0.0,0.02,0.02,0.02,lewis hall,newcastle united,lewis hall - newcastle united,72.7,84.5,€36.9M,0.9711
135,Jack Harrison,eng ENG,FW,28-347,Leeds United,9,1,259,2.9,0,0,0,0,0,0,0,0,0.3,0.3,0.4,0.7,8,8,17,0.0,0.0,0.0,0.0,0.0,0.1,0.13,0.23,0.1,0.23,jack harrison,leeds united,jack harrison - leeds united,70.9,70.9,€16.1M,1.0
136,Quilindschy Hartman,nl NED,DF,23-353,Burnley,10,10,897,10.0,0,4,4,0,0,0,1,0,0.1,0.1,1.2,1.4,3,27,26,0.0,0.4,0.4,0.0,0.4,0.01,0.13,0.14,0.01,0.14,quilindschy hartman,burnley,quilindschy hartman - burnley,73.3,78.6,€19.9M,1.0
137,Jorrel Hato,nl NED,DF,19-240,Chelsea,4,2,168,1.9,0,0,0,0,0,0,2,0,0.0,0.0,0.0,0.0,0,4,1,0.0,0.0,0.0,0.0,0.0,0.0,0.0,0.0,0.0,0.0,jorrel hato,chelsea,jorrel hato - chelsea,61.1,87.8,€56.3M,1.0
138,Jan Paul van Hecke,nl NED,DF,25-147,Brighton,10,10,900,10.0,1,0,1,1,0,0,2,0,0.6,0.6,0.1,0.8,21,73,3,0.1,0.0,0.1,0.1,0.1,0.06,0.01,0.08,0.06,0.08,jan paul van hecke,brighton,jan paul van hecke - brighton,72.8,76.7,€38.5M,1.0
139,Hwang Hee-chan,kr KOR,FW,29-280,Wolves,7,4,300,3.3,1,0,1,1,0,0,0,0,0.6,0.6,0.0,0.7,6,8,17,0.3,0.0,0.3,0.3,0.3,0.19,0.01,0.21,0.19,0.21,hwang hee-chan,wolverhampton wanderers,hwang hee-chan - wolverhampton wanderers,67.7,67.7,€17.3M,0.9866
140,Dean Henderson,eng ENG,GK,28-235,Crystal Palace,10,10,900,10.0,0,0,0,0,0,0,1,0,0.0,0.0,0.0,0.0,0,0,0,0.0,0.0,0.0,0.0,0.0,0.0,0.0,0.0,0.0,0.0,dean henderson,crystal palace,dean henderson - crystal palace,76.9,77.3,€25.8M,1.0
141,Jordan Henderson,eng ENG,MF,35-138,Brentford,10,9,740,8.2,0,2,2,0,0,0,3,0,0.1,0.1,0.7,0.8,5,42,4,0.0,0.24,0.24,0.0,0.24,0.01,0.09,0.09,0.01,0.09,jordan henderson,brentford,jordan henderson - brentford,65.0,65.0,€2M,1.0
142,Rico Henry,eng ENG,DF,28-117,Brentford,7,1,173,1.9,0,0,0,0,0,0,1,0,0.1,0.1,0.1,0.3,12,2,11,0.0,0.0,0.0,0.0,0.0,0.07,0.07,0.13,0.07,0.13,rico henry,brentford,rico henry - brentford,69.2,69.3,€11.2M,1.0
143,Mads Hermansen,dk DEN,GK,25-114,West Ham,4,4,360,4.0,0,0,0,0,0,0,0,0,0.0,0.0,0.0,0.0,0,0,0,0.0,0.0,0.0,0.0,0.0,0.0,0.0,0.0,0.0,0.0,mads hermansen,west ham,mads hermansen - west ham,61.6,66.6,€19.1M,1.0
144,Aaron Hickey,sct SCO,DF,23-145,Brentford,5,2,187,2.1,0,0,0,0,0,0,1,0,0.0,0.0,0.0,0.0,0,4,5,0.0,0.0,0.0,0.0,0.0,0.01,0.0,0.01,0.01,0.01,aaron hickey,brentford,aaron hickey - brentford,68.9,74.5,€14.3M,1.0
145,James Hill,eng ENG,DF,23-296,Bournemouth,7,2,276,3.1,0,0,0,0,0,0,1,0,0.1,0.1,0.0,0.1,3,17,8,0.0,0.0,0.0,0.0,0.0,0.04,0.0,0.04,0.04,0.04,james hill,bournemouth,james hill - bournemouth,55.7,61.3,€4.3M,1.0
146,Jack Hinshelwood,eng ENG,MF,20-205,Brighton,3,2,107,1.2,0,0,0,0,0,0,0,0,0.0,0.0,0.0,0.0,2,2,1,0.0,0.0,0.0,0.0,0.0,0.0,0.0,0.0,0.0,0.0,jack hinshelwood,brighton,jack hinshelwood - brighton,68.5,82.7,€9.2M,1.0
147,Ki-Jana Hoever,nl NED,"DF,MF",23-288,Wolves,5,4,250,2.8,0,0,0,0,0,0,0,0,0.0,0.0,0.2,0.3,6,9,15,0.0,0.0,0.0,0.0,0.0,0.01,0.09,0.1,0.01,0.1,ki-jana hoever,wolverhampton wanderers,ki-jana hoever - wolverhampton wanderers,65.7,73.0,€5.8M,1.0
148,Callum Hudson-Odoi,eng ENG,FW,24-360,Nott'ham Forest,10,6,570,6.3,1,0,1,1,0,0,0,0,0.6,0.6,1.7,2.3,35,29,79,0.16,0.0,0.16,0.16,0.16,0.09,0.27,0.36,0.09,0.36,callum hudson-odoi,nottingham forest,callum hudson-odoi - nottingham forest,78.0,84.0,€28.2M,0.9464
149,Will Hughes,eng ENG,MF,30-199,Crystal Palace,8,5,442,4.9,0,0,0,0,0,0,3,0,0.2,0.2,0.5,0.7,2,29,3,0.0,0.0,0.0,0.0,0.0,0.03,0.11,0.14,0.03,0.14,will hughes,crystal palace,will hughes - crystal palace,73.0,73.0,€10.7M,1.0
150,Trai Hume,nir NIR,DF,23-229,Sunderland,9,9,798,8.9,0,1,1,0,0,0,0,0,0.3,0.3,0.4,0.8,9,30,19,0.0,0.11,0.11,0.0,0.11,0.04,0.05,0.08,0.04,0.08,trai hume,sunderland,trai hume - sunderland,69.5,73.7,€18.2M,1.0
151,Omari Hutchinson,eng ENG,"FW,MF",22-003,Nott'ham Forest,5,0,102,1.1,0,0,0,0,0,0,0,0,0.4,0.4,0.7,1.1,6,3,22,0.0,0.0,0.0,0.0,0.0,0.37,0.59,0.97,0.37,0.97,omari hutchinson,nottingham forest,omari hutchinson - nottingham forest,64.8,76.8,€26.3M,0.9195
152,Tim Iroegbunam,eng ENG,MF,22-125,Everton,6,3,267,3.0,0,0,0,0,0,0,3,0,0.2,0.2,0.0,0.2,1,8,6,0.0,0.0,0.0,0.0,0.0,0.05,0.0,0.05,0.05,0.05,tim iroegbunam,everton,tim iroegbunam - everton,58.8,66.4,€12.2M,1.0
153,Andy Irving,sct SCO,MF,25-173,West Ham,6,2,150,1.7,0,0,0,0,0,0,0,0,0.0,0.0,0.1,0.1,2,12,2,0.0,0.0,0.0,0.0,0.0,0.0,0.07,0.07,0.0,0.07,andy irving,west ham,andy irving - west ham,52.1,53.8,€2.3M,0.9416
154,Alexander Isak,se SWE,FW,26-042,Liverpool,4,3,251,2.8,0,1,1,0,0,0,0,0,0.9,0.9,0.5,1.5,1,7,11,0.0,0.36,0.36,0.0,0.36,0.34,0.2,0.54,0.34,0.54,alexander isak,liverpool,alexander isak - liverpool,81.3,85.8,€140.1M,1.0
155,Wilson Isidor,fr FRA,FW,25-067,Sunderland,9,6,528,5.9,4,0,4,4,0,0,0,0,2.1,2.1,0.0,2.1,3,4,21,0.68,0.0,0.68,0.68,0.68,0.35,0.0,0.35,0.35,0.35,wilson isidor,sunderland,wilson isidor - sunderland,59.4,62.3,€15.8M,1.0
156,Alex Iwobi,ng NGA,"FW,MF",29-183,Fulham,10,10,808,9.0,1,2,3,1,0,0,2,0,0.5,0.5,1.7,2.2,40,56,53,0.11,0.22,0.33,0.11,0.33,0.06,0.19,0.25,0.06,0.25,alex iwobi,fulham,alex iwobi - fulham,73.6,74.1,€34.5M,1.0
157,Daniel James,wls WAL,"FW,MF",27-357,Leeds United,7,3,272,3.0,0,0,0,0,0,0,0,0,0.4,0.4,0.5,0.9,15,7,25,0.0,0.0,0.0,0.0,0.0,0.14,0.17,0.31,0.14,0.31,daniel james,leeds united,daniel james - leeds united,66.9,67.7,€15.4M,1.0
158,Reece James,eng ENG,DF,25-329,Chelsea,10,7,695,7.7,1,2,3,1,0,0,2,0,0.4,0.4,1.7,2.2,9,51,22,0.13,0.26,0.39,0.13,0.39,0.05,0.23,0.28,0.05,0.28,reece james,chelsea,reece james - chelsea,72.6,75.3,€36.8M,1.0
159,Vitaly Janelt,de GER,MF,27-176,Brentford,6,0,144,1.6,0,0,0,0,0,0,0,0,0.2,0.2,0.1,0.3,1,6,1,0.0,0.0,0.0,0.0,0.0,0.15,0.04,0.19,0.15,0.19,vitaly janelt,brentford,vitaly janelt - brentford,74.8,75.5,€18.2M,1.0
160,Mathias Jensen,dk DEN,MF,29-305,Brentford,8,2,212,2.4,2,0,2,2,0,0,0,0,0.5,0.5,0.2,0.7,4,16,4,0.85,0.0,0.85,0.85,0.85,0.22,0.08,0.3,0.22,0.3,mathias jensen,brentford,mathias jensen - brentford,72.8,72.8,€12.4M,1.0
161,Igor Jesus,br BRA,"FW,MF",24-250,Nott'ham Forest,9,2,273,3.0,0,0,0,0,0,0,0,0,1.2,1.2,0.1,1.3,1,3,13,0.0,0.0,0.0,0.0,0.0,0.39,0.03,0.42,0.39,0.42,igor jesus,nottingham forest,igor jesus - nottingham forest,61.7,66.4,€19.2M,0.9085
162,Álex Jiménez,es ESP,DF,20-178,Bournemouth,6,4,315,3.5,0,0,0,0,0,0,3,0,0.1,0.1,0.1,0.2,15,20,8,0.0,0.0,0.0,0.0,0.0,0.02,0.02,0.04,0.02,0.04,álex jiménez,bournemouth,álex jiménez - bournemouth,62.0,78.2,€23M,1.0
163,Raúl Jiménez,mx MEX,FW,34-181,Fulham,9,5,395,4.4,1,1,2,1,0,0,0,0,1.2,1.2,0.3,1.6,2,8,21,0.23,0.23,0.46,0.23,0.46,0.28,0.08,0.35,0.28,0.35,raúl jiménez,fulham,raúl jiménez - fulham,67.1,67.5,€4.7M,1.0
164,João Pedro,br BRA,"FW,MF",24-037,Chelsea,10,10,848,9.4,3,3,6,3,0,0,0,0,3.3,3.3,2.2,5.4,22,29,60,0.32,0.32,0.64,0.32,0.64,0.35,0.23,0.58,0.35,0.58,joão pedro,chelsea,joão pedro - chelsea,73.1,78.4,€61.4M,1.0
165,Joelinton,br BRA,MF,29-080,Newcastle Utd,7,7,534,5.9,0,0,0,0,0,0,2,0,0.6,0.6,0.9,1.5,9,32,20,0.0,0.0,0.0,0.0,0.0,0.11,0.15,0.26,0.11,0.26,joelinton,newcastle united,joelinton - newcastle united,76.1,76.1,€39M,0.9648
166,Brennan Johnson,wls WAL,FW,24-163,Tottenham,10,4,381,4.2,2,0,2,2,0,0,1,0,1.0,1.0,0.2,1.1,10,6,25,0.47,0.0,0.47,0.47,0.47,0.23,0.04,0.27,0.23,0.27,brennan johnson,tottenham,brennan johnson - tottenham,76.7,82.7,€52.2M,1.0
167,Sam Johnstone,eng ENG,GK,32-222,Wolves,6,6,540,6.0,0,0,0,0,0,0,0,0,0.0,0.0,0.0,0.0,0,1,0,0.0,0.0,0.0,0.0,0.0,0.0,0.0,0.0,0.0,0.0,sam johnstone,wolverhampton wanderers,sam johnstone - wolverhampton wanderers,58.8,58.8,€5.2M,1.0
168,Curtis Jones,eng ENG,MF,24-276,Liverpool,8,2,327,3.6,0,0,0,0,0,0,0,0,0.3,0.3,0.4,0.7,13,46,12,0.0,0.0,0.0,0.0,0.0,0.09,0.11,0.19,0.09,0.19,curtis jones,liverpool,curtis jones - liverpool,77.5,83.5,€50.2M,1.0
169,Eli Junior Kroupi,fr FRA,"FW,MF",19-132,Bournemouth,6,2,166,1.8,4,0,4,4,0,0,1,0,1.5,1.5,0.1,1.6,2,0,7,2.17,0.0,2.17,2.17,2.17,0.79,0.05,0.84,0.79,0.84,eli junior kroupi,bournemouth,eli junior kroupi - bournemouth,59.2,76.5,€22M,0.964
170,Ferdi Kadioglu,tr TUR,"DF,FW",26-026,Brighton,9,6,647,7.2,0,0,0,0,0,0,3,0,0.3,0.3,0.4,0.6,20,33,35,0.0,0.0,0.0,0.0,0.0,0.04,0.05,0.09,0.04,0.09,ferdi kadioglu,brighton,ferdi kadioglu - brighton,69.8,70.6,€27.5M,0.8054
171,Daichi Kamada,jp JPN,MF,29-089,Crystal Palace,8,8,675,7.5,0,0,0,0,0,0,0,0,0.5,0.5,0.9,1.4,11,30,19,0.0,0.0,0.0,0.0,0.0,0.07,0.13,0.19,0.07,0.19,daichi kamada,crystal palace,daichi kamada - crystal palace,73.0,73.0,€11.4M,1.0
172,Boubacar Kamara,fr FRA,MF,25-344,Aston Villa,8,7,565,6.3,0,2,2,0,0,0,2,0,0.1,0.1,0.4,0.5,7,38,2,0.0,0.32,0.32,0.0,0.32,0.01,0.07,0.08,0.01,0.08,boubacar kamara,aston villa,boubacar kamara - aston villa,79.6,82.4,€50.5M,1.0
173,Michael Kayode,it ITA,DF,21-115,Brentford,10,10,862,9.6,0,0,0,0,0,0,0,0,0.1,0.1,1.4,1.5,18,19,39,0.0,0.0,0.0,0.0,0.0,0.01,0.14,0.15,0.01,0.15,michael kayode,brentford,michael kayode - brentford,73.2,83.6,€26.6M,1.0
174,Michael Keane,eng ENG,DF,32-295,Everton,9,9,784,8.7,1,0,1,1,0,0,0,0,0.8,0.8,0.1,0.9,2,23,1,0.11,0.0,0.11,0.11,0.11,0.09,0.01,0.1,0.09,0.1,michael keane,everton,michael keane - everton,58.7,58.7,€3.2M,1.0
175,Caoimhín Kelleher,ie IRL,GK,26-344,Brentford,10,10,900,10.0,0,0,0,0,0,0,1,0,0.0,0.0,0.0,0.0,0,1,0,0.0,0.0,0.0,0.0,0.0,0.0,0.0,0.0,0.0,0.0,caoimhín kelleher,brentford,caoimhín kelleher - brentford,62.3,62.3,€25M,1.0
176,Milos Kerkez,hu HUN,DF,21-360,Liverpool,9,9,660,7.3,1,0,1,1,0,0,3,0,0.8,0.8,0.3,1.1,12,34,38,0.14,0.0,0.14,0.14,0.14,0.11,0.04,0.15,0.11,0.15,milos kerkez,liverpool,milos kerkez - liverpool,77.2,90.6,€63.9M,1.0
177,Kevin,br BRA,"FW,MF",22-302,Fulham,7,1,232,2.6,0,0,0,0,0,0,1,0,0.1,0.1,0.3,0.3,21,9,22,0.0,0.0,0.0,0.0,0.0,0.02,0.1,0.12,0.02,0.12,kevin,fulham,kevin - fulham,54.8,70.3,€7.1M,0.7735
178,Abdukodir Khusanov,uz UZB,DF,21-246,Manchester City,4,3,228,2.5,0,0,0,0,0,0,1,0,0.0,0.0,0.0,0.0,2,5,4,0.0,0.0,0.0,0.0,0.0,0.0,0.0,0.0,0.0,0.0,abdukodir khusanov,manchester city,abdukodir khusanov - manchester city,69.1,78.7,€45.3M,1.0
179,Max Kilman,eng ENG,DF,28-163,West Ham,9,9,810,9.0,0,0,0,0,0,0,3,0,0.4,0.4,0.2,0.6,3,20,1,0.0,0.0,0.0,0.0,0.0,0.04,0.02,0.06,0.04,0.06,max kilman,west ham,max kilman - west ham,70.1,70.5,€37.7M,0.804
180,Joshua King,eng ENG,"MF,FW",18-303,Fulham,10,9,616,6.8,0,0,0,0,0,0,2,0,0.8,0.8,0.2,1.0,17,22,37,0.0,0.0,0.0,0.0,0.0,0.12,0.03,0.15,0.12,0.15,joshua king,fulham,joshua king - fulham,54.8,70.3,€7.1M,0.8619
181,Justin Kluivert,nl NED,MF,26-181,Bournemouth,8,3,307,3.4,1,0,1,1,0,0,1,0,0.4,0.4,0.4,0.8,9,9,24,0.29,0.0,0.29,0.29,0.29,0.12,0.12,0.24,0.12,0.24,justin kluivert,bournemouth,justin kluivert - bournemouth,78.4,80.6,€43.1M,1.0
182,Randal Kolo Muani,fr FRA,FW,26-332,Tottenham,3,2,145,1.6,0,0,0,0,0,0,0,0,0.1,0.1,0.1,0.2,1,0,7,0.0,0.0,0.0,0.0,0.0,0.08,0.03,0.12,0.08,0.12,randal kolo muani,tottenham,randal kolo muani - tottenham,73.5,75.2,€36.2M,1.0
183,Ibrahima Konaté,fr FRA,DF,26-161,Liverpool,10,10,832,9.2,0,0,0,0,0,0,2,0,0.8,0.8,0.5,1.3,12,39,0,0.0,0.0,0.0,0.0,0.0,0.08,0.06,0.14,0.08,0.14,ibrahima konaté,liverpool,ibrahima konaté - liverpool,78.4,82.4,€41.2M,1.0
184,Ezri Konsa,eng ENG,DF,28-010,Aston Villa,9,9,785,8.7,0,0,0,0,0,0,0,1,0.0,0.0,0.0,0.1,5,28,3,0.0,0.0,0.0,0.0,0.0,0.01,0.0,0.01,0.01,0.01,ezri konsa,aston villa,ezri konsa - aston villa,76.7,76.7,€41.3M,1.0
185,Ladislav Krejčí,cz CZE,"DF,MF",26-196,Wolves,7,7,630,7.0,1,1,2,1,0,0,1,0,0.9,0.9,0.7,1.6,7,39,6,0.14,0.14,0.29,0.14,0.29,0.13,0.1,0.23,0.13,0.23,ladislav krejčí,wolverhampton wanderers,ladislav krejčí - wolverhampton wanderers,64.6,67.2,€16.6M,1.0
186,Mohammed Kudus,gh GHA,"FW,MF",25-092,Tottenham,10,10,875,9.7,1,4,5,1,0,0,3,0,1.5,1.5,2.0,3.5,32,23,79,0.1,0.41,0.51,0.1,0.51,0.15,0.2,0.36,0.15,0.36,mohammed kudus,tottenham,mohammed kudus - tottenham,73.6,78.1,€52.7M,1.0
187,Maxence Lacroix,fr FRA,DF,25-210,Crystal Palace,10,10,900,10.0,0,1,1,0,0,0,1,0,0.3,0.3,0.6,0.9,0,15,3,0.0,0.1,0.1,0.0,0.1,0.03,0.06,0.09,0.03,0.09,maxence lacroix,crystal palace,maxence lacroix - crystal palace,76.9,80.9,€30.8M,1.0
188,Senne Lammens,be BEL,GK,23-118,Manchester Utd,4,4,360,4.0,0,0,0,0,0,0,0,0,0.0,0.0,0.0,0.0,0,0,0,0.0,0.0,0.0,0.0,0.0,0.0,0.0,0.0,0.0,0.0,senne lammens,manchester utd,senne lammens - manchester utd,59.6,64.8,€13M,0.9425
189,Josh Laurent,eng ENG,"DF,MF",30-180,Burnley,10,6,561,6.2,0,0,0,0,0,0,1,0,0.2,0.2,0.2,0.3,7,13,11,0.0,0.0,0.0,0.0,0.0,0.02,0.03,0.05,0.02,0.05,josh laurent,burnley,josh laurent - burnley,64.5,64.5,€1.6M,1.0
190,Roméo Lavia,be BEL,MF,21-300,Chelsea,4,1,108,1.2,0,0,0,0,0,0,0,0,0.0,0.0,0.0,0.0,2,9,1,0.0,0.0,0.0,0.0,0.0,0.0,0.0,0.0,0.0,0.0,roméo lavia,chelsea,roméo lavia - chelsea,70.1,78.8,€50.9M,1.0
191,Enzo Le Fée,fr FRA,"FW,MF",25-272,Sunderland,8,6,540,6.0,1,0,1,0,1,1,1,0,0.9,0.1,0.5,0.6,8,14,29,0.17,0.0,0.17,0.0,0.0,0.14,0.08,0.22,0.01,0.09,enzo le fée,sunderland,enzo le fée - sunderland,65.1,66.7,€21.3M,1.0
192,Bernd Leno,de GER,GK,33-243,Fulham,10,10,900,10.0,0,0,0,0,0,0,1,0,0.0,0.0,0.0,0.0,0,0,0,0.0,0.0,0.0,0.0,0.0,0.0,0.0,0.0,0.0,0.0,bernd leno,fulham,bernd leno - fulham,70.9,71.6,€13M,1.0
193,Jefferson Lerma,co COL,MF,31-008,Crystal Palace,9,2,276,3.1,0,1,1,0,0,0,1,0,0.6,0.6,0.1,0.6,2,16,2,0.0,0.33,0.33,0.0,0.33,0.18,0.03,0.21,0.18,0.21,jefferson lerma,crystal palace,jefferson lerma - crystal palace,69.3,69.3,€7.3M,1.0
194,Rico Lewis,eng ENG,DF,20-346,Manchester City,5,2,175,1.9,0,1,1,0,0,0,0,0,0.0,0.0,1.0,1.0,2,19,9,0.0,0.51,0.51,0.0,0.51,0.01,0.52,0.53,0.01,0.53,rico lewis,manchester city,rico lewis - manchester city,76.1,88.6,€70.1M,1.0
195,Keane Lewis-Potter,eng ENG,"DF,FW",24-253,Brentford,9,5,450,5.0,0,1,1,0,0,0,1,0,0.2,0.2,0.6,0.8,11,9,20,0.0,0.2,0.2,0.0,0.2,0.03,0.12,0.16,0.03,0.16,keane lewis-potter,brentford,keane lewis-potter - brentford,73.6,79.7,€27.9M,1.0
196,Myles Lewis-Skelly,eng ENG,DF,19-037,Arsenal,7,0,92,1.0,0,0,0,0,0,0,1,0,0.0,0.0,0.0,0.0,1,2,6,0.0,0.0,0.0,0.0,0.0,0.0,0.0,0.0,0.0,0.0,myles lewis-skelly,arsenal,myles lewis-skelly - arsenal,63.6,84.4,€60M,1.0
197,Matthijs de Ligt,nl NED,DF,26-082,Manchester Utd,10,10,900,10.0,0,0,0,0,0,0,0,0,0.9,0.9,0.5,1.4,3,16,6,0.0,0.0,0.0,0.0,0.0,0.09,0.05,0.14,0.09,0.14,matthijs de ligt,manchester utd,matthijs de ligt - manchester utd,73.8,78.7,€46M,0.94
198,Valentino Livramento,eng ENG,DF,22-355,Newcastle Utd,6,6,526,5.8,0,1,1,0,0,0,0,0,0.0,0.0,0.2,0.2,14,24,38,0.0,0.17,0.17,0.0,0.17,0.0,0.03,0.03,0.0,0.03,valentino livramento,newcastle united,valentino livramento - newcastle united,,,N/a,0.7299556136131287
199,Sean Longstaff,eng ENG,MF,28-003,Leeds United,10,8,715,7.9,1,2,3,1,0,0,0,0,0.7,0.7,1.8,2.5,2,22,13,0.13,0.25,0.38,0.13,0.38,0.09,0.22,0.31,0.09,0.31,sean longstaff,leeds united,sean longstaff - leeds united,77.4,77.4,€23.8M,1.0
200,Fer López,es ESP,"MF,FW",21-162,Wolves,5,1,120,1.3,0,1,1,0,0,0,1,0,0.1,0.1,0.7,0.9,5,14,10,0.0,0.75,0.75,0.0,0.75,0.1,0.56,0.66,0.1,0.66,fer lópez,wolverhampton wanderers,fer lópez - wolverhampton wanderers,58.1,68.7,€11.2M,1.0
201,Florentino Luís,pt POR,MF,26-075,Burnley,7,6,567,6.3,0,1,1,0,0,0,1,0,0.4,0.4,0.2,0.6,2,24,4,0.0,0.16,0.16,0.0,0.16,0.06,0.03,0.09,0.06,0.09,florentino luís,burnley,florentino luís - burnley,68.7,70.3,€20.8M,0.9318
202,Douglas Luiz,br BRA,MF,27-177,Nott'ham Forest,4,4,185,2.1,0,0,0,0,0,0,1,0,0.0,0.0,0.6,0.6,4,2,6,0.0,0.0,0.0,0.0,0.0,0.01,0.27,0.28,0.01,0.28,douglas luiz,nottingham forest,douglas luiz - nottingham forest,71.6,72.8,€36.5M,0.8904
203,Saša Lukić,rs SRB,MF,29-081,Fulham,8,8,631,7.0,1,1,2,1,0,0,4,0,1.5,1.5,1.1,2.6,14,22,21,0.14,0.14,0.29,0.14,0.29,0.21,0.16,0.37,0.21,0.37,saša lukić,fulham,saša lukić - fulham,71.2,71.6,€14.4M,1.0
204,Ian Maatsen,nl NED,DF,23-237,Aston Villa,7,1,178,2.0,0,0,0,0,0,0,1,0,0.2,0.2,0.3,0.5,8,19,17,0.0,0.0,0.0,0.0,0.0,0.1,0.14,0.24,0.1,0.24,ian maatsen,aston villa,ian maatsen - aston villa,75.6,83.7,€40.5M,1.0
205,Alexis Mac Allister,ar ARG,MF,26-313,Liverpool,9,8,565,6.3,0,2,2,0,0,0,0,0,0.6,0.6,1.3,1.9,13,25,18,0.0,0.32,0.32,0.0,0.32,0.09,0.21,0.3,0.09,0.3,alexis mac allister,liverpool,alexis mac allister - liverpool,83.5,86.6,€118.5M,1.0
206,Noni Madueke,eng ENG,FW,23-237,Arsenal,5,4,304,3.4,0,0,0,0,0,0,0,0,0.3,0.3,0.8,1.1,18,9,44,0.0,0.0,0.0,0.0,0.0,0.09,0.25,0.34,0.09,0.34,noni madueke,arsenal,noni madueke - arsenal,75.9,83.4,€51.3M,1.0
207,Gabriel Magalhães,br BRA,DF,27-318,Arsenal,10,10,900,10.0,1,2,3,1,0,0,1,0,0.8,0.8,1.3,2.1,6,36,1,0.1,0.2,0.3,0.1,0.3,0.08,0.13,0.21,0.08,0.21,gabriel magalhães,arsenal,gabriel magalhães - arsenal,86.5,86.5,€72.5M,1.0
208,Soungoutou Magassa,fr FRA,MF,22-025,West Ham,5,2,173,1.9,0,0,0,0,0,0,1,0,0.0,0.0,0.0,0.0,1,2,3,0.0,0.0,0.0,0.0,0.0,0.0,0.0,0.0,0.0,0.0,soungoutou magassa,west ham,soungoutou magassa - west ham,64.9,73.4,€16.6M,1.0
209,Harry Maguire,eng ENG,DF,32-242,Manchester Utd,7,3,274,3.0,1,1,2,1,0,0,0,0,0.3,0.3,0.4,0.7,1,12,2,0.33,0.33,0.66,0.33,0.66,0.1,0.12,0.22,0.1,0.22,harry maguire,manchester utd,harry maguire - manchester utd,66.9,66.9,€13M,0.9674
210,Kobbie Mainoo,eng ENG,MF,20-197,Manchester Utd,7,0,144,1.6,0,0,0,0,0,0,0,0,0.1,0.1,0.2,0.2,5,7,4,0.0,0.0,0.0,0.0,0.0,0.04,0.11,0.15,0.04,0.15,kobbie mainoo,manchester utd,kobbie mainoo - manchester utd,69.9,84.5,€61.3M,0.9391
211,Donyell Malen,nl NED,FW,26-297,Aston Villa,10,3,331,3.7,2,0,2,2,0,0,0,0,0.8,0.8,0.2,1.0,8,7,18,0.54,0.0,0.54,0.54,0.54,0.23,0.05,0.28,0.23,0.28,donyell malen,aston villa,donyell malen - aston villa,78.7,80.5,€19.4M,1.0
212,Giorgi Mamardashvili,ge GEO,GK,25-034,Liverpool,4,4,360,4.0,0,0,0,0,0,0,0,0,0.0,0.0,0.0,0.0,0,0,0,0.0,0.0,0.0,0.0,0.0,0.0,0.0,0.0,0.0,0.0,giorgi mamardashvili,liverpool,giorgi mamardashvili - liverpool,72.5,78.1,€37.6M,1.0
213,Reinildo Mandava,mz MOZ,DF,31-285,Sunderland,6,6,482,5.4,0,0,0,0,0,0,1,1,0.0,0.0,0.0,0.0,12,27,8,0.0,0.0,0.0,0.0,0.0,0.0,0.0,0.0,0.0,0.0,reinildo mandava,sunderland,reinildo mandava - sunderland,66.9,66.9,€4.9M,1.0
214,Omar Marmoush,eg EGY,"FW,MF",26-268,Manchester City,4,2,156,1.7,0,1,1,0,0,0,0,0,0.8,0.8,1.0,1.8,7,5,15,0.0,0.58,0.58,0.0,0.58,0.48,0.55,1.03,0.48,1.03,omar marmoush,manchester city,omar marmoush - manchester city,77.2,80.5,€76.4M,1.0
215,Gabriel Martinelli,br BRA,"FW,MF",24-137,Arsenal,8,2,220,2.4,1,0,1,1,0,0,0,0,0.8,0.8,0.1,0.9,7,5,10,0.41,0.0,0.41,0.41,0.41,0.32,0.05,0.37,0.32,0.37,gabriel martinelli,arsenal,gabriel martinelli - arsenal,85.8,93.5,€47.3M,1.0
216,Emiliano Martínez,ar ARG,GK,33-061,Aston Villa,8,8,720,8.0,0,0,0,0,0,0,1,0,0.0,0.0,0.0,0.0,0,0,0,0.0,0.0,0.0,0.0,0.0,0.0,0.0,0.0,0.0,0.0,emiliano martínez,aston villa,emiliano martínez - aston villa,74.5,74.5,€19.7M,1.0
217,Arthur Masuaku,cd COD,"DF,MF",31-360,Sunderland,3,2,126,1.4,0,0,0,0,0,0,1,0,0.1,0.1,0.1,0.1,2,5,5,0.0,0.0,0.0,0.0,0.0,0.05,0.05,0.1,0.05,0.1,arthur masuaku,sunderland,arthur masuaku - sunderland,62.4,62.4,€2.2M,1.0
218,Pape Matar Sarr,sn SEN,MF,23-049,Tottenham,9,5,483,5.4,2,2,4,2,0,0,0,0,0.7,0.7,0.6,1.3,5,15,22,0.37,0.37,0.75,0.37,0.75,0.14,0.11,0.25,0.14,0.25,pape matar sarr,tottenham,pape matar sarr - tottenham,70.4,79.3,€42.9M,1.0
219,Jean-Philippe Mateta,fr FRA,FW,28-127,Crystal Palace,10,10,869,9.7,6,0,6,4,2,2,2,0,8.0,6.4,0.1,6.6,5,10,43,0.62,0.0,0.62,0.41,0.41,0.83,0.01,0.84,0.67,0.68,jean-philippe mateta,crystal palace,jean-philippe mateta - crystal palace,75.7,75.7,€32.1M,1.0
220,Konstantinos Mavropanos,gr GRE,DF,27-326,West Ham,6,5,495,5.5,0,0,0,0,0,0,1,0,0.4,0.4,0.0,0.4,2,17,0,0.0,0.0,0.0,0.0,0.0,0.07,0.0,0.07,0.07,0.07,konstantinos mavropanos,west ham,konstantinos mavropanos - west ham,68.3,68.6,€18.1M,1.0
221,Eliezer Mayenda,es ESP,FW,20-178,Sunderland,6,3,260,2.9,1,0,1,1,0,0,0,0,0.5,0.5,0.5,0.9,3,3,8,0.35,0.0,0.35,0.35,0.35,0.16,0.16,0.33,0.16,0.33,eliezer mayenda,sunderland,eliezer mayenda - sunderland,62.4,76.4,€19.5M,1.0
222,Noussair Mazraoui,ma MAR,DF,27-353,Manchester Utd,4,2,145,1.6,0,0,0,0,0,0,1,0,0.0,0.0,0.0,0.0,7,21,13,0.0,0.0,0.0,0.0,0.0,0.0,0.0,0.0,0.0,0.0,noussair mazraoui,manchester utd,noussair mazraoui - manchester utd,74.8,76.3,€28.7M,0.9529
223,Bryan Mbeumo,cm CMR,MF,26-087,Manchester Utd,10,10,865,9.6,4,1,5,4,0,0,0,0,3.0,3.0,2.4,5.4,28,24,92,0.42,0.1,0.52,0.42,0.52,0.31,0.25,0.56,0.31,0.56,bryan mbeumo,manchester utd,bryan mbeumo - manchester utd,81.3,83.7,€64.9M,0.948
224,James Mcatee,eng ENG,"MF,FW",23-015,Nott'ham Forest,4,1,129,1.4,0,0,0,0,0,0,0,0,0.0,0.0,0.4,0.4,4,9,8,0.0,0.0,0.0,0.0,0.0,0.01,0.25,0.26,0.01,0.26,james mcatee,nottingham forest,james mcatee - nottingham forest,63.3,71.5,€25.6M,0.8754
225,John McGinn,sct SCO,"FW,MF",31-015,Aston Villa,10,10,767,8.5,1,0,1,1,0,0,1,0,0.9,0.9,0.9,1.8,11,35,25,0.12,0.0,0.12,0.12,0.12,0.11,0.11,0.21,0.11,0.21,john mcginn,aston villa,john mcginn - aston villa,74.9,74.9,€15.5M,1.0
226,Hannibal Mejbri,tn TUN,MF,22-285,Burnley,9,3,273,3.0,0,1,1,0,0,0,1,0,0.2,0.2,0.7,0.9,7,7,9,0.0,0.33,0.33,0.0,0.33,0.05,0.24,0.29,0.05,0.29,hannibal mejbri,burnley,hannibal mejbri - burnley,62.5,71.1,€16.5M,0.8634
227,Mikel Merino,es ESP,"MF,FW",29-133,Arsenal,9,3,328,3.6,1,0,1,1,0,0,0,0,0.3,0.3,0.2,0.5,6,14,13,0.27,0.0,0.27,0.27,0.27,0.09,0.04,0.14,0.09,0.14,mikel merino,arsenal,mikel merino - arsenal,74.8,74.8,€40.5M,1.0
228,Nikola Milenković,rs SRB,DF,28-021,Nott'ham Forest,10,10,900,10.0,0,0,0,0,0,0,1,0,0.6,0.6,0.3,0.9,5,29,0,0.0,0.0,0.0,0.0,0.0,0.06,0.03,0.09,0.06,0.09,nikola milenković,nottingham forest,nikola milenković - nottingham forest,74.6,77.3,€41.9M,0.9272
229,Lewis Miley,eng ENG,MF,19-185,Newcastle Utd,7,2,274,3.0,0,1,1,0,0,0,0,0,0.0,0.0,0.3,0.3,2,10,9,0.0,0.33,0.33,0.0,0.33,0.01,0.09,0.1,0.01,0.1,lewis miley,newcastle united,lewis miley - newcastle united,61.7,78.2,€28.5M,0.9693
230,James Milner,eng ENG,MF,39-302,Brighton,7,1,193,2.1,1,1,2,0,1,1,1,0,0.8,0.0,0.2,0.2,2,9,5,0.47,0.47,0.93,0.0,0.47,0.37,0.1,0.47,0.0,0.1,james milner,brighton,james milner - brighton,58.6,58.6,€1M,1.0
231,Veljko Milosavljević,rs SRB,DF,18-127,Bournemouth,3,2,186,2.1,0,0,0,0,0,0,0,0,0.0,0.0,0.1,0.1,0,5,0,0.0,0.0,0.0,0.0,0.0,0.0,0.03,0.03,0.0,0.03,veljko milosavljević,bournemouth,veljko milosavljević - bournemouth,48.1,71.8,€6.5M,1.0
232,Tyrone Mings,eng ENG,DF,32-234,Aston Villa,7,6,498,5.5,0,0,0,0,0,0,0,0,0.3,0.3,0.1,0.4,1,27,3,0.0,0.0,0.0,0.0,0.0,0.05,0.02,0.07,0.05,0.07,tyrone mings,aston villa,tyrone mings - aston villa,69.4,69.4,€4.4M,1.0
233,Yankuba Minteh,gm GAM,FW,21-103,Brighton,10,10,857,9.5,1,3,4,1,0,0,0,0,2.0,2.0,2.6,4.6,50,14,90,0.11,0.32,0.42,0.11,0.42,0.21,0.28,0.49,0.21,0.49,yankuba minteh,brighton,yankuba minteh - brighton,80.4,92.8,€47.2M,1.0
234,Tyrick Mitchell,eng ENG,DF,26-062,Crystal Palace,10,10,899,10.0,1,0,1,1,0,0,2,0,0.4,0.4,0.7,1.1,25,16,64,0.1,0.0,0.1,0.1,0.1,0.04,0.07,0.11,0.04,0.11,tyrick mitchell,crystal palace,tyrick mitchell - crystal palace,80.4,83.1,€28.5M,1.0
235,Kaoru Mitoma,jp JPN,FW,28-166,Brighton,6,6,508,5.6,1,1,2,1,0,0,1,0,0.8,0.8,1.1,1.8,13,13,37,0.18,0.18,0.35,0.18,0.35,0.13,0.19,0.32,0.13,0.32,kaoru mitoma,brighton,kaoru mitoma - brighton,80.1,80.1,€42.7M,1.0
236,Morato,br BRA,DF,24-125,Nott'ham Forest,5,5,436,4.8,0,0,0,0,0,0,3,0,0.0,0.0,0.0,0.0,1,15,0,0.0,0.0,0.0,0.0,0.0,0.01,0.0,0.01,0.01,0.01,morato,nottingham forest,morato - nottingham forest,66.3,73.9,€18.8M,0.9106
237,Cristhian Mosquera,es ESP,DF,21-128,Arsenal,6,2,294,3.3,0,0,0,0,0,0,0,0,0.0,0.0,0.1,0.1,2,6,1,0.0,0.0,0.0,0.0,0.0,0.0,0.02,0.02,0.0,0.02,cristhian mosquera,arsenal,cristhian mosquera - arsenal,76.9,87.6,€38.7M,1.0
238,Yerson Mosquera,co COL,DF,24-184,Wolves,4,2,182,2.0,0,0,0,0,0,0,1,0,0.1,0.1,0.0,0.1,1,0,1,0.0,0.0,0.0,0.0,0.0,0.03,0.0,0.03,0.03,0.03,yerson mosquera,wolverhampton wanderers,yerson mosquera - wolverhampton wanderers,65.0,69.8,€11.4M,1.0
239,Mason Mount,eng ENG,MF,26-296,Manchester Utd,7,5,332,3.7,1,0,1,1,0,0,0,0,0.5,0.5,0.5,1.0,5,19,15,0.27,0.0,0.27,0.27,0.27,0.14,0.13,0.26,0.14,0.26,mason mount,manchester utd,mason mount - manchester utd,70.1,71.7,€35.7M,0.9509
240,Nordi Mukiele,fr FRA,DF,28-001,Sunderland,7,7,630,7.0,1,0,1,1,0,0,0,0,0.4,0.4,0.3,0.6,4,17,11,0.14,0.0,0.14,0.14,0.14,0.05,0.04,0.09,0.05,0.09,nordi mukiele,sunderland,nordi mukiele - sunderland,73.9,73.9,€12.1M,1.0
241,Marshall Munetsi,zw ZIM,"MF,FW",29-133,Wolves,10,8,783,8.7,1,1,2,1,0,0,1,0,1.3,1.3,0.5,1.8,8,13,28,0.11,0.11,0.23,0.11,0.23,0.15,0.06,0.21,0.15,0.21,marshall munetsi,wolverhampton wanderers,marshall munetsi - wolverhampton wanderers,68.1,68.3,€18.3M,1.0
242,Rodrigo Muniz,br BRA,FW,24-182,Fulham,6,4,335,3.7,1,1,2,1,0,0,1,0,1.0,1.0,0.3,1.2,0,2,9,0.27,0.27,0.54,0.27,0.54,0.26,0.07,0.33,0.26,0.33,rodrigo muniz,fulham,rodrigo muniz - fulham,66.3,71.2,€6M,1.0
243,Daniel Muñoz,co COL,"DF,MF",29-160,Crystal Palace,10,10,899,10.0,1,2,3,1,0,0,3,0,0.9,0.9,2.4,3.3,11,23,59,0.1,0.2,0.3,0.1,0.3,0.09,0.24,0.33,0.09,0.33,daniel muñoz,crystal palace,daniel muñoz - crystal palace,77.6,77.6,€28.6M,1.0
244,Murillo,br BRA,DF,23-121,Nott'ham Forest,7,7,559,6.2,0,0,0,0,0,0,1,0,0.1,0.1,0.0,0.1,3,29,0,0.0,0.0,0.0,0.0,0.0,0.01,0.0,0.01,0.01,0.01,murillo,nottingham forest,murillo - nottingham forest,72.5,81.9,€65.7M,0.8611
245,Jacob Murphy,eng ENG,"FW,MF",30-251,Newcastle Utd,8,5,416,4.6,1,1,2,1,0,0,0,0,2.0,2.0,1.1,3.1,12,11,60,0.22,0.22,0.43,0.22,0.43,0.44,0.24,0.68,0.44,0.68,jacob murphy,newcastle united,jacob murphy - newcastle united,75.0,75.3,€14.7M,0.964
246,Vitaliy Mykolenko,ua UKR,DF,26-157,Everton,6,6,535,5.9,0,0,0,0,0,0,1,0,0.0,0.0,0.2,0.2,9,31,29,0.0,0.0,0.0,0.0,0.0,0.01,0.04,0.04,0.01,0.04,vitaliy mykolenko,everton,vitaliy mykolenko - everton,76.2,78.8,€29.7M,1.0
247,David Møller Wolfe,no NOR,"MF,DF",23-193,Wolves,5,2,151,1.7,0,1,1,0,0,0,0,0,0.0,0.0,0.3,0.3,3,3,8,0.0,0.6,0.6,0.0,0.6,0.0,0.16,0.16,0.0,0.16,david møller wolfe,wolverhampton wanderers,david møller wolfe - wolverhampton wanderers,66.7,75.3,€4.7M,1.0
248,Iliman Ndiaye,sn SEN,FW,25-241,Everton,9,9,761,8.5,3,1,4,2,1,1,2,0,2.4,1.6,2.0,3.6,29,13,49,0.35,0.12,0.47,0.24,0.35,0.28,0.24,0.52,0.19,0.43,iliman ndiaye,everton,iliman ndiaye - everton,68.8,72.5,€25.7M,1.0
249,Dan Ndoye,ch SUI,FW,25-008,Nott'ham Forest,9,9,664,7.4,1,1,2,1,0,0,1,0,0.2,0.2,0.6,0.8,32,16,66,0.14,0.14,0.27,0.14,0.27,0.03,0.08,0.11,0.03,0.11,dan ndoye,nottingham forest,dan ndoye - nottingham forest,73.0,78.3,€43.8M,0.8359
250,Pedro Neto,pt POR,FW,25-238,Chelsea,10,10,753,8.4,2,2,4,2,0,0,0,0,1.2,1.2,1.6,2.8,38,27,76,0.24,0.24,0.48,0.24,0.48,0.14,0.2,0.33,0.14,0.33,pedro neto,chelsea,pedro neto - chelsea,71.7,74.2,€63M,1.0
251,Eddie Nketiah,eng ENG,"MF,FW",26-156,Crystal Palace,5,0,112,1.2,1,0,1,1,0,0,1,0,0.9,0.9,0.8,1.7,3,2,4,0.8,0.0,0.8,0.8,0.8,0.71,0.66,1.38,0.71,1.38,eddie nketiah,crystal palace,eddie nketiah - crystal palace,70.8,72.5,€21.4M,1.0
252,Lukas Nmecha,de GER,FW,26-323,Leeds United,10,1,206,2.3,1,0,1,0,1,1,0,0,1.7,1.0,0.0,1.0,2,2,12,0.44,0.0,0.44,0.0,0.0,0.75,0.0,0.75,0.44,0.44,lukas nmecha,leeds united,lukas nmecha - leeds united,58.4,59.9,€2.5M,1.0
253,Matheus Nunes,pt POR,DF,27-067,Manchester City,7,5,514,5.7,1,0,1,1,0,0,1,0,0.2,0.2,0.2,0.4,16,29,18,0.18,0.0,0.18,0.18,0.18,0.04,0.03,0.07,0.04,0.07,matheus nunes,manchester city,matheus nunes - manchester city,74.2,74.4,€41.2M,1.0
254,Ethan Nwaneri,eng ENG,MF,18-226,Arsenal,5,0,168,1.9,0,0,0,0,0,0,0,0,0.2,0.2,0.0,0.3,7,13,6,0.0,0.0,0.0,0.0,0.0,0.12,0.02,0.14,0.12,0.14,ethan nwaneri,arsenal,ethan nwaneri - arsenal,63.6,84.7,€74.7M,1.0
255,Jake O'Brien,ie IRL,DF,24-171,Everton,9,9,785,8.7,0,0,0,0,0,0,0,0,0.4,0.4,0.1,0.5,8,23,20,0.0,0.0,0.0,0.0,0.0,0.05,0.01,0.06,0.05,0.06,jake o'brien,everton,jake o'brien - everton,70.1,75.1,€22.4M,1.0
256,Matt O'Riley,dk DEN,MF,24-346,Brighton,2,2,177,2.0,1,0,1,0,1,1,0,0,1.2,0.4,0.2,0.6,0,5,11,0.51,0.0,0.51,0.0,0.0,0.61,0.1,0.72,0.21,0.32,matt o'riley,brighton,matt o'riley - brighton,,,N/a,0.6634647846221924
257,Wilson Odobert,fr FRA,FW,20-339,Tottenham,9,3,337,3.7,0,0,0,0,0,0,0,0,0.7,0.7,0.3,1.1,14,17,28,0.0,0.0,0.0,0.0,0.0,0.2,0.09,0.29,0.2,0.29,wilson odobert,tottenham,wilson odobert - tottenham,68.1,79.5,€27.6M,1.0
258,Noah Okafor,ch SUI,"FW,MF",25-162,Leeds United,7,6,427,4.7,2,0,2,2,0,0,2,0,1.4,1.4,0.4,1.8,14,12,35,0.42,0.0,0.42,0.42,0.42,0.29,0.09,0.37,0.29,0.37,noah okafor,leeds united,noah okafor - leeds united,66.9,68.6,€17.4M,1.0
259,Amadou Onana,be BEL,MF,24-078,Aston Villa,6,5,415,4.6,0,0,0,0,0,0,2,0,0.2,0.2,0.0,0.2,3,19,2,0.0,0.0,0.0,0.0,0.0,0.05,0.0,0.05,0.05,0.05,amadou onana,aston villa,amadou onana - aston villa,69.0,75.0,€60.8M,1.0
260,Frank Onyeka,ng NGA,MF,27-305,Brentford,6,0,92,1.0,0,1,1,0,0,0,0,0,0.0,0.0,0.1,0.1,2,4,2,0.0,0.98,0.98,0.0,0.98,0.0,0.12,0.12,0.0,0.12,frank onyeka,brentford,frank onyeka - brentford,70.2,72.2,€9.5M,1.0
261,William Osula,dk DEN,FW,22-090,Newcastle Utd,9,1,174,1.9,1,0,1,1,0,0,0,0,0.5,0.5,0.1,0.6,3,2,10,0.52,0.0,0.52,0.52,0.52,0.28,0.04,0.32,0.28,0.32,william osula,newcastle united,william osula - newcastle united,59.1,67.1,€10.3M,0.9492
262,Dango Ouattara,bf BFA,FW,23-264,Brentford,9,6,552,6.1,2,0,2,2,0,0,1,0,2.5,2.5,0.7,3.2,16,7,40,0.33,0.0,0.33,0.33,0.33,0.41,0.12,0.53,0.41,0.53,dango ouattara,brentford,dango ouattara - brentford,73.1,79.9,€36.8M,1.0
263,Nico O’Reilly,eng ENG,"DF,MF",20-226,Manchester City,8,5,506,5.6,0,1,1,0,0,0,2,0,0.5,0.5,0.6,1.1,16,11,26,0.0,0.18,0.18,0.0,0.18,0.09,0.11,0.2,0.09,0.2,nico o’reilly,manchester city,nico o’reilly - manchester city,65.5,72.0,€24M,0.9937
264,João Palhinha,pt POR,MF,30-116,Tottenham,10,9,783,8.7,2,1,3,2,0,0,2,0,0.6,0.6,0.1,0.7,3,25,8,0.23,0.11,0.34,0.23,0.34,0.07,0.01,0.08,0.07,0.08,joão palhinha,tottenham,joão palhinha - tottenham,72.5,72.5,€33.6M,1.0
265,Cole Palmer,eng ENG,MF,23-180,Chelsea,3,2,145,1.6,1,0,1,1,0,0,0,0,0.8,0.8,0.0,0.8,9,11,14,0.62,0.0,0.62,0.62,0.62,0.5,0.01,0.51,0.5,0.51,cole palmer,chelsea,cole palmer - chelsea,78.9,88.1,€116.2M,1.0
266,Lucas Paquetá,br BRA,"MF,FW",28-067,West Ham,9,9,786,8.7,2,0,2,1,1,1,3,0,1.7,0.9,0.9,1.8,4,60,37,0.23,0.0,0.23,0.11,0.11,0.19,0.1,0.29,0.1,0.2,lucas paquetá,west ham,lucas paquetá - west ham,73.2,73.9,€63.1M,1.0
267,Lucas Perri,br BRA,GK,27-327,Leeds United,5,5,450,5.0,0,0,0,0,0,0,1,0,0.0,0.0,0.0,0.0,0,0,0,0.0,0.0,0.0,0.0,0.0,0.0,0.0,0.0,0.0,0.0,lucas perri,leeds united,lucas perri - leeds united,64.5,65.5,€13.1M,1.0
268,Đorđe Petrović,rs SRB,GK,26-025,Bournemouth,9,9,810,9.0,0,0,0,0,0,0,1,0,0.0,0.0,0.0,0.0,0,0,0,0.0,0.0,0.0,0.0,0.0,0.0,0.0,0.0,0.0,0.0,đorđe petrović,bournemouth,đorđe petrović - bournemouth,71.4,75.6,€25.7M,0.8363
269,Jordan Pickford,eng ENG,GK,31-240,Everton,9,9,810,9.0,0,0,0,0,0,0,0,0,0.0,0.0,0.0,0.0,0,0,0,0.0,0.0,0.0,0.0,0.0,0.0,0.0,0.0,0.0,0.0,jordan pickford,everton,jordan pickford - everton,76.4,76.4,€15.6M,1.0
270,Ethan Pinnock,jm JAM,DF,32-157,Brentford,2,2,155,1.7,0,0,0,0,0,0,1,0,0.0,0.0,0.0,0.0,0,2,2,0.0,0.0,0.0,0.0,0.0,0.0,0.0,0.0,0.0,0.0,ethan pinnock,brentford,ethan pinnock - brentford,66.2,67.9,€6.7M,1.0
271,Yeremi Pino,es ESP,MF,23-013,Crystal Palace,8,7,506,5.6,0,0,0,0,0,0,2,0,1.2,1.2,1.2,2.5,10,34,39,0.0,0.0,0.0,0.0,0.0,0.22,0.22,0.44,0.22,0.44,yeremi pino,crystal palace,yeremi pino - crystal palace,79.4,87.3,€40.3M,0.9453
272,Joël Piroe,nl NED,"FW,MF",26-092,Leeds United,4,2,164,1.8,0,0,0,0,0,0,0,0,0.6,0.6,0.0,0.6,1,1,6,0.0,0.0,0.0,0.0,0.0,0.31,0.0,0.31,0.31,0.31,joël piroe,leeds united,joël piroe - leeds united,67.9,70.6,€18.5M,1.0
273,Nick Pope,eng ENG,GK,33-197,Newcastle Utd,9,9,810,9.0,0,0,0,0,0,0,1,0,0.0,0.0,0.0,0.0,0,0,0,0.0,0.0,0.0,0.0,0.0,0.0,0.0,0.0,0.0,0.0,nick pope,newcastle united,nick pope - newcastle united,74.3,74.3,€6.7M,0.9553
274,Pedro Porro,es ESP,DF,26-050,Tottenham,10,9,799,8.9,0,1,1,0,0,0,1,0,0.1,0.1,1.2,1.3,19,47,22,0.0,0.11,0.11,0.0,0.11,0.01,0.14,0.15,0.01,0.15,pedro porro,tottenham,pedro porro - tottenham,74.2,77.1,€47.9M,1.0
275,Freddie Potts,eng ENG,MF,22-051,West Ham,4,0,134,1.5,0,0,0,0,0,0,0,0,0.0,0.0,0.0,0.0,0,6,2,0.0,0.0,0.0,0.0,0.0,0.0,0.0,0.0,0.0,0.0,freddie potts,west ham,freddie potts - west ham,62.1,72.0,€4M,1.0
276,David Raya,es ESP,GK,30-048,Arsenal,10,10,900,10.0,0,0,0,0,0,0,1,0,0.0,0.0,0.1,0.1,0,4,0,0.0,0.0,0.0,0.0,0.0,0.0,0.01,0.01,0.0,0.01,david raya,arsenal,david raya - arsenal,88.1,88.1,€30.5M,1.0
277,Tijjani Reijnders,nl NED,MF,27-096,Manchester City,9,9,740,8.2,1,2,3,1,0,0,2,0,1.4,1.4,1.4,2.8,21,37,28,0.12,0.24,0.36,0.12,0.36,0.17,0.17,0.34,0.17,0.34,tijjani reijnders,manchester city,tijjani reijnders - manchester city,75.3,76.1,€64.7M,1.0
278,Declan Rice,eng ENG,MF,26-292,Arsenal,10,9,804,8.9,2,2,4,2,0,0,0,0,0.9,0.9,1.6,2.6,25,64,21,0.22,0.22,0.45,0.22,0.45,0.11,0.18,0.29,0.11,0.29,declan rice,arsenal,declan rice - arsenal,84.7,85.6,€116.7M,1.0
279,Chris Richards,us USA,DF,25-219,Crystal Palace,10,10,900,10.0,0,0,0,0,0,0,0,0,0.4,0.4,0.3,0.7,2,15,2,0.0,0.0,0.0,0.0,0.0,0.04,0.03,0.07,0.04,0.07,chris richards,crystal palace,chris richards - crystal palace,72.6,76.0,€15.2M,1.0
280,Richarlison,br BRA,FW,28-176,Tottenham,10,5,545,6.1,3,2,5,3,0,0,1,0,1.9,1.9,1.3,3.2,7,9,20,0.5,0.33,0.83,0.5,0.83,0.32,0.22,0.53,0.32,0.53,richarlison,tottenham,richarlison - tottenham,71.1,71.5,€19.3M,1.0
281,Chris Rigg,eng ENG,MF,18-137,Sunderland,6,3,187,2.1,0,0,0,0,0,0,0,0,0.1,0.1,0.1,0.2,1,3,6,0.0,0.0,0.0,0.0,0.0,0.05,0.04,0.09,0.05,0.09,chris rigg,sunderland,chris rigg - sunderland,,,N/a,0.7320727109909058
282,Andrew Robertson,sct SCO,DF,31-236,Liverpool,5,1,240,2.7,0,0,0,0,0,0,0,0,0.2,0.2,0.5,0.7,7,17,17,0.0,0.0,0.0,0.0,0.0,0.09,0.18,0.28,0.09,0.28,andrew robertson,liverpool,andrew robertson - liverpool,75.3,76.7,€14.9M,1.0
283,Joe Rodon,wls WAL,DF,28-011,Leeds United,10,10,900,10.0,2,0,2,2,0,0,0,0,0.7,0.7,0.1,0.8,8,44,0,0.2,0.0,0.2,0.2,0.2,0.07,0.01,0.08,0.07,0.08,joe rodon,leeds united,joe rodon - leeds united,74.5,74.5,€14M,1.0
284,Rodri,es ESP,MF,29-133,Manchester City,5,4,292,3.2,0,0,0,0,0,0,0,0,0.1,0.1,0.1,0.2,4,19,5,0.0,0.0,0.0,0.0,0.0,0.04,0.03,0.07,0.04,0.07,rodri,manchester city,rodri - manchester city,81.4,81.4,€90.5M,1.0
285,Robin Roefs,nl NED,GK,22-289,Sunderland,9,9,810,9.0,0,0,0,0,0,0,1,0,0.0,0.0,0.2,0.2,0,0,0,0.0,0.0,0.0,0.0,0.0,0.0,0.02,0.02,0.0,0.02,robin roefs,sunderland,robin roefs - sunderland,69.4,75.6,€8.1M,1.0
286,Morgan Rogers,eng ENG,"MF,FW",23-099,Aston Villa,10,10,891,9.9,1,2,3,1,0,0,1,0,0.7,0.7,1.1,1.8,14,28,55,0.1,0.2,0.3,0.1,0.3,0.07,0.11,0.18,0.07,0.18,morgan rogers,aston villa,morgan rogers - aston villa,70.1,79.3,€68.6M,1.0
287,Cristian Romero,ar ARG,DF,27-189,Tottenham,8,7,661,7.3,0,1,1,0,0,0,3,0,0.1,0.1,0.2,0.2,2,33,0,0.0,0.14,0.14,0.0,0.14,0.01,0.02,0.03,0.01,0.03,cristian romero,tottenham,cristian romero - tottenham,73.8,73.8,€49.5M,1.0
288,Georginio Rutter,fr FRA,"FW,MF",23-196,Brighton,9,7,604,6.7,0,2,2,0,0,0,1,0,0.4,0.4,1.8,2.2,12,29,25,0.0,0.3,0.3,0.0,0.3,0.06,0.27,0.33,0.06,0.33,georginio rutter,brighton,georginio rutter - brighton,73.6,80.0,€40.9M,1.0
289,José Sá,pt POR,GK,32-289,Wolves,4,4,360,4.0,0,0,0,0,0,0,0,0,0.0,0.0,0.1,0.1,0,0,0,0.0,0.0,0.0,0.0,0.0,0.0,0.02,0.02,0.0,0.02,josé sá,wolverhampton wanderers,josé sá - wolverhampton wanderers,66.4,68.0,€8.7M,1.0
290,Noah Sadiki,cd COD,MF,20-320,Sunderland,9,9,801,8.9,0,0,0,0,0,0,3,0,0.1,0.1,0.2,0.3,14,23,24,0.0,0.0,0.0,0.0,0.0,0.01,0.02,0.03,0.01,0.03,noah sadiki,sunderland,noah sadiki - sunderland,70.8,83.4,€19.5M,1.0
291,Bukayo Saka,eng ENG,FW,24-058,Arsenal,8,7,591,6.6,2,0,2,1,1,1,0,0,2.0,1.2,1.6,2.7,29,13,83,0.3,0.0,0.3,0.15,0.15,0.3,0.24,0.54,0.18,0.42,bukayo saka,arsenal,bukayo saka - arsenal,86.3,93.9,€105M,1.0
292,Mohamed Salah,eg EGY,FW,33-140,Liverpool,10,10,893,9.9,4,2,6,3,1,1,1,0,3.2,2.4,1.7,4.1,34,37,108,0.4,0.2,0.6,0.3,0.5,0.33,0.17,0.49,0.25,0.41,mohamed salah,liverpool,mohamed salah - liverpool,83.0,84.0,€37.7M,1.0
293,William Saliba,fr FRA,DF,24-223,Arsenal,9,8,634,7.0,0,0,0,0,0,0,0,0,0.1,0.1,0.1,0.2,3,32,3,0.0,0.0,0.0,0.0,0.0,0.01,0.01,0.02,0.01,0.02,william saliba,arsenal,william saliba - arsenal,90.1,95.3,€77.2M,1.0
294,Robert Sánchez,es ESP,GK,27-349,Chelsea,10,10,814,9.0,0,0,0,0,0,0,1,1,0.0,0.0,0.1,0.1,0,0,0,0.0,0.0,0.0,0.0,0.0,0.0,0.01,0.01,0.0,0.01,robert sánchez,chelsea,robert sánchez - chelsea,76.6,76.7,€23.7M,1.0
295,Ibrahim Sangaré,ci CIV,MF,27-335,Nott'ham Forest,7,5,443,4.9,0,0,0,0,0,0,1,0,0.2,0.2,0.0,0.3,5,32,2,0.0,0.0,0.0,0.0,0.0,0.05,0.0,0.05,0.05,0.05,ibrahim sangaré,nottingham forest,ibrahim sangaré - nottingham forest,64.7,65.7,€24.8M,0.9323
296,Andrey Santos,br BRA,MF,21-183,Chelsea,7,2,225,2.5,0,0,0,0,0,0,2,0,0.7,0.7,0.1,0.8,4,13,10,0.0,0.0,0.0,0.0,0.0,0.28,0.03,0.31,0.28,0.31,andrey santos,chelsea,andrey santos - chelsea,69.2,81.6,€49.3M,1.0
297,Ismaila Sarr,sn SEN,"MF,FW",27-250,Crystal Palace,8,8,701,7.8,3,1,4,3,0,0,1,0,3.6,3.6,0.5,4.1,22,26,38,0.39,0.13,0.51,0.39,0.51,0.46,0.07,0.53,0.46,0.53,ismaila sarr,crystal palace,ismaila sarr - crystal palace,71.7,72.6,€28.5M,1.0
298,Sávio,br BRA,MF,21-206,Manchester City,6,4,336,3.7,0,1,1,0,0,0,1,0,0.2,0.2,0.3,0.5,21,7,28,0.0,0.27,0.27,0.0,0.27,0.07,0.07,0.14,0.07,0.14,sávio,manchester city,sávio - manchester city,79.3,90.4,€66.8M,0.8808
299,Nicolò Savona,it ITA,"DF,MF",22-228,Nott'ham Forest,5,3,341,3.8,1,0,1,1,0,0,0,0,0.8,0.8,0.0,0.8,7,12,19,0.26,0.0,0.26,0.26,0.26,0.21,0.01,0.21,0.21,0.21,nicolò savona,nottingham forest,nicolò savona - nottingham forest,64.4,74.3,€16.8M,0.9403
300,Kevin Schade,de GER,FW,23-340,Brentford,10,9,830,9.2,2,1,3,2,0,1,4,0,2.8,2.0,1.1,3.1,17,6,30,0.22,0.11,0.33,0.22,0.33,0.3,0.12,0.42,0.22,0.34,kevin schade,brentford,kevin schade - brentford,74.4,81.2,€38.9M,1.0
301,Fabian Schär,ch SUI,DF,33-317,Newcastle Utd,5,4,380,4.2,0,0,0,0,0,0,0,0,0.1,0.1,0.1,0.2,3,17,1,0.0,0.0,0.0,0.0,0.0,0.02,0.03,0.05,0.02,0.05,fabian schär,newcastle united,fabian schär - newcastle united,71.5,71.5,€8.8M,0.9777
302,Alex Scott,eng ENG,MF,22-073,Bournemouth,9,8,594,6.6,1,0,1,1,0,0,1,0,0.5,0.5,0.4,0.9,14,20,17,0.15,0.0,0.15,0.15,0.15,0.08,0.05,0.14,0.08,0.14,alex scott,bournemouth,alex scott - bournemouth,69.1,78.5,€26.1M,1.0
303,Jenson Seelt,nl NED,DF,22-163,Sunderland,2,1,134,1.5,0,0,0,0,0,0,0,0,0.0,0.0,0.0,0.0,2,14,0,0.0,0.0,0.0,0.0,0.0,0.0,0.0,0.0,0.0,0.0,jenson seelt,sunderland,jenson seelt - sunderland,,,N/a,0.6867960691452026
304,Matz Sels,be BEL,GK,33-249,Nott'ham Forest,10,10,900,10.0,0,0,0,0,0,0,1,0,0.0,0.0,0.0,0.0,0,0,0,0.0,0.0,0.0,0.0,0.0,0.0,0.0,0.0,0.0,0.0,matz sels,nottingham forest,matz sels - nottingham forest,69.4,70.3,€7.8M,0.8798
305,Antoine Semenyo,gh GHA,"FW,MF",25-299,Bournemouth,9,9,809,9.0,6,3,9,5,1,1,2,0,3.8,3.0,0.5,3.5,28,35,51,0.67,0.33,1.0,0.56,0.89,0.42,0.06,0.48,0.33,0.39,antoine semenyo,bournemouth,antoine semenyo - bournemouth,75.0,77.5,€45.3M,1.0
306,Marcos Senesi,ar ARG,DF,28-176,Bournemouth,9,9,797,8.9,0,2,2,0,0,0,3,0,0.2,0.2,0.3,0.5,5,48,2,0.0,0.23,0.23,0.0,0.23,0.02,0.03,0.05,0.02,0.05,marcos senesi,bournemouth,marcos senesi - bournemouth,71.1,71.1,€17.6M,1.0
307,Benjamin Šeško,si SVN,FW,22-155,Manchester Utd,10,6,588,6.5,2,1,3,2,0,0,1,0,2.0,2.0,0.3,2.3,4,9,23,0.31,0.15,0.46,0.31,0.46,0.3,0.05,0.36,0.3,0.36,benjamin šeško,manchester utd,benjamin šeško - manchester utd,75.2,83.5,€76.5M,0.955
308,Ryan Sessegnon,eng ENG,DF,25-168,Fulham,9,9,746,8.3,2,0,2,2,0,0,0,0,0.7,0.7,0.8,1.5,20,29,41,0.24,0.0,0.24,0.24,0.24,0.08,0.1,0.18,0.08,0.18,ryan sessegnon,fulham,ryan sessegnon - fulham,67.9,71.9,€15.7M,1.0
309,Luke Shaw,eng ENG,DF,30-113,Manchester Utd,10,10,843,9.4,0,1,1,0,0,0,0,0,0.1,0.1,0.1,0.2,9,40,7,0.0,0.11,0.11,0.0,0.11,0.01,0.01,0.02,0.01,0.02,luke shaw,manchester utd,luke shaw - manchester utd,69.7,69.7,€12.8M,0.9606
310,Bernardo Silva,pt POR,MF,31-084,Manchester City,9,5,465,5.2,0,1,1,0,0,0,1,0,0.1,0.1,1.9,1.9,7,19,26,0.0,0.19,0.19,0.0,0.19,0.01,0.36,0.37,0.01,0.37,bernardo silva,manchester city,bernardo silva - manchester city,84.1,84.1,€34.9M,1.0
311,Xavi Simons,nl NED,"FW,MF",22-195,Tottenham,7,5,454,5.0,0,1,1,0,0,0,2,0,0.3,0.3,0.6,0.9,18,32,23,0.0,0.2,0.2,0.0,0.2,0.06,0.12,0.18,0.06,0.18,xavi simons,tottenham,xavi simons - tottenham,77.6,87.2,€77.8M,1.0
312,Adam Smith,eng ENG,DF,34-187,Bournemouth,3,3,204,2.3,0,0,0,0,0,0,0,0,0.0,0.0,0.3,0.3,1,6,2,0.0,0.0,0.0,0.0,0.0,0.0,0.12,0.12,0.0,0.12,adam smith,bournemouth,adam smith - bournemouth,68.5,68.5,€0.9M,1.0
313,Emile Smith Rowe,eng ENG,MF,25-097,Fulham,10,1,222,2.5,1,0,1,1,0,0,0,0,1.1,1.1,0.1,1.2,5,13,12,0.41,0.0,0.41,0.41,0.41,0.46,0.04,0.5,0.46,0.5,emile smith rowe,fulham,emile smith rowe - fulham,74.5,79.3,€37.5M,1.0
314,Oliver Sonne,pe PER,"DF,FW",24-357,Burnley,3,1,104,1.2,0,0,0,0,0,0,0,0,0.0,0.0,0.0,0.1,0,4,3,0.0,0.0,0.0,0.0,0.0,0.03,0.03,0.06,0.03,0.06,oliver sonne,burnley,oliver sonne - burnley,54.4,57.5,€2.2M,1.0
315,Tomáš Souček,cz CZE,MF,30-248,West Ham,6,5,366,4.1,0,0,0,0,0,0,0,1,0.5,0.5,0.0,0.5,1,10,7,0.0,0.0,0.0,0.0,0.0,0.12,0.01,0.13,0.12,0.13,tomáš souček,west ham,tomáš souček - west ham,71.9,72.2,€17.9M,1.0
316,Djed Spence,eng ENG,DF,25-085,Tottenham,9,8,668,7.4,0,0,0,0,0,0,2,0,0.2,0.2,0.1,0.2,24,31,35,0.0,0.0,0.0,0.0,0.0,0.02,0.01,0.03,0.02,0.03,djed spence,tottenham,djed spence - tottenham,71.9,76.1,€24.9M,1.0
317,Anton Stach,de GER,MF,26-352,Leeds United,9,8,709,7.9,1,1,2,1,0,0,1,0,0.9,0.9,1.0,1.8,13,42,22,0.13,0.13,0.25,0.13,0.25,0.11,0.12,0.23,0.11,0.23,anton stach,leeds united,anton stach - leeds united,69.6,71.2,€18.3M,1.0
318,John Stones,eng ENG,DF,31-158,Manchester City,5,4,325,3.6,0,0,0,0,0,0,0,0,0.0,0.0,0.1,0.1,3,15,4,0.0,0.0,0.0,0.0,0.0,0.0,0.02,0.02,0.0,0.02,john stones,manchester city,john stones - manchester city,69.2,69.2,€16.9M,1.0
319,Jørgen Strand Larsen,no NOR,FW,25-269,Wolves,8,7,617,6.9,1,0,1,0,1,1,0,0,1.5,0.7,0.4,1.1,2,5,25,0.15,0.0,0.15,0.0,0.0,0.22,0.06,0.28,0.11,0.17,jørgen strand larsen,wolverhampton wanderers,jørgen strand larsen - wolverhampton wanderers,71.4,75.9,€37.8M,0.8933
320,Pascal Struijk,nl NED,DF,26-083,Leeds United,8,8,720,8.0,0,0,0,0,0,0,1,0,0.8,0.8,0.1,0.8,1,23,3,0.0,0.0,0.0,0.0,0.0,0.1,0.01,0.1,0.1,0.1,pascal struijk,leeds united,pascal struijk - leeds united,67.3,68.9,€18.4M,1.0
321,Crysencio Summerville,nl NED,"MF,FW",24-003,West Ham,7,6,480,5.3,0,1,1,0,0,0,3,0,0.6,0.6,0.2,0.8,12,16,33,0.0,0.19,0.19,0.0,0.19,0.12,0.04,0.16,0.12,0.16,crysencio summerville,west ham,crysencio summerville - west ham,63.7,68.7,€26M,1.0
322,Dominik Szoboszlai,hu HUN,"MF,DF",25-008,Liverpool,10,10,900,10.0,1,1,2,1,0,0,3,0,1.3,1.3,1.4,2.8,28,76,46,0.1,0.1,0.2,0.1,0.2,0.13,0.14,0.28,0.13,0.28,dominik szoboszlai,liverpool,dominik szoboszlai - liverpool,85.9,92.9,€77.8M,1.0
323,Chemsdine Talbi,ma MAR,"FW,MF",20-177,Sunderland,9,6,555,6.2,1,1,2,1,0,0,0,0,1.0,1.0,0.3,1.3,11,4,34,0.16,0.16,0.32,0.16,0.32,0.16,0.04,0.2,0.16,0.2,chemsdine talbi,sunderland,chemsdine talbi - sunderland,62.7,76.2,€13.3M,1.0
324,Ao Tanaka,jp JPN,MF,27-053,Leeds United,8,4,323,3.6,0,0,0,0,0,0,0,0,0.2,0.2,0.2,0.4,2,22,4,0.0,0.0,0.0,0.0,0.0,0.05,0.06,0.1,0.05,0.1,ao tanaka,leeds united,ao tanaka - leeds united,69.8,70.9,€13.4M,1.0
325,James Tarkowski,eng ENG,DF,32-348,Everton,9,9,810,9.0,0,0,0,0,0,0,1,0,0.4,0.4,0.4,0.9,5,29,3,0.0,0.0,0.0,0.0,0.0,0.05,0.05,0.09,0.05,0.09,james tarkowski,everton,james tarkowski - everton,73.5,73.5,€6.5M,1.0
326,Marcus Tavernier,eng ENG,"MF,FW",26-225,Bournemouth,9,8,676,7.5,2,1,3,2,0,0,0,0,1.0,1.0,1.4,2.4,20,31,51,0.27,0.13,0.4,0.27,0.4,0.14,0.18,0.32,0.14,0.32,marcus tavernier,bournemouth,marcus tavernier - bournemouth,72.9,73.7,€24.5M,1.0
327,Loum Tchaouna,fr FRA,MF,22-055,Burnley,9,4,374,4.2,1,0,1,1,0,0,1,0,0.3,0.3,0.1,0.5,4,9,15,0.24,0.0,0.24,0.24,0.24,0.08,0.03,0.11,0.08,0.11,loum tchaouna,burnley,loum tchaouna - burnley,65.4,74.6,€14.1M,1.0
328,Jackson Tchatchoua,cm CMR,"DF,MF",24-049,Wolves,9,3,432,4.8,0,0,0,0,0,0,0,0,0.3,0.3,0.2,0.4,10,6,34,0.0,0.0,0.0,0.0,0.0,0.05,0.03,0.09,0.05,0.09,jackson tchatchoua,wolverhampton wanderers,jackson tchatchoua - wolverhampton wanderers,66.7,72.4,€12.7M,1.0
329,Mathys Tel,fr FRA,FW,20-189,Tottenham,7,3,239,2.7,1,0,1,1,0,0,0,0,0.2,0.2,0.0,0.2,4,3,14,0.38,0.0,0.38,0.38,0.38,0.08,0.0,0.08,0.08,0.08,mathys tel,tottenham,mathys tel - tottenham,71.0,83.7,€51.3M,1.0
330,Kenny Tete,nl NED,DF,30-024,Fulham,7,7,629,7.0,0,0,0,0,0,0,1,0,0.1,0.1,0.2,0.4,9,36,10,0.0,0.0,0.0,0.0,0.0,0.02,0.03,0.05,0.02,0.05,kenny tete,fulham,kenny tete - fulham,70.0,70.1,€16.3M,1.0
331,Thiago,br BRA,FW,24-129,Brentford,10,10,832,9.2,6,0,6,4,2,2,3,0,4.4,2.9,1.1,4.0,4,8,28,0.65,0.0,0.65,0.43,0.43,0.48,0.12,0.6,0.31,0.43,thiago,brentford,thiago - brentford,66.4,69.1,€22.5M,0.845
332,Malick Thiaw,de GER,DF,24-086,Newcastle Utd,6,5,453,5.0,0,0,0,0,0,0,1,0,0.6,0.6,0.3,0.9,4,24,3,0.0,0.0,0.0,0.0,0.0,0.13,0.06,0.18,0.13,0.18,malick thiaw,newcastle united,malick thiaw - newcastle united,71.3,76.7,€20.5M,0.9546
333,Youri Tielemans,be BEL,MF,28-179,Aston Villa,4,4,315,3.5,0,0,0,0,0,0,0,0,0.1,0.1,0.2,0.3,8,21,10,0.0,0.0,0.0,0.0,0.0,0.04,0.05,0.09,0.04,0.09,youri tielemans,aston villa,youri tielemans - aston villa,76.1,77.6,€39.8M,1.0
334,Jurriën Timber,nl NED,DF,24-138,Arsenal,10,9,792,8.8,2,1,3,2,0,0,2,0,2.0,2.0,0.6,2.5,14,54,41,0.23,0.11,0.34,0.23,0.34,0.22,0.07,0.29,0.22,0.29,jurriën timber,arsenal,jurriën timber - arsenal,77.8,84.1,€66.9M,1.0
335,Jean-Clair Todibo,fr FRA,DF,25-307,West Ham,4,4,306,3.4,0,0,0,0,0,0,1,0,0.0,0.0,0.0,0.0,4,16,1,0.0,0.0,0.0,0.0,0.0,0.0,0.0,0.0,0.0,0.0,jean-clair todibo,west ham,jean-clair todibo - west ham,69.9,75.2,€22.6M,1.0
336,Sandro Tonali,it ITA,MF,25-178,Newcastle Utd,9,8,704,7.8,0,1,1,0,0,0,0,0,0.4,0.4,1.6,2.1,17,58,17,0.0,0.13,0.13,0.0,0.13,0.06,0.21,0.27,0.06,0.27,sandro tonali,newcastle united,sandro tonali - newcastle united,79.8,84.5,€65M,0.9707
337,Pau Torres,es ESP,DF,28-290,Aston Villa,7,5,509,5.7,0,0,0,0,0,0,0,0,0.1,0.1,0.0,0.1,7,22,3,0.0,0.0,0.0,0.0,0.0,0.02,0.0,0.02,0.02,0.02,pau torres,aston villa,pau torres - aston villa,75.6,75.6,€37.5M,1.0
338,James Trafford,eng ENG,GK,23-023,Manchester City,3,3,270,3.0,0,0,0,0,0,0,0,0,0.0,0.0,0.0,0.0,0,0,0,0.0,0.0,0.0,0.0,0.0,0.0,0.0,0.0,0.0,0.0,james trafford,manchester city,james trafford - manchester city,76.4,86.1,€29.3M,1.0
339,Adama Traoré,es ESP,FW,29-281,Fulham,8,1,234,2.6,0,0,0,0,0,0,0,0,0.2,0.2,0.5,0.6,14,3,23,0.0,0.0,0.0,0.0,0.0,0.06,0.18,0.24,0.06,0.24,adama traoré,fulham,adama traoré - fulham,67.2,67.8,€6.7M,1.0
340,Bertrand Traoré,bf BFA,"FW,MF",30-057,Sunderland,4,3,215,2.4,0,0,0,0,0,0,1,0,0.3,0.3,0.7,1.0,2,2,17,0.0,0.0,0.0,0.0,0.0,0.14,0.3,0.43,0.14,0.43,bertrand traoré,sunderland,bertrand traoré - sunderland,65.2,65.2,€5.6M,1.0
341,Kieran Trippier,eng ENG,DF,35-044,Newcastle Utd,8,7,609,6.8,0,0,0,0,0,0,0,0,0.0,0.0,0.8,0.8,9,64,33,0.0,0.0,0.0,0.0,0.0,0.0,0.12,0.12,0.0,0.12,kieran trippier,newcastle united,kieran trippier - newcastle united,70.5,70.5,€2.3M,0.9665
342,Leandro Trossard,be BEL,FW,30-333,Arsenal,8,6,553,6.1,1,2,3,1,0,0,0,0,1.7,1.7,0.6,2.3,16,21,60,0.16,0.33,0.49,0.16,0.49,0.28,0.1,0.38,0.28,0.38,leandro trossard,arsenal,leandro trossard - arsenal,77.7,77.7,€19.4M,1.0
343,Adrien Truffert,fr FRA,DF,23-347,Bournemouth,9,9,810,9.0,0,1,1,0,0,0,0,0,0.1,0.1,0.6,0.7,22,43,52,0.0,0.11,0.11,0.0,0.11,0.01,0.07,0.08,0.01,0.08,adrien truffert,bournemouth,adrien truffert - bournemouth,70.1,75.7,€20.3M,1.0
344,Axel Tuanzebe,cd COD,DF,27-353,Burnley,4,4,360,4.0,0,0,0,0,0,0,0,0,0.0,0.0,0.0,0.0,0,7,1,0.0,0.0,0.0,0.0,0.0,0.0,0.0,0.0,0.0,0.0,axel tuanzebe,burnley,axel tuanzebe - burnley,62.8,63.4,€3.9M,1.0
345,Destiny Udogie,it ITA,DF,22-339,Tottenham,6,3,321,3.6,0,0,0,0,0,0,0,0,0.0,0.0,0.2,0.3,15,21,29,0.0,0.0,0.0,0.0,0.0,0.01,0.07,0.07,0.01,0.07,destiny udogie,tottenham,destiny udogie - tottenham,76.4,86.2,€50.2M,1.0
346,Manuel Ugarte,uy URU,MF,24-205,Manchester Utd,8,2,285,3.2,0,0,0,0,0,0,0,0,0.0,0.0,0.0,0.1,4,19,3,0.0,0.0,0.0,0.0,0.0,0.02,0.01,0.02,0.02,0.02,manuel ugarte,manchester utd,manuel ugarte - manchester utd,71.5,77.8,€52.6M,0.9536
347,Lesley Ugochukwu,fr FRA,MF,21-221,Burnley,9,6,520,5.8,2,0,2,2,0,0,2,1,0.8,0.8,0.0,0.8,6,10,11,0.35,0.0,0.35,0.35,0.35,0.13,0.0,0.14,0.13,0.14,lesley ugochukwu,burnley,lesley ugochukwu - burnley,65.2,75.7,€22.9M,1.0
348,Virgil van Dijk,nl NED,DF,34-117,Liverpool,10,10,900,10.0,0,0,0,0,0,0,2,0,0.4,0.4,0.1,0.5,13,63,7,0.0,0.0,0.0,0.0,0.0,0.04,0.01,0.05,0.04,0.05,virgil van dijk,liverpool,virgil van dijk - liverpool,76.3,77.1,€9.5M,1.0
349,Joël Veltman,nl NED,DF,33-291,Brighton,4,4,324,3.6,0,0,0,0,0,0,2,0,0.0,0.0,0.0,0.0,5,14,2,0.0,0.0,0.0,0.0,0.0,0.0,0.01,0.01,0.0,0.01,joël veltman,brighton,joël veltman - brighton,70.8,70.8,€2.3M,1.0
350,Micky van de Ven,nl NED,DF,24-197,Tottenham,10,10,889,9.9,3,0,3,3,0,0,2,0,1.6,1.6,0.1,1.7,5,29,2,0.3,0.0,0.3,0.3,0.3,0.16,0.01,0.17,0.16,0.17,micky van de ven,tottenham,micky van de ven - tottenham,72.1,77.7,€60.4M,1.0
351,Bart Verbruggen,nl NED,GK,23-076,Brighton,10,10,900,10.0,0,0,0,0,0,0,0,0,0.0,0.0,0.1,0.1,0,0,0,0.0,0.0,0.0,0.0,0.0,0.0,0.01,0.01,0.0,0.01,bart verbruggen,brighton,bart verbruggen - brighton,72.3,83.3,€40.8M,1.0
352,Guglielmo Vicario,it ITA,GK,29-026,Tottenham,10,10,900,10.0,0,0,0,0,0,0,0,0,0.0,0.0,0.0,0.0,0,0,0,0.0,0.0,0.0,0.0,0.0,0.0,0.0,0.0,0.0,0.0,guglielmo vicario,tottenham,guglielmo vicario - tottenham,71.4,71.4,€39.2M,1.0
353,Kyle Walker,eng ENG,DF,35-158,Burnley,10,10,900,10.0,0,1,1,0,0,0,2,0,0.1,0.1,0.4,0.5,15,24,17,0.0,0.1,0.1,0.0,0.1,0.01,0.04,0.05,0.01,0.05,kyle walker,burnley,kyle walker - burnley,73.9,73.9,€4.2M,1.0
354,Kyle Walker-Peters,eng ENG,DF,28-203,West Ham,8,5,450,5.0,0,0,0,0,0,0,1,0,0.1,0.1,0.1,0.2,12,16,19,0.0,0.0,0.0,0.0,0.0,0.03,0.02,0.04,0.03,0.04,kyle walker-peters,west ham,kyle walker-peters - west ham,64.6,64.6,€18.5M,1.0
355,Aaron Wan-Bissaka,cd COD,DF,27-341,West Ham,5,4,381,4.2,0,0,0,0,0,0,0,0,0.0,0.0,0.2,0.2,8,13,23,0.0,0.0,0.0,0.0,0.0,0.0,0.05,0.05,0.0,0.05,aaron wan-bissaka,west ham,aaron wan-bissaka - west ham,71.5,72.6,€25.1M,1.0
356,James Ward-Prowse,eng ENG,MF,31-001,West Ham,5,5,413,4.6,0,0,0,0,0,0,0,0,0.1,0.1,0.9,1.0,1,20,8,0.0,0.0,0.0,0.0,0.0,0.03,0.2,0.23,0.03,0.23,james ward-prowse,west ham,james ward-prowse - west ham,65.5,65.7,€7.6M,1.0
357,Ollie Watkins,eng ENG,FW,29-307,Aston Villa,10,9,786,8.7,1,0,1,1,0,0,0,0,1.7,1.7,0.5,2.2,16,12,54,0.11,0.0,0.11,0.11,0.11,0.2,0.05,0.25,0.2,0.25,ollie watkins,aston villa,ollie watkins - aston villa,76.8,77.4,€65.5M,1.0
358,Danny Welbeck,eng ENG,FW,34-341,Brighton,10,7,628,7.0,6,0,6,6,0,1,2,0,4.1,3.3,0.3,3.6,6,8,23,0.86,0.0,0.86,0.86,0.86,0.58,0.04,0.62,0.47,0.51,danny welbeck,brighton,danny welbeck - brighton,73.5,73.5,€4.6M,1.0
359,Adam Wharton,eng ENG,MF,21-269,Crystal Palace,8,8,630,7.0,0,0,0,0,0,0,1,0,0.2,0.2,2.2,2.4,9,36,7,0.0,0.0,0.0,0.0,0.0,0.03,0.31,0.35,0.03,0.35,adam wharton,crystal palace,adam wharton - crystal palace,69.8,81.3,€55.6M,1.0
360,Mats Wieffer,nl NED,DF,25-351,Brighton,8,6,551,6.1,0,2,2,0,0,0,3,0,0.2,0.2,1.5,1.7,13,31,21,0.0,0.33,0.33,0.0,0.33,0.03,0.25,0.28,0.03,0.28,mats wieffer,brighton,mats wieffer - brighton,68.1,70.7,€16.6M,1.0
361,Neco Williams,wls WAL,"DF,MF",24-203,Nott'ham Forest,10,10,900,10.0,1,0,1,1,0,0,4,0,0.8,0.8,0.5,1.3,23,44,50,0.1,0.0,0.1,0.1,0.1,0.08,0.05,0.13,0.08,0.13,neco williams,nottingham forest,neco williams - nottingham forest,70.1,77.7,€27.7M,0.8791
362,Estêvão Willian,br BRA,FW,18-192,Chelsea,9,4,316,3.5,1,1,2,1,0,0,2,0,1.7,1.7,1.3,3.0,13,7,34,0.28,0.28,0.57,0.28,0.57,0.5,0.36,0.86,0.5,0.86,estêvão willian,chelsea,estêvão willian - chelsea,63.9,85.4,€76.3M,0.9197
363,Callum Wilson,eng ENG,FW,33-248,West Ham,6,1,239,2.7,1,0,1,1,0,0,0,0,1.2,1.2,0.0,1.2,2,1,15,0.38,0.0,0.38,0.38,0.38,0.45,0.02,0.46,0.45,0.46,callum wilson,west ham,callum wilson - west ham,54.7,66.1,€2.2M,0.8876
364,Harry Wilson,wls WAL,"FW,MF",28-225,Fulham,9,7,596,6.6,2,0,2,2,0,0,1,0,1.1,1.1,0.3,1.4,7,12,48,0.3,0.0,0.3,0.3,0.3,0.16,0.04,0.21,0.16,0.21,harry wilson,fulham,harry wilson - fulham,68.3,68.5,€4.9M,0.7546
365,Florian Wirtz,de GER,"MF,FW",22-183,Liverpool,10,6,607,6.7,0,0,0,0,0,0,1,0,1.2,1.2,1.1,2.3,19,45,48,0.0,0.0,0.0,0.0,0.0,0.18,0.17,0.35,0.18,0.35,florian wirtz,liverpool,florian wirtz - liverpool,85.7,97.2,€137M,1.0
366,Nick Woltemade,de GER,FW,23-261,Newcastle Utd,6,6,477,5.3,4,0,4,3,1,1,0,0,3.0,2.2,0.2,2.4,3,9,20,0.75,0.0,0.75,0.57,0.57,0.57,0.04,0.61,0.42,0.46,nick woltemade,newcastle united,nick woltemade - newcastle united,69.2,75.6,€37.1M,0.9634
367,Chris Wood,nz NZL,FW,33-330,Nott'ham Forest,8,7,540,6.0,2,0,2,2,0,0,0,0,2.7,2.7,0.2,2.9,0,7,16,0.33,0.0,0.33,0.33,0.33,0.45,0.03,0.48,0.45,0.48,chris wood,nottingham forest,chris wood - nottingham forest,69.2,70.4,€7.4M,0.925
368,Granit Xhaka,ch SUI,MF,33-036,Sunderland,9,9,810,9.0,0,3,3,0,0,0,3,0,0.3,0.3,1.1,1.4,2,50,8,0.0,0.33,0.33,0.0,0.33,0.04,0.12,0.16,0.04,0.16,granit xhaka,sunderland,granit xhaka - sunderland,79.2,79.2,€17.6M,1.0
369,Yehor Yarmoliuk,ua UKR,MF,21-246,Brentford,10,10,786,8.7,0,1,1,0,0,0,1,0,0.2,0.2,0.3,0.6,11,30,7,0.0,0.11,0.11,0.0,0.11,0.03,0.04,0.07,0.03,0.07,yehor yarmoliuk,brentford,yehor yarmoliuk - brentford,72.2,83.1,€22.2M,0.8723
370,Ryan Yates,eng ENG,MF,27-346,Nott'ham Forest,6,1,213,2.4,0,1,1,0,0,0,1,0,0.0,0.0,0.2,0.2,1,11,1,0.0,0.42,0.42,0.0,0.42,0.01,0.08,0.09,0.01,0.09,ryan yates,nottingham forest,ryan yates - nottingham forest,70.1,71.1,€14.5M,0.9391
371,Leny Yoro,fr FRA,DF,19-354,Manchester Utd,10,7,623,6.9,0,0,0,0,0,0,0,0,0.3,0.3,0.0,0.3,5,27,3,0.0,0.0,0.0,0.0,0.0,0.04,0.0,0.04,0.04,0.04,leny yoro,manchester utd,leny yoro - manchester utd,70.6,87.9,€65.5M,0.9398
372,Oleksandr Zinchenko,ua UKR,DF,28-322,Nott'ham Forest,3,3,253,2.8,0,0,0,0,0,0,0,0,0.0,0.0,0.5,0.5,6,22,7,0.0,0.0,0.0,0.0,0.0,0.02,0.16,0.18,0.02,0.18,oleksandr zinchenko,nottingham forest,oleksandr zinchenko - nottingham forest,76.6,77.7,€17.2M,0.9472
373,Martín Zubimendi,es ESP,MF,26-273,Arsenal,10,9,847,9.4,2,0,2,2,0,0,1,0,0.3,0.3,0.7,0.9,9,57,8,0.21,0.0,0.21,0.21,0.21,0.03,0.07,0.1,0.03,0.1,martín zubimendi,arsenal,martín zubimendi - arsenal,74.8,74.8,€65.5M,1.0
374,Martin Ødegaard,no NOR,MF,26-320,Arsenal,6,4,203,2.3,0,1,1,0,0,0,0,0,0.1,0.1,0.5,0.6,10,26,5,0.0,0.44,0.44,0.0,0.44,0.06,0.2,0.27,0.06,0.27,martin ødegaard,arsenal,martin ødegaard - arsenal,87.8,90.6,€80.5M,1.0
