Player,Squad,Pos,ValueScore,Tier,MarketValue(M€)
Mohamed Salah,Liverpool,FW,0.9810811180396019,Elite,117.73
Moisés Caicedo,Chelsea,"MF,DF",0.9792418772563177,Elite,117.51
Cole Palmer,Chelsea,"MF,FW",0.931107099879663,Elite,111.73
Morgan Rogers,Aston Villa,"FW,MF",0.907942238267148,Elite,108.95
Keane Lewis-Potter,Brentford,"DF,FW",0.9016245487364621,Elite,108.19
Matz Sels,Nott'ham Forest,GK,0.8824302776727284,Elite,105.89
Alex Iwobi,Fulham,"FW,MF",0.8679302045728039,Elite,104.15
Lewis Cook,Bournemouth,"MF,DF",0.8670276774969916,Elite,104.04
Jarrod Bowen,West Ham,"FW,MF",0.8655234657039711,Elite,103.86
Jordan Pickford,Everton,GK,0.8568610401049831,Elite,102.82
David Raya,Arsenal,GK,0.8504962010921377,Elite,102.06
Mikkel Damsgaard,Brentford,"MF,FW",0.8468712394705175,Elite,101.62
Thomas Partey,Arsenal,"MF,DF",0.812575210589651,Elite,97.51
Dean Henderson,Crystal Palace,GK,0.8072336425216974,Elite,96.87
Robert Sánchez,Chelsea,GK,0.7917788940719219,Top,95.01
Erling Haaland,Manchester City,FW,0.7760538192937356,Top,93.13
Bernardo Silva,Manchester City,"MF,FW",0.7743682310469314,Top,92.92
Mark Flekken,Brentford,GK,0.7598060489446031,Top,91.18
Kaoru Mitoma,Brighton,"FW,MF",0.7542117930204573,Top,90.51
Matheus Cunha,Wolves,"MF,FW",0.7524067388688327,Top,90.29
Mohammed Kudus,West Ham,"FW,MF",0.7503008423586041,Top,90.04
Eberechi Eze,Crystal Palace,"MF,FW",0.7496991576413959,Top,89.96
Omari Hutchinson,Ipswich Town,"MF,FW",0.7481949458483754,Top,89.78
André Onana,Manchester Utd,GK,0.7473050884841536,Top,89.68
Kepa Arrizabalaga,Bournemouth,GK,0.7442604183476315,Top,89.31
Alexander Isak,Newcastle Utd,FW,0.7420407760266863,Top,89.04
Antonee Robinson,Fulham,DF,0.7410131764540104,Top,88.92
Ederson,Manchester City,GK,0.7406867961227077,Top,88.88
Alisson,Liverpool,GK,0.7367340232225473,Top,88.41
Emiliano Martínez,Aston Villa,GK,0.7301128781868923,Top,87.61
Anthony Elanga,Nott'ham Forest,"FW,MF",0.72352587244284,Top,86.82
Nick Pope,Newcastle Utd,GK,0.7174792774020157,Top,86.1
Aaron Wan-Bissaka,West Ham,DF,0.7167454045215098,Top,86.01
Bart Verbruggen,Brighton,GK,0.7074768377204893,Top,84.9
Anthony Gordon,Newcastle Utd,"FW,MF",0.7033694344163658,Top,84.4
Daniel Muñoz,Crystal Palace,DF,0.6933095891117361,Top,83.2
Joelinton,Newcastle Utd,"MF,FW",0.691034897713598,Top,82.92
Dejan Kulusevski,Tottenham,"MF,FW",0.6898315282791817,Top,82.78
Lucas Paquetá,West Ham,"MF,FW",0.6871239470517448,Top,82.45
Bernd Leno,Fulham,GK,0.6754279001012743,Top,81.05
José Sá,Wolves,GK,0.6707726006015696,Top,80.49
Aaron Ramsdale,Southampton,GK,0.6614231521713726,Top,79.37
Yoane Wissa,Brentford,FW,0.660581467578787,Top,79.27
Gabriel Martinelli,Arsenal,"FW,MF",0.6600481347773767,Top,79.21
Jefferson Lerma,Crystal Palace,"MF,DF",0.6552346570397112,Top,78.63
John McGinn,Aston Villa,"MF,FW",0.6398916967509025,Starter,76.79
Bryan Mbeumo,Brentford,FW,0.6378519166409079,Starter,76.54
Alejandro Garnacho,Manchester Utd,"MF,FW",0.6326714801444043,Starter,75.92
Callum Hudson-Odoi,Nott'ham Forest,"FW,MF",0.6311672683513839,Starter,75.74
Maxence Lacroix,Crystal Palace,DF,0.630961581695558,Starter,75.72
Bilal El Khannouss,Leicester City,"MF,FW",0.6275571600481348,Starter,75.31
Bruno Fernandes,Manchester Utd,MF,0.6241927352476043,Starter,74.9
Noussair Mazraoui,Manchester Utd,DF,0.6102778252009993,Starter,73.23
Alphonse Areola,West Ham,GK,0.6073522195956222,Starter,72.88
Chris Wood,Nott'ham Forest,FW,0.6009021210110014,Starter,72.11
Guglielmo Vicario,Tottenham,GK,0.5920365759591945,Starter,71.04
Ollie Watkins,Aston Villa,FW,0.5865604535271272,Starter,70.39
Pedro Porro,Tottenham,DF,0.5783062527001088,Starter,69.4
Mads Hermansen,Leicester City,GK,0.5774528787151565,Starter,69.29
Joe Aribo,Southampton,"MF,DF",0.5767148014440433,Starter,69.21
James Tarkowski,Everton,DF,0.575196598618731,Starter,69.02
James Justin,Leicester City,DF,0.5743341620309101,Starter,68.92
Martin Dúbravka,Newcastle Utd,GK,0.5739529812823204,Starter,68.87
Milos Kerkez,Bournemouth,DF,0.5690508719616626,Starter,68.29
Tyrick Mitchell,Crystal Palace,DF,0.5683864402484392,Starter,68.21
Virgil van Dijk,Liverpool,DF,0.5670921489888477,Starter,68.05
Neco Williams,Nott'ham Forest,DF,0.5647466344518671,Starter,67.77
Nicolás Domínguez,Nott'ham Forest,"MF,FW",0.5616726835138387,Starter,67.4
João Pedro,Brighton,"FW,MF",0.5571600481347774,Starter,66.86
Joško Gvardiol,Manchester City,DF,0.5566789493374266,Starter,66.8
Marcus Tavernier,Bournemouth,"FW,MF",0.5544524669073405,Starter,66.53
Vitaliy Mykolenko,Everton,DF,0.5540928608578732,Starter,66.49
Łukasz Fabiański,West Ham,GK,0.552593723777485,Starter,66.31
Murillo,Nott'ham Forest,DF,0.549122239182691,Starter,65.89
Amad Diallo,Manchester Utd,"MF,FW",0.5430204572803851,Starter,65.16
Rico Lewis,Manchester City,"DF,MF",0.5406137184115524,Starter,64.87
Caoimhín Kelleher,Liverpool,GK,0.5384175934636648,Starter,64.61
Kai Havertz,Arsenal,"FW,MF",0.5351985559566786,Starter,64.22
Tyler Dibling,Southampton,"FW,MF",0.5348977135980746,Starter,64.19
Victor Bernth Kristiansen,Leicester City,DF,0.5331160218112224,Starter,63.97
Dean Huijsen,Bournemouth,DF,0.5299102162557868,Starter,63.59
Stefan Ortega,Manchester City,GK,0.5296157495616294,Starter,63.55
Rayan Aït-Nouri,Wolves,DF,0.5270603700540761,Starter,63.25
Jack Hinshelwood,Brighton,"MF,DF",0.5252707581227437,Starter,63.03
Yankuba Minteh,Brighton,"FW,MF",0.5240673886883274,Starter,62.89
Jan Bednarek,Southampton,DF,0.5231801334226225,Starter,62.78
Arijanet Muric,Ipswich Town,GK,0.5221748879069897,Starter,62.66
Illia Zabarnyi,Bournemouth,DF,0.5215289727468183,Starter,62.58
Mark Travers,Bournemouth,GK,0.5159561668946113,Starter,61.91
Dara O'Shea,Ipswich Town,DF,0.5136265577154139,Starter,61.64
Enzo Fernández,Chelsea,MF,0.5132759461215385,Starter,61.59
Ola Aina,Nott'ham Forest,DF,0.5117362301656604,Starter,61.41
Nathan Collins,Brentford,DF,0.5083973506380679,Starter,61.01
Max Kilman,West Ham,DF,0.5075576753815775,Starter,60.91
Phil Foden,Manchester City,"MF,FW",0.5057160048134778,Starter,60.69
Adama Traoré,Fulham,"FW,MF",0.5042117930204573,Starter,60.51
Sávio,Manchester City,"FW,MF",0.5024067388688327,Starter,60.29
Neto,Bournemouth,GK,0.5009693761681657,Starter,60.12
Diogo Dalot,Manchester Utd,DF,0.4987915175579964,Rotation,59.85
Archie Gray,Tottenham,"DF,MF",0.49789410348977137,Rotation,59.75
Jørgen Strand Larsen,Wolves,FW,0.49650381779708175,Rotation,59.58
Luis Díaz,Liverpool,FW,0.49466339382155394,Rotation,59.36
Martin Ødegaard,Arsenal,MF,0.4932678223316603,Rotation,59.19
Bukayo Saka,Arsenal,"FW,MF",0.49127557160048135,Rotation,58.95
Jean-Philippe Mateta,Crystal Palace,FW,0.4898920758043315,Rotation,58.79
Antoine Semenyo,Bournemouth,FW,0.48760771741924375,Rotation,58.51
Curtis Jones,Liverpool,"MF,DF",0.4861612515042118,Rotation,58.34
Kevin De Bruyne,Manchester City,"MF,FW",0.4831528279181709,Rotation,57.98
Trent Alexander-Arnold,Liverpool,DF,0.48013752987277986,Rotation,57.62
Fraser Forster,Tottenham,GK,0.47985137550041373,Rotation,57.58
Jean-Ricner Bellegarde,Wolves,"MF,FW",0.4756317689530686,Rotation,57.08
Matheus Nunes,Manchester City,"DF,MF",0.4747292418772563,Rotation,56.97
Marc Guéhi,Crystal Palace,DF,0.4744884933426298,Rotation,56.94
Nikola Milenković,Nott'ham Forest,DF,0.4745275185861574,Rotation,56.94
Filip Jørgensen,Chelsea,GK,0.47434123539955053,Rotation,56.92
Toti Gomes,Wolves,DF,0.47251613771213674,Rotation,56.7
Dan Burn,Newcastle Utd,DF,0.470996408048575,Rotation,56.52
Georginio Rutter,Brighton,"MF,FW",0.4693140794223827,Rotation,56.32
Jakub Stolarczyk,Leicester City,GK,0.4666087094818099,Rotation,55.99
Pervis Estupiñán,Brighton,DF,0.46550438560911794,Rotation,55.86
Marc Cucurella,Chelsea,DF,0.46518119124456103,Rotation,55.82
Raúl Jiménez,Fulham,FW,0.46432136645370714,Rotation,55.72
Jordan Ayew,Leicester City,"FW,MF",0.463898916967509,Rotation,55.67
Fabian Schär,Newcastle Utd,DF,0.4630650720038673,Rotation,55.57
Lucas Digne,Aston Villa,DF,0.46294367922989077,Rotation,55.55
Nélson Semedo,Wolves,DF,0.4627332584436693,Rotation,55.53
Jason Steele,Brighton,GK,0.45942826625509753,Rotation,55.13
Jacob Ramsey,Aston Villa,"FW,MF",0.45938628158844763,Rotation,55.13
Levi Colwill,Chelsea,DF,0.45590347979816,Rotation,54.71
Declan Rice,Arsenal,MF,0.455391268157214,Rotation,54.65
Nicolas Jackson,Chelsea,FW,0.45393603910268215,Rotation,54.47
Youri Tielemans,Aston Villa,MF,0.4517349693801246,Rotation,54.21
James Garner,Everton,"MF,DF",0.450661853188929,Rotation,54.08
Mikel Merino,Arsenal,"MF,FW",0.4482551143200963,Rotation,53.79
Alex McCarthy,Southampton,GK,0.4462391244383417,Rotation,53.55
Antonín Kinský,Tottenham,GK,0.44286863132215937,Rotation,53.14
Yukinari Sugawara,Southampton,"DF,MF",0.4395306859205776,Rotation,52.74
Joachim Andersen,Fulham,DF,0.4389612217028575,Rotation,52.68
Dominik Szoboszlai,Liverpool,MF,0.4350333166115744,Rotation,52.2
Valentino Livramento,Newcastle Utd,DF,0.4328228978023246,Rotation,51.94
Wout Faes,Leicester City,DF,0.4303686407320422,Rotation,51.64
Facundo Buonanotte,Leicester City,"FW,MF",0.4293020457280385,Rotation,51.52
Daniel Bentley,Wolves,GK,0.42840839837725675,Rotation,51.41
Jeremy Doku,Manchester City,"FW,MF",0.42719614921780985,Rotation,51.26
Jarrad Branthwaite,Everton,DF,0.425155407651348,Rotation,51.02
Morgan Gibbs-White,Nott'ham Forest,MF,0.4246681902916014,Rotation,50.96
Liam Delap,Ipswich Town,FW,0.4235497659491205,Rotation,50.83
Alex Palmer,Ipswich Town,GK,0.421808636634389,Rotation,50.62
Bruno Guimarães,Newcastle Utd,MF,0.4195872563297191,Rotation,50.35
Konstantinos Mavropanos,West Ham,DF,0.4194346916824174,Rotation,50.33
Robin Olsen,Aston Villa,GK,0.41916496782953305,Rotation,50.3
Evanilson,Bournemouth,FW,0.41872470122108996,Rotation,50.25
Kenny Tete,Fulham,DF,0.4174411695360706,Rotation,50.09
Calvin Bassey,Fulham,DF,0.41599395461698907,Rotation,49.92
Destiny Udogie,Tottenham,DF,0.41470359178191485,Rotation,49.76
William Saliba,Arsenal,DF,0.4125105299174117,Rotation,49.5
Ryan Manning,Southampton,"DF,MF",0.4109506618531889,Rotation,49.31
Sam Johnstone,Wolves,GK,0.40633331815508317,Rotation,48.76
Ismaila Sarr,Crystal Palace,MF,0.4056191875089432,Rotation,48.67
Christian Walton,Ipswich Town,GK,0.4047950922963347,Rotation,48.58
Kevin Schade,Brentford,FW,0.4036974448902704,Rotation,48.44
Joe Lumley,Southampton,GK,0.40261456421049785,Rotation,48.31
Jan Paul van Hecke,Brighton,DF,0.3993599865392332,Rotation,47.92
Carlos Soler,West Ham,"MF,FW",0.39500601684717207,Rotation,47.4
Kamaldeen Sulemana,Southampton,"FW,MF",0.39290012033694344,Rotation,47.15
Joshua Zirkzee,Manchester Utd,"FW,MF",0.39290012033694344,Rotation,47.15
Brennan Johnson,Tottenham,FW,0.39107567577460894,Rotation,46.93
James Maddison,Tottenham,MF,0.38801713953178846,Rotation,46.56
Jamie Vardy,Leicester City,FW,0.38685333451437753,Rotation,46.42
Lewis Hall,Newcastle Utd,DF,0.38660761738495936,Rotation,46.39
Taylor Harwood-Bellis,Southampton,DF,0.38571512510842376,Rotation,46.29
Alexis Mac Allister,Liverpool,MF,0.38493270878417024,Rotation,46.19
Kyle Walker-Peters,Southampton,DF,0.38457374555148915,Rotation,46.15
Danny Welbeck,Brighton,FW,0.3843842627114316,Rotation,46.13
Dwight McNeil,Everton,"MF,FW",0.3835740072202166,Rotation,46.03
Ashley Young,Everton,DF,0.3816288910938422,Rotation,45.8
Mario Lemina,Wolves,"MF,DF",0.381468110709988,Rotation,45.78
Jurriën Timber,Arsenal,DF,0.37967869110630414,Rotation,45.56
Ben Johnson,Ipswich Town,"DF,FW",0.37845968712394706,Rotation,45.42
Ezri Konsa,Aston Villa,DF,0.37811094868624706,Rotation,45.37
Dominic Solanke,Tottenham,FW,0.37792384886795816,Rotation,45.35
Cody Gakpo,Liverpool,FW,0.3773189956508766,Rotation,45.28
Emerson Palmieri,West Ham,DF,0.37706357513140665,Rotation,45.25
Matty Cash,Aston Villa,DF,0.37557929045933963,Rotation,45.07
Leif Davis,Ipswich Town,DF,0.3739801454155708,Rotation,44.88
Timothy Castagne,Fulham,DF,0.3739771315610535,Rotation,44.88
Andreas Pereira,Fulham,MF,0.37114668563857744,Rotation,44.54
İlkay Gündoğan,Manchester City,MF,0.3711857176462701,Rotation,44.54
Ethan Pinnock,Brentford,DF,0.3691020160316676,Rotation,44.29
Sepp van den Berg,Brentford,DF,0.36845857861479137,Rotation,44.22
Andrew Robertson,Liverpool,DF,0.36677936671485634,Rotation,44.01
Ibrahima Konaté,Liverpool,DF,0.3665105911206857,Rotation,43.98
Chris Richards,Crystal Palace,DF,0.365980809037621,Rotation,43.92
Leandro Trossard,Arsenal,FW,0.3643649569990977,Rotation,43.72
Noni Madueke,Chelsea,FW,0.3628434446838086,Rotation,43.54
Matthijs de Ligt,Manchester Utd,DF,0.3568087216361592,Rotation,42.82
Son Heung-min,Tottenham,FW,0.35683005718721267,Rotation,42.82
Jacob Greaves,Ipswich Town,DF,0.35623024868093867,Rotation,42.75
Jacob Murphy,Newcastle Utd,FW,0.3552085935197869,Rotation,42.63
Justin Kluivert,Bournemouth,MF,0.3544843746981429,Rotation,42.54
Malo Gusto,Chelsea,DF,0.35252039998860096,Rotation,42.3
Harry Maguire,Manchester Utd,DF,0.35137566878148485,Rotation,42.17
Jean-Clair Todibo,West Ham,DF,0.34962463926995996,Rotation,41.95
Matt Doherty,Wolves,DF,0.34751588997534566,Rotation,41.7
Adam Armstrong,Southampton,"FW,MF",0.34657039711191334,Rotation,41.59
Djed Spence,Tottenham,DF,0.34629434704382056,Rotation,41.56
Harvey Barnes,Newcastle Utd,FW,0.3442912987172687,Rotation,41.31
Elliot Anderson,Nott'ham Forest,MF,0.33400322416809325,Rotation,40.08
Hákon Valdimarsson,Brentford,GK,0.3327819371877052,Rotation,39.93
Lisandro Martínez,Manchester Utd,DF,0.33065626475086857,Rotation,39.68
Jack Clarke,Ipswich Town,"FW,MF",0.32641395908543924,Rotation,39.17
Omar Marmoush,Manchester City,"FW,MF",0.32460890493381467,Rotation,38.95
Joël Veltman,Brighton,DF,0.3238970269875353,Rotation,38.87
Harry Wilson,Fulham,"FW,MF",0.3206979542719615,Rotation,38.48
Dango Ouattara,Bournemouth,FW,0.31971165681497943,Rotation,38.37
Beto,Everton,FW,0.3161536875039102,Rotation,37.94
Leon Bailey,Aston Villa,"FW,MF",0.3137785800240674,Rotation,37.65
Altay Bayındır,Manchester Utd,GK,0.30857762479354706,Rotation,37.03
Iliman Ndiaye,Everton,FW,0.30415299555301284,Rotation,36.5
Simon Adingra,Brighton,"FW,MF",0.30114320096269553,Rotation,36.14
Joe Willock,Newcastle Utd,"MF,FW",0.29783393501805056,Backup,35.74
Marshall Munetsi,Wolves,"MF,FW",0.2954271961492178,Backup,35.45
Mateus Fernandes,Southampton,MF,0.29306916879545475,Backup,35.17
Rodrigo Muniz,Fulham,FW,0.2912220874873797,Backup,34.95
Reece James,Chelsea,"DF,MF",0.2909145607701564,Backup,34.91
Ryan Gravenberch,Liverpool,MF,0.29063590033661074,Backup,34.88
Gabriel Magalhães,Arsenal,DF,0.28706048350411195,Backup,34.45
Santiago Bueno,Wolves,DF,0.28571707074190095,Backup,34.29
Eddie Nketiah,Crystal Palace,"FW,MF",0.2821901323706378,Backup,33.86
Axel Tuanzebe,Ipswich Town,DF,0.2821638236722285,Backup,33.86
Rúben Dias,Manchester City,DF,0.27919242936134425,Backup,33.5
Ryan Christie,Bournemouth,MF,0.2788506488300512,Backup,33.46
Mats Wieffer,Brighton,"DF,MF",0.27647412755716005,Backup,33.18
Cristian Romero,Tottenham,DF,0.27591622305523583,Backup,33.11
Diogo Jota,Liverpool,FW,0.27061298146229057,Backup,32.47
Gonçalo Guedes,Wolves,"MF,FW",0.2704572803850782,Backup,32.45
Sammie Szmodics,Ipswich Town,"FW,MF",0.2695547533092659,Backup,32.35
Luke Thomas,Leicester City,DF,0.2657334578552968,Backup,31.89
Marcus Rashford,Manchester Utd,"FW,MF",0.26534296028880866,Backup,31.84
Kieran Trippier,Newcastle Utd,DF,0.2626469647876732,Backup,31.52
David Brooks,Bournemouth,"FW,MF",0.259927797833935,Backup,31.19
Álex Moreno,Nott'ham Forest,"DF,MF",0.2584235860409146,Backup,31.01
Cameron Burgess,Ipswich Town,DF,0.25778317458389854,Backup,30.93
Danny Ward,Leicester City,GK,0.2552379090642679,Backup,30.63
Mateo Kovačić,Manchester City,MF,0.2545683791018907,Backup,30.55
Ian Maatsen,Aston Villa,DF,0.2534701943306168,Backup,30.42
Emmanuel Agbadou,Wolves,DF,0.25343899466452247,Backup,30.41
Pedro Neto,Chelsea,FW,0.25292607596182143,Backup,30.35
Will Hughes,Crystal Palace,MF,0.25019997791918513,Backup,30.02
Wes Burns,Ipswich Town,"FW,DF",0.2496991576413959,Backup,29.96
Kristoffer Ajer,Brentford,DF,0.24230613035125845,Backup,29.08
Marcos Senesi,Bournemouth,DF,0.2422051814149174,Backup,29.06
Caleb Okoli,Leicester City,DF,0.24179436785267966,Backup,29.02
Ethan Nwaneri,Arsenal,"FW,MF",0.24037304452466907,Backup,28.84
Adam Smith,Bournemouth,DF,0.24020994315219918,Backup,28.83
Darwin Núñez,Liverpool,FW,0.23609253109782175,Backup,28.33
Sandro Tonali,Newcastle Utd,MF,0.2354090422647577,Backup,28.25
Jáder Durán,Aston Villa,FW,0.23470988725729042,Backup,28.17
Jake O'Brien,Everton,DF,0.23262335426054898,Backup,27.91
Julio Enciso,Ipswich Town,"MF,FW",0.2325511432009627,Backup,27.91
Jannik Vestergaard,Leicester City,DF,0.23080046845973168,Backup,27.7
Lewis Dunk,Brighton,DF,0.23077116230824127,Backup,27.69
Conor Chaplin,Ipswich Town,"MF,FW",0.22894103489771359,Backup,27.47
Leny Yoro,Manchester Utd,DF,0.22875427061859901,Backup,27.45
Trevoh Chalobah,Crystal Palace,DF,0.22870662525272706,Backup,27.44
Jack Stephens,Southampton,DF,0.22857180802948202,Backup,27.43
Jota Silva,Nott'ham Forest,"FW,MF",0.22803850782190133,Backup,27.36
Wilson Odobert,Tottenham,"FW,MF",0.22683513838748495,Backup,27.22
Emile Smith Rowe,Fulham,MF,0.22233645797950852,Backup,26.68
Dominic Calvert-Lewin,Everton,FW,0.2217771690336534,Backup,26.61
Christian Nørgaard,Brentford,MF,0.22151535192519747,Backup,26.58
Wilfred Ndidi,Leicester City,MF,0.2213970711518867,Backup,26.57
Ben Davies,Tottenham,DF,0.22122233861459578,Backup,26.55
Morato,Nott'ham Forest,DF,0.21905211007860922,Backup,26.29
Issa Diop,Fulham,DF,0.2181235274399168,Backup,26.17
Idrissa Gana Gueye,Everton,MF,0.217025134052754,Backup,26.04
Ben White,Arsenal,DF,0.21690079090782632,Backup,26.03
Pau Torres,Aston Villa,DF,0.21665345615638065,Backup,26.0
Manuel Akanji,Manchester City,DF,0.21654872662226438,Backup,25.99
Pablo Sarabia,Wolves,"MF,FW",0.21600481347773767,Backup,25.92
Rodrigo Gomes,Wolves,"DF,FW",0.2148014440433213,Backup,25.78
Tosin Adarabioyo,Chelsea,DF,0.21220559998052624,Backup,25.46
Christian Eriksen,Manchester Utd,MF,0.20949003809614755,Backup,25.14
Abdoulaye Doucouré,Everton,MF,0.20790030590935127,Backup,24.95
Crysencio Summerville,West Ham,"FW,MF",0.2075812274368231,Backup,24.91
Kostas Tsimikas,Liverpool,DF,0.20680194511113587,Backup,24.82
Michael Keane,Everton,DF,0.2061570069477492,Backup,24.74
Saša Lukić,Fulham,MF,0.20601455494950016,Backup,24.72
Yasin Ayari,Brighton,MF,0.20497382118257138,Backup,24.6
Rasmus Højlund,Manchester Utd,FW,0.20413041477278193,Backup,24.5
Luke Woolfenden,Ipswich Town,DF,0.2015854777209528,Backup,24.19
Conor Coady,Leicester City,DF,0.20158504575363523,Backup,24.19
Vitaly Janelt,Brentford,MF,0.2014899098970187,Backup,24.18
Carlos Alcaraz,Everton,"FW,MF",0.2009626955475331,Backup,24.12
Adam Wharton,Crystal Palace,MF,0.19596765595366183,Backup,23.52
Riccardo Calafiori,Arsenal,DF,0.1956800135451845,Backup,23.48
Wesley Fofana,Chelsea,DF,0.19290137671858612,Backup,23.15
Patson Daka,Leicester City,"FW,MF",0.19253910950661854,Backup,23.1
João Gomes,Wolves,MF,0.19205063323778251,Backup,23.05
Paul Onuachu,Southampton,FW,0.19056664240773508,Backup,22.87
Adam Webster,Brighton,DF,0.1889843787412439,Backup,22.68
Jack Grealish,Manchester City,"FW,MF",0.18802647412755716,Backup,22.56
Vladimír Coufal,West Ham,DF,0.18630855279159025,Backup,22.36
Radu Drăgușin,Tottenham,DF,0.18390536273255553,Backup,22.07
Nathan Broadhead,Ipswich Town,"MF,FW",0.18231046931407943,Backup,21.88
Jakub Kiwior,Arsenal,DF,0.18163506018151032,Backup,21.8
Christopher Nkunku,Chelsea,FW,0.18082975081028654,Backup,21.7
Jadon Sancho,Chelsea,FW,0.1782360859512787,Backup,21.39
Tyler Adams,Bournemouth,MF,0.17789356275010496,Backup,21.35
Brajan Gruda,Brighton,"MF,FW",0.17779783393501805,Backup,21.34
Sam Morsy,Ipswich Town,MF,0.17459100559539859,Backup,20.95
Matt O'Riley,Brighton,MF,0.17178953865480454,Backup,20.61
Oliver Scarles,West Ham,"DF,FW",0.17117930204572804,Backup,20.54
Hwang Hee-chan,Wolves,"MF,FW",0.16997593261131166,Backup,20.4
Carlos Baleba,Brighton,MF,0.16813721537542872,Backup,20.18
Myles Lewis-Skelly,Arsenal,DF,0.16623874370457534,Backup,19.95
James Bree,Southampton,DF,0.16558537294798226,Backup,19.87
Patrick Dorgu,Manchester Utd,DF,0.16531238466421616,Backup,19.84
Mads Roerslev,Brentford,DF,0.16284060075271,Backup,19.54
Trevoh Chalobah,Chelsea,DF,0.1616750585140293,Backup,19.4
Craig Dawson,Wolves,DF,0.1611151937099472,Backup,19.33
Kevin Danso,Tottenham,DF,0.16055095072795317,Backup,19.27
Stephy Mavididi,Leicester City,FW,0.16029538335727295,Backup,19.24
Harry Winks,Leicester City,MF,0.15957396645874591,Backup,19.15
Richarlison,Tottenham,FW,0.15902473205741346,Backup,19.08
Mathias Jensen,Brentford,MF,0.15808879798536762,Backup,18.97
Welington,Southampton,DF,0.15722340759494144,Backup,18.87
Conor Bradley,Liverpool,DF,0.15552777451158512,Backup,18.66
Tyrone Mings,Aston Villa,DF,0.1549279863674604,Backup,18.59
Aaron Cresswell,West Ham,DF,0.15423486235655134,Backup,18.51
Cameron Archer,Southampton,FW,0.1541762540224506,Backup,18.5
Micky van de Ven,Tottenham,DF,0.15336885832964686,Backup,18.4
James Ward-Prowse,West Ham,MF,0.15327896150755677,Backup,18.39
Pape Matar Sarr,Tottenham,MF,0.15256155051849596,Backup,18.31
Tomáš Souček,West Ham,MF,0.15171528509236062,Backup,18.21
Casemiro,Manchester Utd,MF,0.14826724774647937,Backup,17.79
James Hill,Bournemouth,DF,0.14554598854363235,Backup,17.47
Ryan Sessegnon,Fulham,"FW,DF",0.14560770156438027,Backup,17.47
Niclas Füllkrug,West Ham,FW,0.1451021132655238,Backup,17.41
Gabriel Jesus,Arsenal,FW,0.14282914575582975,Backup,17.14
Tariq Lamptey,Brighton,DF,0.14266745967361347,Backup,17.12
Daichi Kamada,Crystal Palace,MF,0.14017374779280362,Backup,16.82
Kyle Walker,Manchester City,DF,0.13664234915868262,Backup,16.4
Ryan Yates,Nott'ham Forest,MF,0.13624284675970144,Backup,16.35
Jarell Quansah,Liverpool,DF,0.1360745855815929,Backup,16.33
John Stones,Manchester City,"DF,MF",0.13598074608904934,Backup,16.32
Sander Berge,Fulham,MF,0.13599491968006872,Backup,16.32
André,Wolves,MF,0.134741720924212,Backup,16.17
Michael Kayode,Brentford,DF,0.1344780588221048,Backup,16.14
Mathys Tel,Tottenham,FW,0.133582088266083,Backup,16.03
Joe Gomez,Liverpool,DF,0.13226553269841718,Backup,15.87
Manuel Ugarte,Manchester Utd,MF,0.13204306249498537,Backup,15.85
Donyell Malen,Aston Villa,FW,0.12974228607968052,Backup,15.57
Oleksandr Zinchenko,Arsenal,"DF,MF",0.1296630565583634,Backup,15.56
Jack Harrison,Everton,FW,0.12952781710890002,Backup,15.54
Edson Álvarez,West Ham,MF,0.1278106829401167,Backup,15.34
Flynn Downes,Southampton,MF,0.1273189035721489,Backup,15.28
Nathan Wood-Gordon,Southampton,DF,0.12664507120687973,Backup,15.2
George Hirst,Ipswich Town,FW,0.1264205232814737,Backup,15.17
Timo Werner,Tottenham,"FW,MF",0.1263537906137184,Backup,15.16
Harvey Elliott,Liverpool,MF,0.12623276581731221,Backup,15.15
Kobbie Mainoo,Manchester Utd,MF,0.1254250318318866,Backup,15.05
Marco Asensio,Aston Villa,MF,0.12393404810505632,Backup,14.87
Yerson Mosquera,Wolves,DF,0.12338610525042648,Backup,14.81
Raheem Sterling,Arsenal,"FW,MF",0.12123947051744886,Backup,14.55
Lesley Ugochukwu,Southampton,MF,0.12087420119172973,Backup,14.5
Victor Lindelöf,Manchester Utd,DF,0.1206945162637715,Backup,14.48
Jens Cajuste,Ipswich Town,MF,0.11955464216844472,Backup,14.35
Marcus Rashford,Aston Villa,FW,0.11823869851546805,Backup,14.19
Igor,Brighton,DF,0.11660681367048539,Backup,13.99
Nathaniel Clyne,Crystal Palace,"DF,MF",0.1164259927797834,Backup,13.97
Lamare Bogarde,Aston Villa,"DF,MF",0.11432009626955475,Backup,13.72
Lucas Bergvall,Tottenham,MF,0.1143613481937449,Backup,13.72
Jaden Philogene Bidace,Ipswich Town,"FW,DF",0.11371841155234658,Backup,13.65
Sven Botman,Newcastle Utd,DF,0.11271530851403988,Backup,13.53
Nathan Aké,Manchester City,DF,0.1114338536037586,Backup,13.37
Boubakary Soumaré,Leicester City,MF,0.11121426116268335,Backup,13.35
Diego Carlos,Aston Villa,DF,0.1111653324045473,Backup,13.34
Jesper Lindstrøm,Everton,FW,0.10955163615332159,Backup,13.15
Fabio Carvalho,Brentford,"FW,MF",0.10800240673886884,Backup,12.96
Julian Araujo,Bournemouth,DF,0.10719945340158113,Backup,12.86
Abdukodir Khusanov,Manchester City,DF,0.1054014165348347,Backup,12.65
Nico O’Reilly,Manchester City,DF,0.10493328618805048,Backup,12.59
Rodrigo Bentancur,Tottenham,MF,0.10468647229521698,Backup,12.56
Tom Cairney,Fulham,MF,0.1024343495875317,Backup,12.29
Charlie Taylor,Southampton,DF,0.10215733153452894,Backup,12.26
Boubacar Kamara,Aston Villa,MF,0.10186590672429119,Backup,12.22
Axel Disasi,Aston Villa,DF,0.10159318098297655,Backup,12.19
Yehor Yarmoliuk,Brentford,MF,0.10146623495777374,Backup,12.18
Reiss Nelson,Fulham,FW,0.100177389830582,Backup,12.02
Ben Chilwell,Crystal Palace,DF,0.09916042936990171,Backup,11.9
Benoît Badiashile,Chelsea,DF,0.09843234258862515,Backup,11.81
Michail Antonio,West Ham,FW,0.09829492146704605,Backup,11.8
Kasey McAteer,Leicester City,FW,0.09750461847669109,Backup,11.7
Amadou Onana,Aston Villa,MF,0.09747906312264615,Backup,11.7
Ricardo Pereira,Leicester City,DF,0.09735551720293753,Backup,11.68
Alex Scott,Bournemouth,MF,0.09643489002265383,Backup,11.57
Roméo Lavia,Chelsea,MF,0.09507931316713214,Backup,11.41
Jorge Cuenca,Fulham,DF,0.09068619029017733,Backup,10.88
Conor Townsend,Ipswich Town,DF,0.09026991853738804,Backup,10.83
Armel Bella Kotchap,Southampton,DF,0.08974915007221758,Backup,10.77
Ross Barkley,Aston Villa,MF,0.08936322996314232,Backup,10.72
Adam Lallana,Southampton,MF,0.08899093655837775,Backup,10.68
Jonny Evans,Manchester Utd,DF,0.08886766524351186,Backup,10.66
Orel Mangala,Everton,MF,0.08711881216145484,Backup,10.45
Ferdi Kadioglu,Brighton,"DF,MF",0.08694344163658244,Backup,10.43
Justin Devenny,Crystal Palace,MF,0.08587177138328092,Backup,10.3
Bobby De Cordova-Reid,Leicester City,FW,0.0856996945598538,Backup,10.28
Guido Rodríguez,West Ham,MF,0.08517109891093208,Backup,10.22
Tommy Doyle,Wolves,MF,0.08489343249434676,Backup,10.19
Lloyd Kelly,Newcastle Utd,DF,0.08370902601267692,Backup,10.05
Yves Bissouma,Tottenham,MF,0.0836808664535217,Backup,10.04
Diego Gómez,Brighton,MF,0.08349092003418752,Backup,10.02
William Smallbone,Southampton,MF,0.08354158941082401,Backup,10.02
Emil Krafth,Newcastle Utd,DF,0.0830246954506837,Backup,9.96
Axel Disasi,Chelsea,DF,0.08241759992812181,Backup,9.89
João Félix,Chelsea,"FW,MF",0.08212996389891697,Backup,9.86
Taiwo Awoniyi,Nott'ham Forest,FW,0.08207567566084131,Backup,9.85
James Ward-Prowse,Nott'ham Forest,MF,0.07983120931132241,Backup,9.58
Nathan Patterson,Everton,DF,0.07972515265117208,Backup,9.57
Philip Billing,Bournemouth,MF,0.07960408244274877,Backup,9.55
Oliver Skipp,Leicester City,MF,0.07875554620425951,Backup,9.45
Sergio Reguilón,Tottenham,DF,0.07788865803749613,Backup,9.35
Harry Clarke,Ipswich Town,DF,0.07779151143703963,Backup,9.33
James Mcatee,Manchester City,"MF,FW",0.07611311672683514,Backup,9.13
Enes Ünal,Bournemouth,"FW,MF",0.07490974729241877,Backup,8.99
Harry Amass,Manchester Utd,DF,0.07424620493460063,Backup,8.91
Mason Mount,Manchester Utd,MF,0.07410833728851218,Backup,8.89
Ayden Heaven,Manchester Utd,DF,0.07305684585634223,Backup,8.77
Ibrahim Sangaré,Nott'ham Forest,MF,0.07301179236322258,Backup,8.76
Luke Shaw,Manchester Utd,DF,0.07256720168728004,Backup,8.71
Abdul Fatawu Issahaku,Leicester City,FW,0.0725922786138346,Backup,8.71
Jorginho,Arsenal,MF,0.07232895422410698,Backup,8.68
Tim Iroegbunam,Everton,MF,0.07165076394477496,Backup,8.6
Jaden Philogene Bidace,Aston Villa,"FW,MF",0.07099879663056559,Backup,8.52
Ben Mee,Brentford,DF,0.07045175108951499,Backup,8.45
Willy Boly,Nott'ham Forest,DF,0.07004780153361201,Backup,8.41
Harry Toffolo,Nott'ham Forest,DF,0.06980873611489619,Backup,8.38
Tyrique George,Chelsea,FW,0.06939404071903056,Backup,8.33
Romain Esse,Crystal Palace,MF,0.06933221887802446,Backup,8.32
Nicolás González,Manchester City,MF,0.06814400517606106,Backup,8.18
Woyo Coulibaly,Leicester City,DF,0.0671250428900225,Backup,8.06
Kalvin Phillips,Ipswich Town,MF,0.06682373792653548,Backup,8.02
Andrés García,Aston Villa,"DF,MF",0.06678700361010831,Backup,8.01
Sean Longstaff,Newcastle Utd,MF,0.0666489990782559,Backup,8.0
Daniel Jebbison,Bournemouth,FW,0.06651438739836482,Backup,7.98
Ross Stewart,Southampton,FW,0.06636284310870358,Backup,7.96
Jack Taylor,Ipswich Town,MF,0.06599156914426771,Backup,7.92
Joshua King,Fulham,MF,0.06490083675123559,Backup,7.79
Evan Ferguson,Brighton,FW,0.06386284663356098,Backup,7.66
Tyler Fredricson,Manchester Utd,DF,0.06348006370361045,Backup,7.62
Ryan Fraser,Southampton,"FW,DF",0.0631768953068592,Backup,7.58
William Osula,Newcastle Utd,FW,0.06279029653812634,Backup,7.53
Séamus Coleman,Everton,DF,0.060709814365957016,Backup,7.29
Ramón Sosa,Nott'ham Forest,"FW,MF",0.0598676293622142,Backup,7.18
Julio Enciso,Brighton,"MF,FW",0.05956678700361011,Backup,7.15
Federico Chiesa,Liverpool,FW,0.05923894697360402,Backup,7.11
Rico Henry,Brentford,DF,0.05780851256271333,Backup,6.94
Joshua Acheampong,Chelsea,DF,0.057204439110410926,Backup,6.86
Danny Ings,West Ham,"FW,MF",0.056558363417569195,Backup,6.79
Danilo,Nott'ham Forest,"MF,FW",0.05385078219013237,Backup,6.46
Wataru Endo,Liverpool,"MF,DF",0.05324909747292419,Backup,6.39
Miguel Almirón,Newcastle Utd,FW,0.05304110179328862,Backup,6.36
Kosta Nedeljković,Aston Villa,DF,0.05287462424815944,Backup,6.34
Lewis Miley,Newcastle Utd,MF,0.05272471686615489,Backup,6.33
Callum Wilson,Newcastle Utd,FW,0.05201347118082047,Backup,6.24
Jahmai Simpson-Pusey,Manchester City,DF,0.05120633479467583,Backup,6.14
James Milner,Brighton,MF,0.051168303983261235,Backup,6.14
Kiernan Dewsbury-Hall,Chelsea,"MF,FW",0.05054151624548736,Backup,6.06
Harrison Reed,Fulham,MF,0.04939798530742688,Backup,5.93
Kieran Tierney,Arsenal,"DF,FW",0.04903730445246691,Backup,5.88
Mikey Moore,Tottenham,FW,0.04859207547792508,Backup,5.83
Mykhailo Mudryk,Chelsea,FW,0.04843513410563621,Backup,5.81
Willian,Fulham,"FW,MF",0.04843561973525872,Backup,5.81
Toby Collyer,Manchester Utd,MF,0.04773535611030218,Backup,5.73
Tyrell Malacia,Manchester Utd,DF,0.04770328023085785,Backup,5.72
Cheick Doucouré,Crystal Palace,MF,0.04705556206951717,Backup,5.65
Ben Godfrey,Ipswich Town,DF,0.047048590160197766,Backup,5.65
Ben Brereton,Southampton,FW,0.04692128897836568,Backup,5.63
Evan Ferguson,West Ham,FW,0.0465605839067406,Backup,5.59
Andy Irving,West Ham,MF,0.043863368851309634,Backup,5.26
Chidozie Obi-Martin,Manchester Utd,FW,0.04338167836457832,Backup,5.21
Carlos Forbs,Wolves,"MF,FW",0.04302045728038508,Backup,5.16
Armando Broja,Everton,FW,0.04211456560253261,Backup,5.05
Luis Sinisterra,Bournemouth,"FW,MF",0.0421179302045728,Backup,5.05
Billy Gilmour,Brighton,MF,0.035870454051662615,Backup,4.3
Ali Al Hamadi,Ipswich Town,FW,0.03081245436517623,Backup,3.7
Chiedozie Ogbene,Ipswich Town,FW,0.029995882248965124,Backup,3.6
Massimo Luongo,Ipswich Town,MF,0.029439323885547555,Backup,3.53
Renato Veiga,Chelsea,"DF,MF",0.025571600481347774,Backup,3.07
Thiago,Brentford,"FW,MF",0.023766546329723224,Backup,2.85
Solly March,Brighton,"FW,MF",0.021660649819494584,Backup,2.6
Luis Guilherme,West Ham,"MF,FW",0.016245487364620937,Backup,1.95
Albert Grønbaek,Southampton,"FW,MF",0.014139590854392299,Backup,1.7
Antony,Manchester Utd,"DF,MF",0.013537906137184115,Backup,1.62
Jay Robinson,Southampton,"MF,FW",0.01233453670276775,Backup,1.48
Hamza Choudhury,Leicester City,"MF,DF",0.0105294825511432,Backup,1.26
Edmond-Paris Maghoma,Brentford,"MF,FW",0.0069193742478941035,Backup,0.83
Odsonne Édouard,Crystal Palace,"MF,FW",0.005716004813477738,Backup,0.69
Jeremy Monga,Leicester City,"FW,MF",0.0048134777376654635,Backup,0.58
Jeffrey Schlupp,Crystal Palace,"MF,DF",0.00210589651022864,Backup,0.25
Emi Buendía,Aston Villa,"MF,FW",0.0006016847172081829,Backup,0.07
