player_name,nation,position,club,age,matches_played,starts,minutes,ninety_mins,goals,assists,goals_plus_assists,goals_minus_pk,penalties_scored,penalties_attempted,yellow_cards,red_cards,xG,npxG,xAG,npxG_plus_xAG,progressive_carries,progressive_passes,progressive_receptions,goals_per90,assists_per90,g_plus_a_per90,g_minus_pk_per90,g_plus_a_minus_pk_per90,xG_per90,xAG_per90,xG_plus_xAG_per90,npxG_per90,npxG_plus_xAG_per90
Brenden Aaronson,us USA,FW,Leeds United,25-010,9,6,548,6.1,1,0,1,1,0,0,1,0,1.6,1.6,1.0,2.7,16,19,32,0.16,0.0,0.16,0.16,0.16,0.27,0.17,0.44,0.27,0.44
Joshua Acheampong,eng ENG,DF,Chelsea,19-180,5,4,349,3.9,1,0,1,1,0,0,0,0,0.6,0.6,0.0,0.6,4,11,0,0.26,0.0,0.26,0.26,0.26,0.16,0.0,0.16,0.16,0.16
Tyler Adams,us USA,MF,Bournemouth,26-260,9,9,783,8.7,0,1,1,0,0,0,4,0,0.1,0.1,0.1,0.2,4,38,6,0.0,0.11,0.11,0.0,0.11,0.02,0.01,0.03,0.02,0.03
Tosin Adarabioyo,eng ENG,DF,Chelsea,28-038,6,3,379,4.2,0,0,0,0,0,0,1,0,0.0,0.0,0.0,0.0,2,15,0,0.0,0.0,0.0,0.0,0.0,0.01,0.0,0.01,0.01,0.01
Simon Adingra,ci CIV,FW,Sunderland,23-304,6,4,273,3.0,0,0,0,0,0,0,1,0,0.1,0.1,0.6,0.7,6,2,33,0.0,0.0,0.0,0.0,0.0,0.05,0.2,0.24,0.05,0.24
Amine Adli,ma MAR,"FW,MF",Bournemouth,25-175,7,1,189,2.1,0,0,0,0,0,0,0,0,0.1,0.1,0.2,0.3,5,5,19,0.0,0.0,0.0,0.0,0.0,0.05,0.08,0.13,0.05,0.13
Emmanuel Agbadou,ci CIV,DF,Wolves,28-137,7,5,526,5.8,0,0,0,0,0,0,0,0,0.4,0.4,0.1,0.5,3,26,5,0.0,0.0,0.0,0.0,0.0,0.07,0.02,0.09,0.07,0.09
Nayef Aguerd,ma MAR,DF,West Ham,29-216,2,2,180,2.0,0,0,0,0,0,0,0,0,0.1,0.1,0.0,0.1,2,9,0,0.0,0.0,0.0,0.0,0.0,0.05,0.0,0.05,0.05,0.05
Ola Aina,ng NGA,DF,Nott'ham Forest,29-024,3,3,270,3.0,0,0,0,0,0,0,1,0,0.0,0.0,0.1,0.2,5,11,8,0.0,0.0,0.0,0.0,0.0,0.01,0.05,0.06,0.01,0.06
Rayan Aït-Nouri,dz ALG,DF,Manchester City,24-148,3,3,202,2.2,0,0,0,0,0,0,1,0,0.0,0.0,0.2,0.2,6,7,8,0.0,0.0,0.0,0.0,0.0,0.02,0.09,0.11,0.02,0.11
Kristoffer Ajer,no NOR,DF,Brentford,27-198,6,3,299,3.3,0,1,1,0,0,0,0,0,0.4,0.4,0.7,1.1,3,12,3,0.0,0.3,0.3,0.0,0.3,0.12,0.2,0.32,0.12,0.32
Nathan Aké,nl NED,DF,Manchester City,30-256,5,1,205,2.3,0,0,0,0,0,0,0,0,0.3,0.3,0.1,0.4,4,20,2,0.0,0.0,0.0,0.0,0.0,0.12,0.04,0.16,0.12,0.16
Carlos Alcaraz,ar ARG,"FW,MF",Everton,22-336,7,2,239,2.7,0,0,0,0,0,0,1,0,0.2,0.2,0.0,0.3,2,5,12,0.0,0.0,0.0,0.0,0.0,0.09,0.01,0.1,0.09,0.1
Omar Alderete,py PAR,DF,Sunderland,28-310,8,7,668,7.4,1,1,2,1,0,0,1,0,0.6,0.6,0.1,0.7,10,31,2,0.13,0.13,0.27,0.13,0.27,0.08,0.01,0.09,0.08,0.09
Alisson,br BRA,GK,Liverpool,33-030,6,6,540,6.0,0,0,0,0,0,0,0,0,0.0,0.0,0.0,0.0,0,4,0,0.0,0.0,0.0,0.0,0.0,0.0,0.0,0.0,0.0,0.0
Ethan Ampadu,wls WAL,MF,Leeds United,25-048,7,7,607,6.7,0,0,0,0,0,0,2,0,0.4,0.4,0.1,0.5,11,26,7,0.0,0.0,0.0,0.0,0.0,0.06,0.01,0.07,0.06,0.07
Joachim Andersen,dk DEN,DF,Fulham,29-154,8,8,671,7.5,0,0,0,0,0,0,0,0,0.4,0.4,0.7,1.1,7,28,3,0.0,0.0,0.0,0.0,0.0,0.06,0.09,0.15,0.06,0.15
Elliot Anderson,eng ENG,MF,Nott'ham Forest,22-360,9,9,810,9.0,0,1,1,0,0,0,2,0,0.6,0.6,1.5,2.1,12,78,26,0.0,0.11,0.11,0.0,0.11,0.07,0.17,0.23,0.07,0.23
André,br BRA,MF,Wolves,24-108,9,7,600,6.7,0,0,0,0,0,0,2,0,0.0,0.0,0.1,0.1,7,25,3,0.0,0.0,0.0,0.0,0.0,0.0,0.01,0.02,0.0,0.02
Jaidon Anthony,eng ENG,"MF,FW",Burnley,25-335,9,9,745,8.3,4,1,5,4,0,0,3,0,2.1,2.1,0.4,2.5,17,12,37,0.48,0.12,0.6,0.48,0.6,0.26,0.05,0.3,0.26,0.3
Alphonse Areola,fr FRA,GK,West Ham,32-247,5,5,450,5.0,0,0,0,0,0,0,0,0,0.0,0.0,0.0,0.0,0,0,0,0.0,0.0,0.0,0.0,0.0,0.0,0.0,0.0,0.0,0.0
Jhon Arias,co COL,FW,Wolves,28-041,9,6,502,5.6,0,0,0,0,0,0,0,0,1.0,1.0,0.5,1.5,9,18,28,0.0,0.0,0.0,0.0,0.0,0.19,0.08,0.27,0.19,0.27
Tolu Arokodare,ng NGA,FW,Wolves,24-343,6,2,184,2.0,0,0,0,0,0,0,0,0,0.3,0.3,0.1,0.5,1,0,9,0.0,0.0,0.0,0.0,0.0,0.17,0.07,0.23,0.17,0.23
Yasin Ayari,se SWE,MF,Brighton,22-026,9,7,693,7.7,1,0,1,1,0,0,0,0,0.6,0.6,0.3,0.9,7,26,13,0.13,0.0,0.13,0.13,0.13,0.08,0.04,0.12,0.08,0.12
Dilane Bakwa,fr FRA,"FW,MF",Nott'ham Forest,23-067,4,2,174,1.9,0,0,0,0,0,0,0,0,0.1,0.1,0.4,0.5,6,9,22,0.0,0.0,0.0,0.0,0.0,0.07,0.2,0.27,0.07,0.27
Carlos Baleba,cm CMR,MF,Brighton,21-302,9,8,481,5.3,0,0,0,0,0,0,3,0,0.1,0.1,0.0,0.2,6,10,5,0.0,0.0,0.0,0.0,0.0,0.02,0.01,0.03,0.02,0.03
Daniel Ballard,nir NIR,DF,Sunderland,26-040,7,4,402,4.5,1,0,1,1,0,0,0,0,0.6,0.6,0.6,1.2,1,7,2,0.22,0.0,0.22,0.22,0.22,0.13,0.14,0.27,0.13,0.27
Harvey Barnes,eng ENG,FW,Newcastle Utd,27-327,9,3,368,4.1,0,0,0,0,0,0,0,0,0.9,0.9,0.8,1.8,17,16,40,0.0,0.0,0.0,0.0,0.0,0.23,0.21,0.43,0.23,0.43
Thierno Barry,fr FRA,FW,Everton,23-011,9,2,252,2.8,0,0,0,0,0,0,0,0,0.5,0.5,0.0,0.5,2,2,15,0.0,0.0,0.0,0.0,0.0,0.18,0.01,0.18,0.18,0.18
Calvin Bassey,ng NGA,DF,Fulham,25-305,9,8,729,8.1,0,0,0,0,0,0,2,0,0.2,0.2,0.0,0.2,10,20,2,0.0,0.0,0.0,0.0,0.0,0.02,0.0,0.02,0.02,0.02
Altay Bayındır,tr TUR,GK,Manchester Utd,27-201,6,6,540,6.0,0,0,0,0,0,0,0,0,0.0,0.0,0.2,0.2,0,0,0,0.0,0.0,0.0,0.0,0.0,0.0,0.04,0.04,0.0,0.04
Jean-Ricner Bellegarde,ht HAI,"MF,FW",Wolves,27-127,8,4,345,3.8,0,0,0,0,0,0,1,0,0.3,0.3,0.3,0.6,13,22,11,0.0,0.0,0.0,0.0,0.0,0.07,0.08,0.14,0.07,0.14
Rodrigo Bentancur,uy URU,MF,Tottenham,28-129,8,7,586,6.5,1,1,2,1,0,0,0,0,0.3,0.3,0.5,0.9,3,25,11,0.15,0.15,0.31,0.15,0.31,0.05,0.08,0.13,0.05,0.13
Sander Berge,no NOR,MF,Fulham,27-260,9,9,778,8.6,0,0,0,0,0,0,1,0,0.4,0.4,0.4,0.9,11,42,4,0.0,0.0,0.0,0.0,0.0,0.05,0.05,0.1,0.05,0.1
Lucas Bergvall,se SWE,MF,Tottenham,19-272,8,4,407,4.5,1,1,2,1,0,0,1,0,0.6,0.6,0.3,0.8,9,20,24,0.22,0.22,0.44,0.22,0.44,0.12,0.06,0.18,0.12,0.18
Beto,gw GNB,FW,Everton,27-274,9,7,563,6.3,1,0,1,1,0,0,1,0,3.9,3.9,0.4,4.3,2,2,25,0.16,0.0,0.16,0.16,0.16,0.63,0.06,0.69,0.63,0.69
Marco Bizot,nl NED,GK,Aston Villa,34-236,2,2,180,2.0,0,0,0,0,0,0,1,0,0.0,0.0,0.0,0.0,0,1,0,0.0,0.0,0.0,0.0,0.0,0.0,0.0,0.0,0.0,0.0
Oscar Bobb,no NOR,"MF,FW",Manchester City,22-112,8,5,454,5.0,0,1,1,0,0,0,0,0,0.4,0.4,0.6,1.0,16,17,52,0.0,0.2,0.2,0.0,0.2,0.07,0.13,0.2,0.07,0.2
Lamare Bogarde,nl NED,MF,Aston Villa,21-300,6,3,281,3.1,0,0,0,0,0,0,1,0,0.0,0.0,0.0,0.0,3,8,2,0.0,0.0,0.0,0.0,0.0,0.0,0.01,0.01,0.0,0.01
Jayden Bogle,eng ENG,DF,Leeds United,25-097,9,9,792,8.8,0,0,0,0,0,0,2,0,0.7,0.7,0.2,0.9,22,23,40,0.0,0.0,0.0,0.0,0.0,0.08,0.02,0.1,0.08,0.1
Sven Botman,nl NED,DF,Newcastle Utd,25-293,7,6,488,5.4,0,0,0,0,0,0,0,0,0.1,0.1,0.5,0.7,0,12,0,0.0,0.0,0.0,0.0,0.0,0.02,0.1,0.12,0.02,0.12
Jarrod Bowen,eng ENG,"FW,MF",West Ham,28-316,9,9,810,9.0,3,1,4,3,0,0,0,0,1.0,1.0,1.4,2.4,27,18,67,0.33,0.11,0.44,0.33,0.44,0.12,0.15,0.27,0.12,0.27
Conor Bradley,nir NIR,DF,Liverpool,22-115,7,5,358,4.0,0,0,0,0,0,0,3,0,0.1,0.1,0.0,0.1,14,19,17,0.0,0.0,0.0,0.0,0.0,0.02,0.01,0.02,0.02,0.02
David Brooks,wls WAL,"FW,MF",Bournemouth,28-116,8,6,476,5.3,0,1,1,0,0,0,3,0,0.9,0.9,1.4,2.4,16,17,50,0.0,0.19,0.19,0.0,0.19,0.18,0.27,0.44,0.18,0.44
Jacob Bruun Larsen,dk DEN,"FW,MF",Burnley,27-043,7,4,363,4.0,0,1,1,0,0,0,0,0,0.1,0.1,0.6,0.7,5,6,26,0.0,0.25,0.25,0.0,0.25,0.03,0.15,0.18,0.03,0.18
Emi Buendía,ar ARG,"FW,MF",Aston Villa,28-311,8,3,357,4.0,2,2,4,2,0,0,2,0,0.7,0.7,0.5,1.2,12,24,13,0.5,0.5,1.01,0.5,1.01,0.18,0.12,0.3,0.18,0.3
Hugo Bueno,es ESP,"DF,MF",Wolves,23-044,9,6,614,6.8,0,0,0,0,0,0,1,0,0.2,0.2,1.0,1.2,24,16,42,0.0,0.0,0.0,0.0,0.0,0.03,0.15,0.18,0.03,0.18
Santiago Bueno,uy URU,DF,Wolves,26-357,6,5,485,5.4,1,0,1,1,0,0,1,0,0.8,0.8,0.1,0.9,4,19,1,0.19,0.0,0.19,0.19,0.19,0.15,0.01,0.16,0.15,0.16
Dan Burn,eng ENG,DF,Newcastle Utd,33-176,9,9,810,9.0,0,1,1,0,0,0,3,0,0.1,0.1,0.1,0.2,3,26,11,0.0,0.11,0.11,0.0,0.11,0.01,0.01,0.02,0.01,0.02
Moisés Caicedo,ec ECU,MF,Chelsea,23-364,9,8,765,8.5,3,0,3,3,0,0,1,0,0.6,0.6,0.1,0.7,6,49,6,0.35,0.0,0.35,0.35,0.35,0.07,0.02,0.08,0.07,0.08
Tom Cairney,sct SCO,MF,Fulham,34-285,6,1,184,2.0,0,0,0,0,0,0,1,0,0.3,0.3,0.0,0.3,2,12,3,0.0,0.0,0.0,0.0,0.0,0.15,0.01,0.16,0.15,0.16
Riccardo Calafiori,it ITA,DF,Arsenal,23-166,9,9,695,7.7,1,2,3,1,0,0,3,0,1.9,1.9,0.5,2.4,16,30,31,0.13,0.26,0.39,0.13,0.39,0.25,0.06,0.31,0.25,0.31
Dominic Calvert-Lewin,eng ENG,FW,Leeds United,28-230,7,6,533,5.9,1,0,1,1,0,0,0,0,1.8,1.8,0.9,2.7,6,7,26,0.17,0.0,0.17,0.17,0.17,0.3,0.15,0.45,0.3,0.45
Fabio Carvalho,pt POR,"FW,MF",Brentford,23-063,5,1,97,1.1,1,0,1,1,0,0,0,0,0.7,0.7,0.0,0.7,2,2,5,0.93,0.0,0.93,0.93,0.93,0.65,0.0,0.65,0.65,0.65
Casemiro,br BRA,MF,Manchester Utd,33-251,8,7,453,5.0,2,1,3,2,0,0,5,1,1.1,1.1,0.3,1.3,0,24,8,0.4,0.2,0.6,0.4,0.6,0.21,0.05,0.26,0.21,0.26
Matty Cash,pl POL,DF,Aston Villa,28-086,9,9,786,8.7,2,0,2,2,0,0,2,0,0.2,0.2,0.6,0.8,13,35,38,0.23,0.0,0.23,0.23,0.23,0.02,0.07,0.09,0.02,0.09
Timothy Castagne,be BEL,"DF,FW",Fulham,29-331,7,5,398,4.4,0,0,0,0,0,0,0,0,0.4,0.4,0.2,0.6,5,9,20,0.0,0.0,0.0,0.0,0.0,0.1,0.04,0.13,0.1,0.13
Trevoh Chalobah,eng ENG,DF,Chelsea,26-119,8,8,660,7.3,2,0,2,2,0,0,1,1,0.7,0.7,0.1,0.8,9,29,0,0.27,0.0,0.27,0.27,0.27,0.1,0.01,0.11,0.1,0.11
Rayan Cherki,fr FRA,"MF,FW",Manchester City,22-076,4,1,92,1.0,1,0,1,1,0,0,0,0,0.3,0.3,0.9,1.1,3,9,5,0.98,0.0,0.98,0.98,0.98,0.26,0.85,1.11,0.26,1.11
Federico Chiesa,it ITA,"FW,MF",Liverpool,28-007,7,0,117,1.3,2,1,3,2,0,0,1,0,0.9,0.9,0.9,1.8,3,6,11,1.54,0.77,2.31,1.54,2.31,0.66,0.71,1.38,0.66,1.38
Ryan Christie,sct SCO,MF,Bournemouth,30-252,7,1,188,2.1,1,0,1,1,0,0,1,0,0.8,0.8,0.0,0.9,4,12,6,0.48,0.0,0.48,0.48,0.48,0.41,0.01,0.42,0.41,0.42
Nathan Collins,ie IRL,DF,Brentford,24-185,9,9,810,9.0,0,0,0,0,0,0,3,0,0.3,0.3,0.5,0.8,2,17,1,0.0,0.0,0.0,0.0,0.0,0.03,0.06,0.09,0.03,0.09
Marc Cucurella,es ESP,DF,Chelsea,27-102,9,8,716,8.0,0,2,2,0,0,0,2,0,0.4,0.4,1.5,1.9,15,33,31,0.0,0.25,0.25,0.0,0.25,0.04,0.19,0.23,0.04,0.23
Jorge Cuenca,es ESP,DF,Fulham,25-349,3,2,169,1.9,0,0,0,0,0,0,0,0,0.0,0.0,0.0,0.0,0,2,0,0.0,0.0,0.0,0.0,0.0,0.0,0.0,0.0,0.0,0.0
Josh Cullen,ie IRL,MF,Burnley,29-208,9,9,770,8.6,1,1,2,1,0,0,0,0,0.2,0.2,0.8,1.0,2,43,5,0.12,0.12,0.23,0.12,0.23,0.02,0.09,0.12,0.02,0.12
Matheus Cunha,br BRA,"MF,FW",Manchester Utd,26-158,8,6,522,5.8,1,0,1,1,0,0,0,0,1.5,1.5,0.5,1.9,16,22,26,0.17,0.0,0.17,0.17,0.17,0.25,0.08,0.33,0.25,0.33
Diogo Dalot,pt POR,DF,Manchester Utd,26-228,7,6,516,5.7,0,1,1,0,0,0,0,0,0.1,0.1,1.0,1.1,15,15,35,0.0,0.17,0.17,0.0,0.17,0.01,0.18,0.19,0.01,0.19
Mikkel Damsgaard,dk DEN,MF,Brentford,25-121,7,7,566,6.3,1,1,2,1,0,0,0,0,0.4,0.4,1.4,1.8,15,27,25,0.16,0.16,0.32,0.16,0.32,0.06,0.22,0.28,0.06,0.28
Kevin Danso,at AUT,DF,Tottenham,27-043,5,2,198,2.2,0,0,0,0,0,0,1,0,0.0,0.0,0.0,0.0,1,7,0,0.0,0.0,0.0,0.0,0.0,0.0,0.0,0.0,0.0,0.0
Karl Darlow,wls WAL,GK,Leeds United,35-024,5,5,450,5.0,0,0,0,0,0,0,0,0,0.0,0.0,0.0,0.0,0,1,0,0.0,0.0,0.0,0.0,0.0,0.0,0.0,0.0,0.0,0.0
Maxim De Cuyper,be BEL,DF,Brighton,24-314,8,5,409,4.5,1,0,1,1,0,0,1,0,0.7,0.7,0.4,1.1,4,19,13,0.22,0.0,0.22,0.22,0.22,0.16,0.08,0.24,0.16,0.24
Liam Delap,eng ENG,FW,Chelsea,22-266,3,2,92,1.0,0,0,0,0,0,0,0,0,0.2,0.2,0.0,0.2,2,3,4,0.0,0.0,0.0,0.0,0.0,0.22,0.0,0.22,0.22,0.22
Sepp van den Berg,nl NED,DF,Brentford,23-316,9,9,810,9.0,0,0,0,0,0,0,0,0,1.0,1.0,0.1,1.1,3,17,6,0.0,0.0,0.0,0.0,0.0,0.11,0.01,0.12,0.11,0.12
Justin Devenny,nir NIR,"MF,FW",Crystal Palace,22-021,7,1,149,1.7,0,0,0,0,0,0,0,0,0.4,0.4,0.1,0.5,5,5,9,0.0,0.0,0.0,0.0,0.0,0.26,0.07,0.33,0.26,0.33
Kiernan Dewsbury-Hall,eng ENG,MF,Everton,27-056,8,8,715,7.9,1,1,2,1,0,0,5,0,0.6,0.6,2.2,2.8,12,44,28,0.13,0.13,0.25,0.13,0.25,0.08,0.28,0.35,0.08,0.35
Bafodé Diakité,fr FRA,DF,Bournemouth,24-299,7,7,630,7.0,0,0,0,0,0,0,1,0,0.0,0.0,0.1,0.1,1,19,2,0.0,0.0,0.0,0.0,0.0,0.0,0.02,0.02,0.0,0.02
Amad Diallo,ci CIV,"DF,MF",Manchester Utd,23-113,8,7,574,6.4,0,1,1,0,0,0,1,0,1.9,1.9,1.2,3.1,37,27,47,0.0,0.16,0.16,0.0,0.16,0.3,0.19,0.49,0.3,0.49
Habib Diarra,sn SEN,MF,Sunderland,21-302,4,4,345,3.8,0,0,0,0,0,0,1,0,0.6,0.6,0.0,0.6,10,13,17,0.0,0.0,0.0,0.0,0.0,0.15,0.01,0.16,0.15,0.16
Rúben Dias,pt POR,DF,Manchester City,28-171,9,8,726,8.1,0,0,0,0,0,0,0,0,0.1,0.1,0.0,0.2,9,29,0,0.0,0.0,0.0,0.0,0.0,0.02,0.0,0.02,0.02,0.02
Lucas Digne,fr FRA,DF,Aston Villa,32-104,9,8,654,7.3,0,2,2,0,0,0,2,0,0.3,0.3,0.7,1.0,10,14,52,0.0,0.28,0.28,0.0,0.28,0.04,0.1,0.14,0.04,0.14
Issa Diop,fr FRA,DF,Fulham,28-296,3,2,224,2.5,0,0,0,0,0,0,1,0,0.0,0.0,0.0,0.0,1,7,0,0.0,0.0,0.0,0.0,0.0,0.0,0.0,0.0,0.0,0.0
El Hadji Malick Diouf,sn SEN,DF,West Ham,20-308,9,8,765,8.5,0,3,3,0,0,0,1,0,0.2,0.2,0.7,1.0,12,26,38,0.0,0.35,0.35,0.0,0.35,0.03,0.09,0.11,0.03,0.11
Matt Doherty,ie IRL,DF,Wolves,33-289,4,4,291,3.2,0,0,0,0,0,0,3,0,0.1,0.1,0.1,0.1,1,9,3,0.0,0.0,0.0,0.0,0.0,0.02,0.02,0.04,0.02,0.04
Jeremy Doku,be BEL,"MF,FW",Manchester City,23-158,9,5,476,5.3,0,3,3,0,0,0,0,0,0.9,0.9,2.6,3.5,61,22,70,0.0,0.57,0.57,0.0,0.57,0.18,0.48,0.66,0.18,0.66
Gianluigi Donnarumma,it ITA,GK,Manchester City,26-249,6,6,540,6.0,0,0,0,0,0,0,1,0,0.0,0.0,0.0,0.0,0,0,0,0.0,0.0,0.0,0.0,0.0,0.0,0.0,0.0,0.0,0.0
Patrick Dorgu,dk DEN,DF,Manchester Utd,21-006,8,5,524,5.8,0,1,1,0,0,0,3,0,0.2,0.2,0.9,1.1,17,8,44,0.0,0.17,0.17,0.0,0.17,0.04,0.15,0.19,0.04,0.19
Martin Dúbravka,sk SVK,GK,Burnley,36-290,9,9,810,9.0,0,0,0,0,0,0,0,0,0.0,0.0,0.0,0.0,0,0,0,0.0,0.0,0.0,0.0,0.0,0.0,0.0,0.0,0.0,0.0
Lewis Dunk,eng ENG,DF,Brighton,33-345,9,9,810,9.0,0,0,0,0,0,0,3,0,0.6,0.6,0.0,0.6,4,29,1,0.0,0.0,0.0,0.0,0.0,0.06,0.0,0.07,0.06,0.07
Hjalmar Ekdal,se SWE,DF,Burnley,27-011,7,6,533,5.9,0,0,0,0,0,0,0,0,0.2,0.2,0.1,0.3,1,6,0,0.0,0.0,0.0,0.0,0.0,0.03,0.02,0.06,0.03,0.06
Hugo Ekitike,fr FRA,FW,Liverpool,23-134,8,6,501,5.6,3,1,4,3,0,0,0,0,2.3,2.3,0.4,2.8,8,9,29,0.54,0.18,0.72,0.54,0.72,0.42,0.08,0.5,0.42,0.5
Anthony Elanga,se SWE,"FW,MF",Newcastle Utd,23-188,9,4,389,4.3,0,0,0,0,0,0,0,0,0.8,0.8,0.6,1.3,17,6,56,0.0,0.0,0.0,0.0,0.0,0.18,0.13,0.31,0.18,0.31
Harvey Elliott,eng ENG,"MF,FW",Aston Villa,22-211,3,1,98,1.1,0,0,0,0,0,0,0,0,0.2,0.2,0.0,0.2,3,5,11,0.0,0.0,0.0,0.0,0.0,0.17,0.0,0.17,0.17,0.17
Maxime Estève,fr FRA,DF,Burnley,23-159,9,9,801,8.9,0,0,0,0,0,0,0,0,0.2,0.2,0.1,0.3,2,17,0,0.0,0.0,0.0,0.0,0.0,0.02,0.01,0.03,0.02,0.03
Evanilson,br BRA,FW,Bournemouth,26-026,7,7,616,6.8,1,0,1,1,0,0,1,0,1.3,1.3,0.8,2.0,4,7,21,0.15,0.0,0.15,0.15,0.15,0.18,0.11,0.3,0.18,0.3
Eberechi Eze,eng ENG,"MF,FW",Arsenal,27-125,7,5,460,5.1,1,2,3,1,0,0,0,0,1.2,1.2,0.8,1.9,13,25,32,0.2,0.39,0.59,0.2,0.59,0.23,0.15,0.38,0.23,0.38
Bruno Fernandes,pt POR,MF,Manchester Utd,31-054,9,9,800,8.9,2,1,3,1,1,3,2,0,4.3,1.9,2.0,3.9,14,72,27,0.23,0.11,0.34,0.11,0.23,0.48,0.22,0.71,0.22,0.44
Mateus Fernandes,pt POR,"MF,FW",West Ham,21-114,7,6,469,5.2,1,0,1,1,0,0,0,0,0.3,0.3,0.6,0.8,7,15,7,0.19,0.0,0.19,0.19,0.19,0.05,0.11,0.15,0.05,0.15
Enzo Fernández,ar ARG,MF,Chelsea,24-288,8,8,708,7.9,3,1,4,2,1,1,1,0,3.9,3.1,1.1,4.2,10,56,35,0.38,0.13,0.51,0.25,0.38,0.49,0.15,0.64,0.39,0.54
Zian Flemming,nl NED,"FW,MF",Burnley,27-092,6,2,202,2.2,2,0,2,2,0,0,0,0,0.9,0.9,0.2,1.1,1,1,8,0.89,0.0,0.89,0.89,0.89,0.4,0.08,0.48,0.4,0.48
Phil Foden,eng ENG,MF,Manchester City,25-157,7,6,533,5.9,1,0,1,1,0,0,2,0,1.1,1.1,1.0,2.1,11,31,33,0.17,0.0,0.17,0.17,0.17,0.18,0.17,0.35,0.18,0.35
Wesley Fofana,fr FRA,DF,Chelsea,24-319,3,2,130,1.4,0,0,0,0,0,0,0,0,0.0,0.0,0.0,0.0,3,4,1,0.0,0.0,0.0,0.0,0.0,0.0,0.0,0.0,0.0,0.0
Lyle Foster,za RSA,FW,Burnley,25-059,8,7,579,6.4,2,1,3,2,0,0,2,0,1.3,1.3,0.7,2.0,7,6,32,0.31,0.16,0.47,0.31,0.47,0.21,0.1,0.31,0.21,0.31
Niclas Füllkrug,de GER,FW,West Ham,32-265,6,5,379,4.2,0,0,0,0,0,0,0,0,0.8,0.8,0.6,1.3,1,5,15,0.0,0.0,0.0,0.0,0.0,0.19,0.13,0.32,0.19,0.32
Cody Gakpo,nl NED,"FW,MF",Liverpool,26-178,9,8,704,7.8,3,2,5,3,0,0,0,0,2.7,2.7,2.9,5.6,31,26,80,0.38,0.26,0.64,0.38,0.64,0.35,0.37,0.72,0.35,0.72
Idrissa Gana Gueye,sn SEN,MF,Everton,36-036,9,9,769,8.5,1,0,1,1,0,0,0,0,0.8,0.8,0.1,1.0,3,42,12,0.12,0.0,0.12,0.12,0.12,0.1,0.02,0.11,0.1,0.11
Alejandro Garnacho,ar ARG,FW,Chelsea,21-123,4,3,188,2.1,1,0,1,1,0,0,0,0,0.3,0.3,0.1,0.4,19,2,30,0.48,0.0,0.48,0.48,0.48,0.13,0.04,0.17,0.13,0.17
James Garner,eng ENG,"MF,DF",Everton,24-233,9,9,810,9.0,1,1,2,1,0,0,4,0,0.7,0.7,0.9,1.7,9,45,14,0.11,0.11,0.22,0.11,0.22,0.08,0.1,0.18,0.08,0.18
Lutsharel Geertruida,nl NED,"DF,MF",Sunderland,25-106,6,1,167,1.9,0,0,0,0,0,0,0,0,0.7,0.7,0.0,0.7,3,2,0,0.0,0.0,0.0,0.0,0.0,0.36,0.0,0.36,0.36,0.36
Tyrique George,eng ENG,FW,Chelsea,19-270,4,0,145,1.6,0,0,0,0,0,0,2,0,0.3,0.3,0.0,0.3,1,4,10,0.0,0.0,0.0,0.0,0.0,0.2,0.0,0.2,0.2,0.2
Morgan Gibbs-White,eng ENG,"MF,FW",Nott'ham Forest,25-278,9,8,729,8.1,0,1,1,0,0,0,0,0,1.7,1.7,0.6,2.3,21,60,66,0.0,0.12,0.12,0.0,0.12,0.21,0.08,0.28,0.21,0.28
Jamie Gittens,eng ENG,FW,Chelsea,21-085,7,2,221,2.5,0,0,0,0,0,0,0,0,0.1,0.1,0.2,0.3,12,4,17,0.0,0.0,0.0,0.0,0.0,0.05,0.07,0.13,0.05,0.13
Wilfried Gnonto,it ITA,FW,Leeds United,21-361,4,3,192,2.1,0,0,0,0,0,0,1,0,0.2,0.2,0.1,0.3,4,4,14,0.0,0.0,0.0,0.0,0.0,0.08,0.04,0.12,0.08,0.12
João Gomes,br BRA,MF,Wolves,24-262,9,8,700,7.8,0,0,0,0,0,0,3,0,0.4,0.4,0.2,0.6,9,47,13,0.0,0.0,0.0,0.0,0.0,0.05,0.03,0.07,0.05,0.07
Rodrigo Gomes,pt POR,"FW,DF",Wolves,22-117,6,4,331,3.7,1,0,1,1,0,0,0,0,1.0,1.0,0.1,1.1,13,7,37,0.27,0.0,0.27,0.27,0.27,0.26,0.04,0.3,0.26,0.3
Toti Gomes,pt POR,DF,Wolves,26-289,6,5,390,4.3,0,0,0,0,0,0,1,1,0.0,0.0,0.0,0.1,5,10,1,0.0,0.0,0.0,0.0,0.0,0.01,0.01,0.02,0.01,0.02
Diego Gómez,py PAR,MF,Brighton,22-219,8,4,377,4.2,0,0,0,0,0,0,2,0,0.3,0.3,0.5,0.7,4,11,14,0.0,0.0,0.0,0.0,0.0,0.07,0.11,0.18,0.07,0.18
Nicolás González,es ESP,MF,Manchester City,23-302,8,4,468,5.2,0,0,0,0,0,0,2,0,0.2,0.2,0.4,0.6,7,32,6,0.0,0.0,0.0,0.0,0.0,0.04,0.07,0.11,0.04,0.11
Anthony Gordon,eng ENG,FW,Newcastle Utd,24-250,6,6,413,4.6,0,0,0,0,0,0,0,1,1.3,1.3,1.0,2.3,17,12,33,0.0,0.0,0.0,0.0,0.0,0.29,0.21,0.5,0.29,0.5
Ryan Gravenberch,nl NED,"MF,DF",Liverpool,23-169,7,7,601,6.7,2,1,3,2,0,0,2,0,0.4,0.4,0.6,1.0,18,35,15,0.3,0.15,0.45,0.3,0.45,0.06,0.08,0.15,0.06,0.15
Jack Grealish,eng ENG,FW,Everton,30-052,8,7,646,7.2,1,4,5,1,0,0,3,0,1.1,1.1,2.6,3.7,55,32,71,0.14,0.56,0.7,0.14,0.7,0.15,0.36,0.51,0.15,0.51
Brajan Gruda,de GER,"MF,FW",Brighton,21-154,7,2,223,2.5,1,1,2,1,0,0,0,0,1.4,1.4,0.5,1.9,8,6,26,0.4,0.4,0.81,0.4,0.81,0.57,0.18,0.75,0.57,0.75
Ilia Gruev,bg BUL,MF,Leeds United,25-179,5,2,213,2.4,0,0,0,0,0,0,1,0,0.0,0.0,0.0,0.0,0,7,0,0.0,0.0,0.0,0.0,0.0,0.0,0.0,0.0,0.0,0.0
Gabriel Gudmundsson,se SWE,DF,Leeds United,26-186,9,9,740,8.2,0,0,0,0,0,0,1,0,0.2,0.2,1.3,1.5,25,27,32,0.0,0.0,0.0,0.0,0.0,0.02,0.16,0.18,0.02,0.18
Marc Guéhi,eng ENG,DF,Crystal Palace,25-111,9,9,810,9.0,1,1,2,1,0,0,0,0,0.9,0.9,1.1,1.9,8,42,4,0.11,0.11,0.22,0.11,0.22,0.1,0.12,0.21,0.1,0.21
Evann Guessand,ci CIV,FW,Aston Villa,24-123,8,4,360,4.0,0,0,0,0,0,0,0,0,0.3,0.3,0.0,0.3,10,8,24,0.0,0.0,0.0,0.0,0.0,0.08,0.01,0.09,0.08,0.09
Bruno Guimarães,br BRA,MF,Newcastle Utd,27-350,8,8,715,7.9,3,0,3,3,0,0,2,0,1.5,1.5,0.5,1.9,7,55,20,0.38,0.0,0.38,0.38,0.38,0.19,0.06,0.25,0.19,0.25
Marc Guiu,es ESP,FW,Chelsea,19-301,3,1,136,1.5,0,0,0,0,0,0,0,0,0.6,0.6,0.0,0.6,1,1,6,0.0,0.0,0.0,0.0,0.0,0.39,0.0,0.39,0.39,0.39
Malo Gusto,fr FRA,"DF,MF",Chelsea,22-166,7,4,401,4.5,0,1,1,0,0,0,2,1,0.1,0.1,0.2,0.3,9,23,25,0.0,0.22,0.22,0.0,0.22,0.02,0.05,0.07,0.02,0.07
Joško Gvardiol,hr CRO,DF,Manchester City,23-282,5,5,429,4.8,0,1,1,0,0,0,0,0,0.2,0.2,0.3,0.5,7,33,0,0.0,0.21,0.21,0.0,0.21,0.03,0.07,0.1,0.03,0.1
Viktor Gyökeres,se SWE,FW,Arsenal,27-150,9,9,755,8.4,3,0,3,2,1,1,1,0,3.7,2.9,0.3,3.2,6,8,46,0.36,0.0,0.36,0.24,0.24,0.44,0.03,0.47,0.35,0.38
Erling Haaland,no NOR,FW,Manchester City,25-103,9,9,773,8.6,11,1,12,11,0,0,0,0,8.9,8.9,1.1,10.0,16,6,30,1.28,0.12,1.4,1.28,1.4,1.03,0.13,1.17,1.03,1.17
Lewis Hall,eng ENG,DF,Newcastle Utd,21-054,3,1,135,1.5,0,0,0,0,0,0,0,0,0.0,0.0,0.0,0.0,0,9,7,0.0,0.0,0.0,0.0,0.0,0.02,0.0,0.02,0.02,0.02
Jack Harrison,eng ENG,FW,Leeds United,28-346,8,1,245,2.7,0,0,0,0,0,0,0,0,0.3,0.3,0.3,0.6,8,8,16,0.0,0.0,0.0,0.0,0.0,0.1,0.11,0.22,0.1,0.22
Quilindschy Hartman,nl NED,DF,Burnley,23-352,9,9,807,9.0,0,4,4,0,0,0,1,0,0.1,0.1,1.2,1.4,3,21,23,0.0,0.45,0.45,0.0,0.45,0.02,0.14,0.16,0.02,0.16
Jorrel Hato,nl NED,DF,Chelsea,19-239,4,2,168,1.9,0,0,0,0,0,0,2,0,0.0,0.0,0.0,0.0,0,4,1,0.0,0.0,0.0,0.0,0.0,0.0,0.0,0.0,0.0,0.0
Jan Paul van Hecke,nl NED,DF,Brighton,25-146,9,9,810,9.0,1,0,1,1,0,0,2,0,0.4,0.4,0.0,0.5,20,65,3,0.11,0.0,0.11,0.11,0.11,0.05,0.01,0.05,0.05,0.05
Hwang Hee-chan,kr KOR,FW,Wolves,29-279,7,4,300,3.3,1,0,1,1,0,0,0,0,0.6,0.6,0.0,0.7,6,8,17,0.3,0.0,0.3,0.3,0.3,0.19,0.01,0.21,0.19,0.21
Dean Henderson,eng ENG,GK,Crystal Palace,28-234,9,9,810,9.0,0,0,0,0,0,0,1,0,0.0,0.0,0.0,0.0,0,0,0,0.0,0.0,0.0,0.0,0.0,0.0,0.0,0.0,0.0,0.0
Jordan Henderson,eng ENG,MF,Brentford,35-137,9,8,655,7.3,0,2,2,0,0,0,2,0,0.1,0.1,0.6,0.6,5,36,4,0.0,0.27,0.27,0.0,0.27,0.01,0.08,0.09,0.01,0.09
Rico Henry,eng ENG,DF,Brentford,28-116,7,1,173,1.9,0,0,0,0,0,0,1,0,0.1,0.1,0.1,0.3,12,2,11,0.0,0.0,0.0,0.0,0.0,0.07,0.07,0.13,0.07,0.13
Mads Hermansen,dk DEN,GK,West Ham,25-113,4,4,360,4.0,0,0,0,0,0,0,0,0,0.0,0.0,0.0,0.0,0,0,0,0.0,0.0,0.0,0.0,0.0,0.0,0.0,0.0,0.0,0.0
Aaron Hickey,sct SCO,DF,Brentford,23-144,5,2,187,2.1,0,0,0,0,0,0,1,0,0.0,0.0,0.0,0.0,0,4,5,0.0,0.0,0.0,0.0,0.0,0.01,0.0,0.01,0.01,0.01
James Hill,eng ENG,DF,Bournemouth,23-295,7,2,276,3.1,0,0,0,0,0,0,1,0,0.1,0.1,0.0,0.1,3,17,8,0.0,0.0,0.0,0.0,0.0,0.04,0.0,0.04,0.04,0.04
Jack Hinshelwood,eng ENG,MF,Brighton,20-204,3,2,107,1.2,0,0,0,0,0,0,0,0,0.0,0.0,0.0,0.0,2,2,1,0.0,0.0,0.0,0.0,0.0,0.0,0.0,0.0,0.0,0.0
Ki-Jana Hoever,nl NED,"DF,MF",Wolves,23-287,4,3,205,2.3,0,0,0,0,0,0,0,0,0.0,0.0,0.2,0.3,6,8,13,0.0,0.0,0.0,0.0,0.0,0.01,0.11,0.12,0.01,0.12
Callum Hudson-Odoi,eng ENG,FW,Nott'ham Forest,24-359,9,5,481,5.3,1,0,1,1,0,0,0,0,0.4,0.4,1.3,1.8,28,26,69,0.19,0.0,0.19,0.19,0.19,0.08,0.25,0.33,0.08,0.33
Will Hughes,eng ENG,MF,Crystal Palace,30-198,7,5,429,4.8,0,0,0,0,0,0,3,0,0.2,0.2,0.5,0.7,2,27,3,0.0,0.0,0.0,0.0,0.0,0.03,0.1,0.14,0.03,0.14
Trai Hume,nir NIR,DF,Sunderland,23-228,9,9,798,8.9,0,1,1,0,0,0,0,0,0.3,0.3,0.4,0.8,9,30,19,0.0,0.11,0.11,0.0,0.11,0.04,0.05,0.08,0.04,0.08
Omari Hutchinson,eng ENG,"FW,MF",Nott'ham Forest,22-002,5,0,102,1.1,0,0,0,0,0,0,0,0,0.4,0.4,0.7,1.1,6,3,22,0.0,0.0,0.0,0.0,0.0,0.37,0.59,0.97,0.37,0.97
Tim Iroegbunam,eng ENG,MF,Everton,22-124,6,3,267,3.0,0,0,0,0,0,0,3,0,0.2,0.2,0.0,0.2,1,8,6,0.0,0.0,0.0,0.0,0.0,0.05,0.0,0.05,0.05,0.05
Andy Irving,sct SCO,MF,West Ham,25-172,6,2,150,1.7,0,0,0,0,0,0,0,0,0.0,0.0,0.1,0.1,2,12,2,0.0,0.0,0.0,0.0,0.0,0.0,0.07,0.07,0.0,0.07
Alexander Isak,se SWE,FW,Liverpool,26-041,4,3,251,2.8,0,1,1,0,0,0,0,0,0.9,0.9,0.5,1.5,1,7,11,0.0,0.36,0.36,0.0,0.36,0.34,0.2,0.54,0.34,0.54
Wilson Isidor,fr FRA,FW,Sunderland,25-066,9,6,528,5.9,4,0,4,4,0,0,0,0,2.1,2.1,0.0,2.1,3,4,21,0.68,0.0,0.68,0.68,0.68,0.35,0.0,0.35,0.35,0.35
Alex Iwobi,ng NGA,"FW,MF",Fulham,29-182,9,9,720,8.0,1,2,3,1,0,0,2,0,0.5,0.5,1.6,2.1,35,52,45,0.12,0.25,0.37,0.12,0.37,0.06,0.2,0.26,0.06,0.26
Daniel James,wls WAL,FW,Leeds United,27-356,6,3,242,2.7,0,0,0,0,0,0,0,0,0.4,0.4,0.4,0.9,15,6,24,0.0,0.0,0.0,0.0,0.0,0.16,0.16,0.32,0.16,0.32
Reece James,eng ENG,DF,Chelsea,25-328,9,6,605,6.7,1,2,3,1,0,0,2,0,0.3,0.3,1.3,1.7,9,45,20,0.15,0.3,0.45,0.15,0.45,0.05,0.2,0.25,0.05,0.25
Vitaly Janelt,de GER,MF,Brentford,27-175,5,0,121,1.3,0,0,0,0,0,0,0,0,0.1,0.1,0.1,0.2,1,5,1,0.0,0.0,0.0,0.0,0.0,0.08,0.05,0.13,0.08,0.13
Mathias Jensen,dk DEN,MF,Brentford,29-304,7,2,189,2.1,2,0,2,2,0,0,0,0,0.5,0.5,0.2,0.7,4,14,4,0.95,0.0,0.95,0.95,0.95,0.25,0.09,0.34,0.25,0.34
Igor Jesus,br BRA,"FW,MF",Nott'ham Forest,24-249,8,1,196,2.2,0,0,0,0,0,0,0,0,0.9,0.9,0.1,1.0,0,2,11,0.0,0.0,0.0,0.0,0.0,0.42,0.04,0.46,0.42,0.46
Álex Jiménez,es ESP,DF,Bournemouth,20-177,6,4,315,3.5,0,0,0,0,0,0,3,0,0.1,0.1,0.1,0.2,15,20,8,0.0,0.0,0.0,0.0,0.0,0.02,0.02,0.04,0.02,0.04
Raúl Jiménez,mx MEX,FW,Fulham,34-180,8,4,324,3.6,1,0,1,1,0,0,0,0,1.2,1.2,0.0,1.2,1,5,18,0.28,0.0,0.28,0.28,0.28,0.34,0.0,0.34,0.34,0.34
João Pedro,br BRA,"FW,MF",Chelsea,24-036,9,9,758,8.4,2,3,5,2,0,0,0,0,1.6,1.6,1.8,3.3,20,27,52,0.24,0.36,0.59,0.24,0.59,0.19,0.21,0.4,0.19,0.4
Joelinton,br BRA,MF,Newcastle Utd,29-079,7,7,534,5.9,0,0,0,0,0,0,2,0,0.6,0.6,0.9,1.5,9,32,20,0.0,0.0,0.0,0.0,0.0,0.11,0.15,0.26,0.11,0.26
Brennan Johnson,wls WAL,FW,Tottenham,24-162,9,4,363,4.0,2,0,2,2,0,0,1,0,1.0,1.0,0.2,1.1,9,6,25,0.5,0.0,0.5,0.5,0.5,0.24,0.04,0.28,0.24,0.28
Sam Johnstone,eng ENG,GK,Wolves,32-221,5,5,450,5.0,0,0,0,0,0,0,0,0,0.0,0.0,0.0,0.0,0,1,0,0.0,0.0,0.0,0.0,0.0,0.0,0.0,0.0,0.0,0.0
Curtis Jones,eng ENG,MF,Liverpool,24-275,8,2,327,3.6,0,0,0,0,0,0,0,0,0.3,0.3,0.4,0.7,13,46,12,0.0,0.0,0.0,0.0,0.0,0.09,0.11,0.19,0.09,0.19
Eli Junior Kroupi,fr FRA,"FW,MF",Bournemouth,19-131,6,2,166,1.8,4,0,4,4,0,0,1,0,1.5,1.5,0.1,1.6,2,0,7,2.17,0.0,2.17,2.17,2.17,0.79,0.05,0.84,0.79,0.84
Ferdi Kadioglu,tr TUR,"DF,FW",Brighton,26-025,8,5,557,6.2,0,0,0,0,0,0,3,0,0.3,0.3,0.4,0.6,17,29,29,0.0,0.0,0.0,0.0,0.0,0.04,0.06,0.1,0.04,0.1
Daichi Kamada,jp JPN,MF,Crystal Palace,29-088,7,7,598,6.6,0,0,0,0,0,0,0,0,0.4,0.4,0.9,1.3,9,28,17,0.0,0.0,0.0,0.0,0.0,0.06,0.14,0.2,0.06,0.2
Boubacar Kamara,fr FRA,MF,Aston Villa,25-343,7,6,475,5.3,0,2,2,0,0,0,2,0,0.1,0.1,0.4,0.5,7,32,2,0.0,0.38,0.38,0.0,0.38,0.01,0.07,0.09,0.01,0.09
Michael Kayode,it ITA,DF,Brentford,21-114,9,9,796,8.8,0,0,0,0,0,0,0,0,0.1,0.1,1.4,1.5,16,18,36,0.0,0.0,0.0,0.0,0.0,0.01,0.16,0.17,0.01,0.17
Michael Keane,eng ENG,DF,Everton,32-294,9,9,784,8.7,1,0,1,1,0,0,0,0,0.8,0.8,0.1,0.9,2,23,1,0.11,0.0,0.11,0.11,0.11,0.09,0.01,0.1,0.09,0.1
Caoimhín Kelleher,ie IRL,GK,Brentford,26-343,9,9,810,9.0,0,0,0,0,0,0,1,0,0.0,0.0,0.0,0.0,0,1,0,0.0,0.0,0.0,0.0,0.0,0.0,0.0,0.0,0.0,0.0
Milos Kerkez,hu HUN,DF,Liverpool,21-359,9,9,660,7.3,1,0,1,1,0,0,3,0,0.8,0.8,0.3,1.1,12,34,38,0.14,0.0,0.14,0.14,0.14,0.11,0.04,0.15,0.11,0.15
Kevin,br BRA,"FW,MF",Fulham,22-301,6,0,161,1.8,0,0,0,0,0,0,1,0,0.1,0.1,0.3,0.3,13,5,20,0.0,0.0,0.0,0.0,0.0,0.03,0.14,0.17,0.03,0.17
Abdukodir Khusanov,uz UZB,DF,Manchester City,21-245,4,3,228,2.5,0,0,0,0,0,0,1,0,0.0,0.0,0.0,0.0,2,5,4,0.0,0.0,0.0,0.0,0.0,0.0,0.0,0.0,0.0,0.0
Max Kilman,eng ENG,DF,West Ham,28-162,9,9,810,9.0,0,0,0,0,0,0,3,0,0.4,0.4,0.2,0.6,3,20,1,0.0,0.0,0.0,0.0,0.0,0.04,0.02,0.06,0.04,0.06
Joshua King,eng ENG,"MF,FW",Fulham,18-302,9,8,545,6.1,0,0,0,0,0,0,2,0,0.8,0.8,0.1,0.9,16,20,31,0.0,0.0,0.0,0.0,0.0,0.13,0.02,0.15,0.13,0.15
Justin Kluivert,nl NED,MF,Bournemouth,26-180,8,3,307,3.4,1,0,1,1,0,0,1,0,0.4,0.4,0.4,0.8,9,9,24,0.29,0.0,0.29,0.29,0.29,0.12,0.12,0.24,0.12,0.24
Ibrahima Konaté,fr FRA,DF,Liverpool,26-160,9,9,742,8.2,0,0,0,0,0,0,2,0,0.6,0.6,0.5,1.2,12,37,0,0.0,0.0,0.0,0.0,0.0,0.08,0.07,0.14,0.08,0.14
Ezri Konsa,eng ENG,DF,Aston Villa,28-009,8,8,695,7.7,0,0,0,0,0,0,0,1,0.0,0.0,0.0,0.1,4,24,2,0.0,0.0,0.0,0.0,0.0,0.01,0.0,0.01,0.01,0.01
Ladislav Krejčí,cz CZE,"DF,MF",Wolves,26-195,6,6,540,6.0,1,1,2,1,0,0,1,0,0.9,0.9,0.7,1.5,6,36,5,0.17,0.17,0.33,0.17,0.33,0.14,0.11,0.26,0.14,0.26
Mohammed Kudus,gh GHA,"FW,MF",Tottenham,25-091,9,9,785,8.7,1,4,5,1,0,0,2,0,1.4,1.4,2.0,3.4,29,19,73,0.11,0.46,0.57,0.11,0.57,0.16,0.23,0.39,0.16,0.39
Maxence Lacroix,fr FRA,DF,Crystal Palace,25-209,9,9,810,9.0,0,1,1,0,0,0,1,0,0.3,0.3,0.6,0.9,0,15,3,0.0,0.11,0.11,0.0,0.11,0.04,0.06,0.1,0.04,0.1
Senne Lammens,be BEL,GK,Manchester Utd,23-117,3,3,270,3.0,0,0,0,0,0,0,0,0,0.0,0.0,0.0,0.0,0,0,0,0.0,0.0,0.0,0.0,0.0,0.0,0.0,0.0,0.0,0.0
Josh Laurent,eng ENG,"DF,MF",Burnley,30-179,9,5,486,5.4,0,0,0,0,0,0,1,0,0.2,0.2,0.2,0.3,6,9,10,0.0,0.0,0.0,0.0,0.0,0.03,0.03,0.06,0.03,0.06
Roméo Lavia,be BEL,MF,Chelsea,21-299,3,1,93,1.0,0,0,0,0,0,0,0,0,0.0,0.0,0.0,0.0,1,8,0,0.0,0.0,0.0,0.0,0.0,0.0,0.0,0.0,0.0,0.0
Enzo Le Fée,fr FRA,"FW,MF",Sunderland,25-271,8,6,540,6.0,1,0,1,0,1,1,1,0,0.9,0.1,0.5,0.6,8,14,29,0.17,0.0,0.17,0.0,0.0,0.14,0.08,0.22,0.01,0.09
Bernd Leno,de GER,GK,Fulham,33-242,9,9,810,9.0,0,0,0,0,0,0,1,0,0.0,0.0,0.0,0.0,0,0,0,0.0,0.0,0.0,0.0,0.0,0.0,0.0,0.0,0.0,0.0
Jefferson Lerma,co COL,MF,Crystal Palace,31-007,8,1,186,2.1,0,0,0,0,0,0,1,0,0.5,0.5,0.0,0.6,1,11,2,0.0,0.0,0.0,0.0,0.0,0.25,0.02,0.27,0.25,0.27
Rico Lewis,eng ENG,DF,Manchester City,20-345,5,2,175,1.9,0,1,1,0,0,0,0,0,0.0,0.0,1.0,1.0,2,19,9,0.0,0.51,0.51,0.0,0.51,0.01,0.52,0.53,0.01,0.53
Keane Lewis-Potter,eng ENG,"DF,FW",Brentford,24-252,8,5,426,4.7,0,1,1,0,0,0,1,0,0.2,0.2,0.6,0.7,7,7,16,0.0,0.21,0.21,0.0,0.21,0.04,0.12,0.15,0.04,0.15
Myles Lewis-Skelly,eng ENG,DF,Arsenal,19-036,6,0,91,1.0,0,0,0,0,0,0,1,0,0.0,0.0,0.0,0.0,1,2,6,0.0,0.0,0.0,0.0,0.0,0.0,0.0,0.0,0.0,0.0
Matthijs de Ligt,nl NED,DF,Manchester Utd,26-081,9,9,810,9.0,0,0,0,0,0,0,0,0,0.9,0.9,0.5,1.4,3,16,6,0.0,0.0,0.0,0.0,0.0,0.1,0.06,0.16,0.1,0.16
Valentino Livramento,eng ENG,DF,Newcastle Utd,22-354,6,6,526,5.8,0,1,1,0,0,0,0,0,0.0,0.0,0.2,0.2,14,24,38,0.0,0.17,0.17,0.0,0.17,0.0,0.03,0.03,0.0,0.03
Sean Longstaff,eng ENG,MF,Leeds United,28-002,9,7,656,7.3,1,2,3,1,0,0,0,0,0.4,0.4,1.8,2.2,2,20,11,0.14,0.27,0.41,0.14,0.41,0.06,0.24,0.3,0.06,0.3
Fer López,es ESP,"MF,FW",Wolves,21-161,5,1,120,1.3,0,1,1,0,0,0,1,0,0.1,0.1,0.7,0.9,5,14,10,0.0,0.75,0.75,0.0,0.75,0.1,0.56,0.66,0.1,0.66
Florentino Luís,pt POR,MF,Burnley,26-074,6,5,477,5.3,0,1,1,0,0,0,1,0,0.1,0.1,0.2,0.2,1,20,4,0.0,0.19,0.19,0.0,0.19,0.01,0.03,0.05,0.01,0.05
Douglas Luiz,br BRA,MF,Nott'ham Forest,27-176,3,3,172,1.9,0,0,0,0,0,0,1,0,0.0,0.0,0.4,0.4,4,2,6,0.0,0.0,0.0,0.0,0.0,0.01,0.22,0.24,0.01,0.24
Saša Lukić,rs SRB,MF,Fulham,29-080,8,8,631,7.0,1,1,2,1,0,0,4,0,1.5,1.5,1.1,2.6,14,22,21,0.14,0.14,0.29,0.14,0.29,0.21,0.16,0.37,0.21,0.37
Ian Maatsen,nl NED,DF,Aston Villa,23-236,6,1,162,1.8,0,0,0,0,0,0,1,0,0.2,0.2,0.3,0.4,6,15,13,0.0,0.0,0.0,0.0,0.0,0.11,0.14,0.25,0.11,0.25
Alexis Mac Allister,ar ARG,MF,Liverpool,26-312,8,7,475,5.3,0,1,1,0,0,0,0,0,0.5,0.5,1.1,1.7,12,19,14,0.0,0.19,0.19,0.0,0.19,0.1,0.21,0.31,0.1,0.31
Noni Madueke,eng ENG,FW,Arsenal,23-236,5,4,304,3.4,0,0,0,0,0,0,0,0,0.3,0.3,0.8,1.1,18,9,44,0.0,0.0,0.0,0.0,0.0,0.09,0.25,0.34,0.09,0.34
Gabriel Magalhães,br BRA,DF,Arsenal,27-317,9,9,810,9.0,1,1,2,1,0,0,0,0,0.8,0.8,0.4,1.2,6,34,1,0.11,0.11,0.22,0.11,0.22,0.09,0.05,0.14,0.09,0.14
Soungoutou Magassa,fr FRA,MF,West Ham,22-024,5,2,173,1.9,0,0,0,0,0,0,1,0,0.0,0.0,0.0,0.0,1,2,3,0.0,0.0,0.0,0.0,0.0,0.0,0.0,0.0,0.0,0.0
Harry Maguire,eng ENG,DF,Manchester Utd,32-241,7,3,274,3.0,1,1,2,1,0,0,0,0,0.3,0.3,0.4,0.7,1,12,2,0.33,0.33,0.66,0.33,0.66,0.1,0.12,0.22,0.1,0.22
Kobbie Mainoo,eng ENG,MF,Manchester Utd,20-196,7,0,144,1.6,0,0,0,0,0,0,0,0,0.1,0.1,0.2,0.2,5,7,4,0.0,0.0,0.0,0.0,0.0,0.04,0.11,0.15,0.04,0.15
Donyell Malen,nl NED,FW,Aston Villa,26-296,9,3,299,3.3,2,0,2,2,0,0,0,0,0.8,0.8,0.2,1.0,7,7,17,0.6,0.0,0.6,0.6,0.6,0.24,0.06,0.3,0.24,0.3
Giorgi Mamardashvili,ge GEO,GK,Liverpool,25-033,3,3,270,3.0,0,0,0,0,0,0,0,0,0.0,0.0,0.0,0.0,0,0,0,0.0,0.0,0.0,0.0,0.0,0.0,0.0,0.0,0.0,0.0
Reinildo Mandava,mz MOZ,DF,Sunderland,31-284,6,6,482,5.4,0,0,0,0,0,0,1,1,0.0,0.0,0.0,0.0,12,27,8,0.0,0.0,0.0,0.0,0.0,0.0,0.0,0.0,0.0,0.0
Omar Marmoush,eg EGY,"FW,MF",Manchester City,26-267,4,2,156,1.7,0,1,1,0,0,0,0,0,0.8,0.8,1.0,1.8,7,5,15,0.0,0.58,0.58,0.0,0.58,0.48,0.55,1.03,0.48,1.03
Gabriel Martinelli,br BRA,"FW,MF",Arsenal,24-136,8,2,220,2.4,1,0,1,1,0,0,0,0,0.8,0.8,0.1,0.9,7,5,10,0.41,0.0,0.41,0.41,0.41,0.32,0.05,0.37,0.32,0.37
Emiliano Martínez,ar ARG,GK,Aston Villa,33-060,7,7,630,7.0,0,0,0,0,0,0,1,0,0.0,0.0,0.0,0.0,0,0,0,0.0,0.0,0.0,0.0,0.0,0.0,0.0,0.0,0.0,0.0
Arthur Masuaku,cd COD,"DF,MF",Sunderland,31-359,3,2,126,1.4,0,0,0,0,0,0,1,0,0.1,0.1,0.1,0.1,2,5,5,0.0,0.0,0.0,0.0,0.0,0.05,0.05,0.1,0.05,0.1
Pape Matar Sarr,sn SEN,MF,Tottenham,23-048,8,4,393,4.4,2,2,4,2,0,0,0,0,0.7,0.7,0.5,1.2,4,14,15,0.46,0.46,0.92,0.46,0.92,0.17,0.12,0.28,0.17,0.28
Jean-Philippe Mateta,fr FRA,FW,Crystal Palace,28-126,9,9,780,8.7,5,0,5,3,2,2,2,0,7.9,6.3,0.1,6.4,5,9,38,0.58,0.0,0.58,0.35,0.35,0.91,0.02,0.92,0.73,0.74
Konstantinos Mavropanos,gr GRE,DF,West Ham,27-325,6,5,495,5.5,0,0,0,0,0,0,1,0,0.4,0.4,0.0,0.4,2,17,0,0.0,0.0,0.0,0.0,0.0,0.07,0.0,0.07,0.07,0.07
Eliezer Mayenda,es ESP,FW,Sunderland,20-177,6,3,260,2.9,1,0,1,1,0,0,0,0,0.5,0.5,0.5,0.9,3,3,8,0.35,0.0,0.35,0.35,0.35,0.16,0.16,0.33,0.16,0.33
Noussair Mazraoui,ma MAR,DF,Manchester Utd,27-352,3,2,131,1.5,0,0,0,0,0,0,0,0,0.0,0.0,0.0,0.0,6,19,13,0.0,0.0,0.0,0.0,0.0,0.0,0.0,0.0,0.0,0.0
Bryan Mbeumo,cm CMR,MF,Manchester Utd,26-086,9,9,775,8.6,4,1,5,4,0,0,0,0,2.9,2.9,2.3,5.2,27,20,82,0.46,0.12,0.58,0.46,0.58,0.33,0.27,0.6,0.33,0.6
James Mcatee,eng ENG,"MF,FW",Nott'ham Forest,23-014,4,1,129,1.4,0,0,0,0,0,0,0,0,0.0,0.0,0.4,0.4,4,9,8,0.0,0.0,0.0,0.0,0.0,0.01,0.25,0.26,0.01,0.26
John McGinn,sct SCO,"MF,FW",Aston Villa,31-014,9,9,709,7.9,1,0,1,1,0,0,1,0,0.9,0.9,0.9,1.8,11,33,23,0.13,0.0,0.13,0.13,0.13,0.12,0.11,0.23,0.12,0.23
Hannibal Mejbri,tn TUN,MF,Burnley,22-284,8,3,258,2.9,0,1,1,0,0,0,1,0,0.2,0.2,0.7,0.9,6,6,8,0.0,0.35,0.35,0.0,0.35,0.06,0.25,0.31,0.06,0.31
Mikel Merino,es ESP,MF,Arsenal,29-132,8,3,283,3.1,1,0,1,1,0,0,0,0,0.3,0.3,0.1,0.4,6,11,11,0.32,0.0,0.32,0.32,0.32,0.11,0.03,0.14,0.11,0.14
Nikola Milenković,rs SRB,DF,Nott'ham Forest,28-020,9,9,810,9.0,0,0,0,0,0,0,1,0,0.4,0.4,0.3,0.7,5,27,0,0.0,0.0,0.0,0.0,0.0,0.04,0.03,0.08,0.04,0.08
Lewis Miley,eng ENG,MF,Newcastle Utd,19-184,7,2,274,3.0,0,1,1,0,0,0,0,0,0.0,0.0,0.3,0.3,2,10,9,0.0,0.33,0.33,0.0,0.33,0.01,0.09,0.1,0.01,0.1
James Milner,eng ENG,MF,Brighton,39-301,7,1,193,2.1,1,1,2,0,1,1,1,0,0.8,0.0,0.2,0.2,2,9,5,0.47,0.47,0.93,0.0,0.47,0.37,0.1,0.47,0.0,0.1
Veljko Milosavljević,rs SRB,DF,Bournemouth,18-126,3,2,186,2.1,0,0,0,0,0,0,0,0,0.0,0.0,0.1,0.1,0,5,0,0.0,0.0,0.0,0.0,0.0,0.0,0.03,0.03,0.0,0.03
Tyrone Mings,eng ENG,DF,Aston Villa,32-233,6,6,481,5.3,0,0,0,0,0,0,0,0,0.3,0.3,0.1,0.4,1,27,3,0.0,0.0,0.0,0.0,0.0,0.05,0.02,0.07,0.05,0.07
Yankuba Minteh,gm GAM,FW,Brighton,21-102,9,9,770,8.6,1,2,3,1,0,0,0,0,1.7,1.7,2.1,3.8,47,11,81,0.12,0.23,0.35,0.12,0.35,0.2,0.24,0.45,0.2,0.45
Tyrick Mitchell,eng ENG,"DF,MF",Crystal Palace,26-061,9,9,809,9.0,1,0,1,1,0,0,2,0,0.4,0.4,0.6,1.0,22,14,60,0.11,0.0,0.11,0.11,0.11,0.05,0.07,0.11,0.05,0.11
Kaoru Mitoma,jp JPN,FW,Brighton,28-165,6,6,508,5.6,1,1,2,1,0,0,1,0,0.8,0.8,1.1,1.8,13,13,37,0.18,0.18,0.35,0.18,0.35,0.13,0.19,0.32,0.13,0.32
Morato,br BRA,DF,Nott'ham Forest,24-124,5,5,436,4.8,0,0,0,0,0,0,3,0,0.0,0.0,0.0,0.0,1,15,0,0.0,0.0,0.0,0.0,0.0,0.01,0.0,0.01,0.01,0.01
Cristhian Mosquera,es ESP,DF,Arsenal,21-127,6,2,294,3.3,0,0,0,0,0,0,0,0,0.0,0.0,0.1,0.1,2,6,1,0.0,0.0,0.0,0.0,0.0,0.0,0.02,0.02,0.0,0.02
Yerson Mosquera,co COL,DF,Wolves,24-183,3,2,137,1.5,0,0,0,0,0,0,0,0,0.1,0.1,0.0,0.1,1,0,1,0.0,0.0,0.0,0.0,0.0,0.03,0.0,0.03,0.03,0.03
Mason Mount,eng ENG,MF,Manchester Utd,26-295,7,5,332,3.7,1,0,1,1,0,0,0,0,0.5,0.5,0.5,1.0,5,19,15,0.27,0.0,0.27,0.27,0.27,0.14,0.13,0.26,0.14,0.26
Nordi Mukiele,fr FRA,DF,Sunderland,28-000,7,7,630,7.0,1,0,1,1,0,0,0,0,0.4,0.4,0.3,0.6,4,17,11,0.14,0.0,0.14,0.14,0.14,0.05,0.04,0.09,0.05,0.09
Marshall Munetsi,zw ZIM,"MF,FW",Wolves,29-132,9,7,693,7.7,1,1,2,1,0,0,1,0,1.3,1.3,0.5,1.8,7,12,26,0.13,0.13,0.26,0.13,0.26,0.17,0.07,0.23,0.17,0.23
Rodrigo Muniz,br BRA,FW,Fulham,24-181,5,4,316,3.5,1,1,2,1,0,0,1,0,0.9,0.9,0.3,1.2,0,2,7,0.28,0.28,0.57,0.28,0.57,0.27,0.08,0.34,0.27,0.34
Daniel Muñoz,co COL,"DF,MF",Crystal Palace,29-159,9,9,809,9.0,1,2,3,1,0,0,3,0,0.9,0.9,2.4,3.3,11,20,55,0.11,0.22,0.33,0.11,0.33,0.1,0.27,0.36,0.1,0.36
Murillo,br BRA,DF,Nott'ham Forest,23-120,6,6,469,5.2,0,0,0,0,0,0,1,0,0.0,0.0,0.0,0.0,3,28,0,0.0,0.0,0.0,0.0,0.0,0.0,0.0,0.0,0.0,0.0
Jacob Murphy,eng ENG,"FW,MF",Newcastle Utd,30-250,8,5,416,4.6,1,1,2,1,0,0,0,0,2.0,2.0,1.1,3.1,12,11,60,0.22,0.22,0.43,0.22,0.43,0.44,0.24,0.68,0.44,0.68
Vitaliy Mykolenko,ua UKR,DF,Everton,26-156,6,6,535,5.9,0,0,0,0,0,0,1,0,0.0,0.0,0.2,0.2,9,31,29,0.0,0.0,0.0,0.0,0.0,0.01,0.04,0.04,0.01,0.04
David Møller Wolfe,no NOR,"MF,DF",Wolves,23-192,5,2,151,1.7,0,1,1,0,0,0,0,0,0.0,0.0,0.3,0.3,3,3,8,0.0,0.6,0.6,0.0,0.6,0.0,0.16,0.16,0.0,0.16
Iliman Ndiaye,sn SEN,FW,Everton,25-240,9,9,761,8.5,3,1,4,2,1,1,2,0,2.4,1.6,2.0,3.6,29,13,49,0.35,0.12,0.47,0.24,0.35,0.28,0.24,0.52,0.19,0.43
Dan Ndoye,ch SUI,FW,Nott'ham Forest,25-007,8,8,574,6.4,1,1,2,1,0,0,0,0,0.2,0.2,0.6,0.8,29,11,59,0.16,0.16,0.31,0.16,0.31,0.03,0.09,0.13,0.03,0.13
Pedro Neto,pt POR,FW,Chelsea,25-237,9,9,669,7.4,2,2,4,2,0,0,0,0,0.8,0.8,1.6,2.4,35,24,69,0.27,0.27,0.54,0.27,0.54,0.11,0.22,0.32,0.11,0.32
Eddie Nketiah,eng ENG,"MF,FW",Crystal Palace,26-155,5,0,112,1.2,1,0,1,1,0,0,1,0,0.9,0.9,0.8,1.7,3,2,4,0.8,0.0,0.8,0.8,0.8,0.71,0.66,1.38,0.71,1.38
Lukas Nmecha,de GER,FW,Leeds United,26-322,9,1,180,2.0,1,0,1,0,1,1,0,0,1.7,0.9,0.0,0.9,1,2,10,0.5,0.0,0.5,0.0,0.0,0.83,0.0,0.83,0.46,0.46
Matheus Nunes,pt POR,DF,Manchester City,27-066,7,5,514,5.7,1,0,1,1,0,0,1,0,0.2,0.2,0.2,0.4,16,29,18,0.18,0.0,0.18,0.18,0.18,0.04,0.03,0.07,0.04,0.07
Ethan Nwaneri,eng ENG,MF,Arsenal,18-225,4,0,149,1.7,0,0,0,0,0,0,0,0,0.2,0.2,0.0,0.2,6,13,6,0.0,0.0,0.0,0.0,0.0,0.11,0.03,0.14,0.11,0.14
Jake O'Brien,ie IRL,DF,Everton,24-170,9,9,785,8.7,0,0,0,0,0,0,0,0,0.4,0.4,0.1,0.5,8,23,20,0.0,0.0,0.0,0.0,0.0,0.05,0.01,0.06,0.05,0.06
Matt O'Riley,dk DEN,MF,Brighton,24-345,2,2,177,2.0,1,0,1,0,1,1,0,0,1.2,0.4,0.2,0.6,0,5,11,0.51,0.0,0.51,0.0,0.0,0.61,0.1,0.72,0.21,0.32
Wilson Odobert,fr FRA,FW,Tottenham,20-338,8,3,319,3.5,0,0,0,0,0,0,0,0,0.7,0.7,0.3,1.1,14,17,28,0.0,0.0,0.0,0.0,0.0,0.21,0.1,0.31,0.21,0.31
Noah Okafor,ch SUI,FW,Leeds United,25-161,6,5,351,3.9,2,0,2,2,0,0,2,0,1.4,1.4,0.4,1.8,9,11,28,0.51,0.0,0.51,0.51,0.51,0.35,0.11,0.45,0.35,0.45
Amadou Onana,be BEL,MF,Aston Villa,24-077,5,4,325,3.6,0,0,0,0,0,0,1,0,0.2,0.2,0.0,0.2,2,12,2,0.0,0.0,0.0,0.0,0.0,0.06,0.0,0.06,0.06,0.06
Frank Onyeka,ng NGA,MF,Brentford,27-304,6,0,92,1.0,0,1,1,0,0,0,0,0,0.0,0.0,0.1,0.1,2,4,2,0.0,0.98,0.98,0.0,0.98,0.0,0.12,0.12,0.0,0.12
William Osula,dk DEN,FW,Newcastle Utd,22-089,9,1,174,1.9,1,0,1,1,0,0,0,0,0.5,0.5,0.1,0.6,3,2,10,0.52,0.0,0.52,0.52,0.52,0.28,0.04,0.32,0.28,0.32
Dango Ouattara,bf BFA,FW,Brentford,23-263,8,5,478,5.3,2,0,2,2,0,0,1,0,2.4,2.4,0.7,3.2,15,7,32,0.38,0.0,0.38,0.38,0.38,0.46,0.14,0.6,0.46,0.6
Nico O’Reilly,eng ENG,"DF,MF",Manchester City,20-225,8,5,506,5.6,0,1,1,0,0,0,2,0,0.5,0.5,0.6,1.1,16,11,26,0.0,0.18,0.18,0.0,0.18,0.09,0.11,0.2,0.09,0.2
João Palhinha,pt POR,MF,Tottenham,30-115,9,8,693,7.7,2,1,3,2,0,0,2,0,0.6,0.6,0.1,0.7,3,23,7,0.26,0.13,0.39,0.26,0.39,0.08,0.01,0.09,0.08,0.09
Cole Palmer,eng ENG,MF,Chelsea,23-179,3,2,145,1.6,1,0,1,1,0,0,0,0,0.8,0.8,0.0,0.8,9,11,14,0.62,0.0,0.62,0.62,0.62,0.5,0.01,0.51,0.5,0.51
Lucas Paquetá,br BRA,"MF,FW",West Ham,28-066,9,9,786,8.7,2,0,2,1,1,1,3,0,1.7,0.9,0.9,1.8,4,60,37,0.23,0.0,0.23,0.11,0.11,0.19,0.1,0.29,0.1,0.2
Lucas Perri,br BRA,GK,Leeds United,27-326,4,4,360,4.0,0,0,0,0,0,0,1,0,0.0,0.0,0.0,0.0,0,0,0,0.0,0.0,0.0,0.0,0.0,0.0,0.0,0.0,0.0,0.0
Đorđe Petrović,rs SRB,GK,Bournemouth,26-024,9,9,810,9.0,0,0,0,0,0,0,1,0,0.0,0.0,0.0,0.0,0,0,0,0.0,0.0,0.0,0.0,0.0,0.0,0.0,0.0,0.0,0.0
Jordan Pickford,eng ENG,GK,Everton,31-239,9,9,810,9.0,0,0,0,0,0,0,0,0,0.0,0.0,0.0,0.0,0,0,0,0.0,0.0,0.0,0.0,0.0,0.0,0.0,0.0,0.0,0.0
Ethan Pinnock,jm JAM,DF,Brentford,32-156,2,2,155,1.7,0,0,0,0,0,0,1,0,0.0,0.0,0.0,0.0,0,2,2,0.0,0.0,0.0,0.0,0.0,0.0,0.0,0.0,0.0,0.0
Yeremi Pino,es ESP,MF,Crystal Palace,23-012,7,6,429,4.8,0,0,0,0,0,0,2,0,1.1,1.1,1.2,2.4,10,29,34,0.0,0.0,0.0,0.0,0.0,0.24,0.26,0.5,0.24,0.5
Joël Piroe,nl NED,"FW,MF",Leeds United,26-091,4,2,164,1.8,0,0,0,0,0,0,0,0,0.6,0.6,0.0,0.6,1,1,6,0.0,0.0,0.0,0.0,0.0,0.31,0.0,0.31,0.31,0.31
Nick Pope,eng ENG,GK,Newcastle Utd,33-196,9,9,810,9.0,0,0,0,0,0,0,1,0,0.0,0.0,0.0,0.0,0,0,0,0.0,0.0,0.0,0.0,0.0,0.0,0.0,0.0,0.0,0.0
Pedro Porro,es ESP,DF,Tottenham,26-049,9,8,727,8.1,0,1,1,0,0,0,1,0,0.1,0.1,1.2,1.3,18,42,20,0.0,0.12,0.12,0.0,0.12,0.01,0.15,0.17,0.01,0.17
Freddie Potts,eng ENG,MF,West Ham,22-050,4,0,134,1.5,0,0,0,0,0,0,0,0,0.0,0.0,0.0,0.0,0,6,2,0.0,0.0,0.0,0.0,0.0,0.0,0.0,0.0,0.0,0.0
David Raya,es ESP,GK,Arsenal,30-047,9,9,810,9.0,0,0,0,0,0,0,1,0,0.0,0.0,0.1,0.1,0,4,0,0.0,0.0,0.0,0.0,0.0,0.0,0.01,0.01,0.0,0.01
Tijjani Reijnders,nl NED,MF,Manchester City,27-095,9,9,740,8.2,1,2,3,1,0,0,2,0,1.4,1.4,1.4,2.8,21,37,28,0.12,0.24,0.36,0.12,0.36,0.17,0.17,0.34,0.17,0.34
Declan Rice,eng ENG,MF,Arsenal,26-291,9,8,714,7.9,1,2,3,1,0,0,0,0,0.7,0.7,1.6,2.3,23,59,21,0.13,0.25,0.38,0.13,0.38,0.09,0.2,0.29,0.09,0.29
Chris Richards,us USA,DF,Crystal Palace,25-218,9,9,810,9.0,0,0,0,0,0,0,0,0,0.4,0.4,0.3,0.7,2,15,1,0.0,0.0,0.0,0.0,0.0,0.04,0.03,0.07,0.04,0.07
Richarlison,br BRA,FW,Tottenham,28-175,9,5,514,5.7,3,2,5,3,0,0,1,0,1.9,1.9,1.3,3.2,7,9,19,0.53,0.35,0.88,0.53,0.88,0.33,0.23,0.57,0.33,0.57
Chris Rigg,eng ENG,MF,Sunderland,18-136,6,3,187,2.1,0,0,0,0,0,0,0,0,0.1,0.1,0.1,0.2,1,3,6,0.0,0.0,0.0,0.0,0.0,0.05,0.04,0.09,0.05,0.09
Andrew Robertson,sct SCO,DF,Liverpool,31-235,4,0,150,1.7,0,0,0,0,0,0,0,0,0.1,0.1,0.3,0.5,6,11,15,0.0,0.0,0.0,0.0,0.0,0.08,0.2,0.28,0.08,0.28
Joe Rodon,wls WAL,DF,Leeds United,28-010,9,9,810,9.0,2,0,2,2,0,0,0,0,0.7,0.7,0.1,0.8,6,39,0,0.22,0.0,0.22,0.22,0.22,0.08,0.01,0.09,0.08,0.09
Rodri,es ESP,MF,Manchester City,29-132,5,4,292,3.2,0,0,0,0,0,0,0,0,0.1,0.1,0.1,0.2,4,19,5,0.0,0.0,0.0,0.0,0.0,0.04,0.03,0.07,0.04,0.07
Robin Roefs,nl NED,GK,Sunderland,22-288,9,9,810,9.0,0,0,0,0,0,0,1,0,0.0,0.0,0.2,0.2,0,0,0,0.0,0.0,0.0,0.0,0.0,0.0,0.02,0.02,0.0,0.02
Morgan Rogers,eng ENG,"MF,FW",Aston Villa,23-098,9,9,801,8.9,1,2,3,1,0,0,0,0,0.5,0.5,1.1,1.6,13,25,48,0.11,0.22,0.34,0.11,0.34,0.06,0.12,0.18,0.06,0.18
Cristian Romero,ar ARG,DF,Tottenham,27-188,7,7,630,7.0,0,1,1,0,0,0,3,0,0.1,0.1,0.2,0.2,2,32,0,0.0,0.14,0.14,0.0,0.14,0.01,0.02,0.04,0.01,0.04
Georginio Rutter,fr FRA,"FW,MF",Brighton,23-195,8,6,515,5.7,0,2,2,0,0,0,1,0,0.4,0.4,1.8,2.2,12,26,23,0.0,0.35,0.35,0.0,0.35,0.06,0.32,0.38,0.06,0.38
José Sá,pt POR,GK,Wolves,32-288,4,4,360,4.0,0,0,0,0,0,0,0,0,0.0,0.0,0.1,0.1,0,0,0,0.0,0.0,0.0,0.0,0.0,0.0,0.02,0.02,0.0,0.02
Noah Sadiki,cd COD,MF,Sunderland,20-319,9,9,801,8.9,0,0,0,0,0,0,3,0,0.1,0.1,0.2,0.3,14,23,24,0.0,0.0,0.0,0.0,0.0,0.01,0.02,0.03,0.01,0.03
Bukayo Saka,eng ENG,FW,Arsenal,24-057,7,6,501,5.6,2,0,2,1,1,1,0,0,1.3,0.5,1.4,1.9,26,11,72,0.36,0.0,0.36,0.18,0.18,0.23,0.25,0.49,0.09,0.35
Mohamed Salah,eg EGY,FW,Liverpool,33-139,9,9,803,8.9,3,2,5,2,1,1,1,0,3.0,2.3,1.6,3.9,28,30,98,0.34,0.22,0.56,0.22,0.45,0.34,0.18,0.53,0.25,0.44
William Saliba,fr FRA,DF,Arsenal,24-222,8,7,544,6.0,0,0,0,0,0,0,0,0,0.1,0.1,0.1,0.2,2,30,3,0.0,0.0,0.0,0.0,0.0,0.02,0.01,0.03,0.02,0.03
Robert Sánchez,es ESP,GK,Chelsea,27-348,9,9,724,8.0,0,0,0,0,0,0,1,1,0.0,0.0,0.1,0.1,0,0,0,0.0,0.0,0.0,0.0,0.0,0.0,0.01,0.01,0.0,0.01
Ibrahim Sangaré,ci CIV,MF,Nott'ham Forest,27-334,6,5,442,4.9,0,0,0,0,0,0,1,0,0.2,0.2,0.0,0.3,5,32,2,0.0,0.0,0.0,0.0,0.0,0.05,0.0,0.05,0.05,0.05
Andrey Santos,br BRA,MF,Chelsea,21-182,7,2,225,2.5,0,0,0,0,0,0,2,0,0.7,0.7,0.1,0.8,4,13,10,0.0,0.0,0.0,0.0,0.0,0.28,0.03,0.31,0.28,0.31
Ismaila Sarr,sn SEN,"MF,FW",Crystal Palace,27-249,7,7,611,6.8,3,1,4,3,0,0,1,0,3.2,3.2,0.5,3.8,15,23,32,0.44,0.15,0.59,0.44,0.59,0.48,0.08,0.56,0.48,0.56
Sávio,br BRA,MF,Manchester City,21-205,6,4,336,3.7,0,1,1,0,0,0,1,0,0.2,0.2,0.3,0.5,21,7,28,0.0,0.27,0.27,0.0,0.27,0.07,0.07,0.14,0.07,0.14
Nicolò Savona,it ITA,"DF,MF",Nott'ham Forest,22-227,4,2,251,2.8,0,0,0,0,0,0,0,0,0.0,0.0,0.0,0.0,3,9,14,0.0,0.0,0.0,0.0,0.0,0.0,0.01,0.01,0.0,0.01
Kevin Schade,de GER,FW,Brentford,23-339,9,8,740,8.2,2,1,3,2,0,1,3,0,2.8,2.0,1.1,3.1,17,6,29,0.24,0.12,0.36,0.24,0.36,0.34,0.13,0.47,0.24,0.38
Fabian Schär,ch SUI,DF,Newcastle Utd,33-316,5,4,380,4.2,0,0,0,0,0,0,0,0,0.1,0.1,0.1,0.2,3,17,1,0.0,0.0,0.0,0.0,0.0,0.02,0.03,0.05,0.02,0.05
Alex Scott,eng ENG,MF,Bournemouth,22-072,9,8,594,6.6,1,0,1,1,0,0,1,0,0.5,0.5,0.4,0.9,14,20,17,0.15,0.0,0.15,0.15,0.15,0.08,0.05,0.14,0.08,0.14
Jenson Seelt,nl NED,DF,Sunderland,22-162,2,1,134,1.5,0,0,0,0,0,0,0,0,0.0,0.0,0.0,0.0,2,14,0,0.0,0.0,0.0,0.0,0.0,0.0,0.0,0.0,0.0,0.0
Matz Sels,be BEL,GK,Nott'ham Forest,33-248,9,9,810,9.0,0,0,0,0,0,0,1,0,0.0,0.0,0.0,0.0,0,0,0,0.0,0.0,0.0,0.0,0.0,0.0,0.0,0.0,0.0,0.0
Antoine Semenyo,gh GHA,"FW,MF",Bournemouth,25-298,9,9,809,9.0,6,3,9,5,1,1,2,0,3.8,3.0,0.5,3.5,28,35,51,0.67,0.33,1.0,0.56,0.89,0.42,0.06,0.48,0.33,0.39
Marcos Senesi,ar ARG,DF,Bournemouth,28-175,9,9,797,8.9,0,2,2,0,0,0,3,0,0.2,0.2,0.3,0.5,5,48,2,0.0,0.23,0.23,0.0,0.23,0.02,0.03,0.05,0.02,0.05
Benjamin Šeško,si SVN,FW,Manchester Utd,22-154,9,5,498,5.5,2,1,3,2,0,0,1,0,1.8,1.8,0.3,2.2,3,9,20,0.36,0.18,0.54,0.36,0.54,0.33,0.06,0.39,0.33,0.39
Ryan Sessegnon,eng ENG,DF,Fulham,25-167,8,8,656,7.3,1,0,1,1,0,0,0,0,0.5,0.5,0.8,1.3,17,21,35,0.14,0.0,0.14,0.14,0.14,0.06,0.12,0.18,0.06,0.18
Luke Shaw,eng ENG,DF,Manchester Utd,30-112,9,9,753,8.4,0,1,1,0,0,0,0,0,0.1,0.1,0.1,0.2,8,34,7,0.0,0.12,0.12,0.0,0.12,0.01,0.01,0.02,0.01,0.02
Bernardo Silva,pt POR,MF,Manchester City,31-083,9,5,465,5.2,0,1,1,0,0,0,1,0,0.1,0.1,1.9,1.9,7,19,26,0.0,0.19,0.19,0.0,0.19,0.01,0.36,0.37,0.01,0.37
Xavi Simons,nl NED,"MF,FW",Tottenham,22-194,6,5,388,4.3,0,1,1,0,0,0,1,0,0.3,0.3,0.6,0.9,16,26,19,0.0,0.23,0.23,0.0,0.23,0.07,0.14,0.21,0.07,0.21
Adam Smith,eng ENG,DF,Bournemouth,34-186,3,3,204,2.3,0,0,0,0,0,0,0,0,0.0,0.0,0.3,0.3,1,6,2,0.0,0.0,0.0,0.0,0.0,0.0,0.12,0.12,0.0,0.12
Emile Smith Rowe,eng ENG,MF,Fulham,25-096,9,1,203,2.3,1,0,1,1,0,0,0,0,0.9,0.9,0.1,1.0,2,11,12,0.44,0.0,0.44,0.44,0.44,0.39,0.03,0.42,0.39,0.42
Oliver Sonne,pe PER,"DF,FW",Burnley,24-356,3,1,104,1.2,0,0,0,0,0,0,0,0,0.0,0.0,0.0,0.1,0,4,3,0.0,0.0,0.0,0.0,0.0,0.03,0.03,0.06,0.03,0.06
Tomáš Souček,cz CZE,MF,West Ham,30-247,6,5,366,4.1,0,0,0,0,0,0,0,1,0.5,0.5,0.0,0.5,1,10,7,0.0,0.0,0.0,0.0,0.0,0.12,0.01,0.13,0.12,0.13
Djed Spence,eng ENG,DF,Tottenham,25-084,8,7,578,6.4,0,0,0,0,0,0,2,0,0.2,0.2,0.1,0.2,22,30,34,0.0,0.0,0.0,0.0,0.0,0.03,0.01,0.04,0.03,0.04
Anton Stach,de GER,MF,Leeds United,26-351,8,8,678,7.5,1,1,2,1,0,0,1,0,0.8,0.8,1.0,1.8,12,40,22,0.13,0.13,0.27,0.13,0.27,0.11,0.13,0.23,0.11,0.23
John Stones,eng ENG,DF,Manchester City,31-157,5,4,325,3.6,0,0,0,0,0,0,0,0,0.0,0.0,0.1,0.1,3,15,4,0.0,0.0,0.0,0.0,0.0,0.0,0.02,0.02,0.0,0.02
Jørgen Strand Larsen,no NOR,FW,Wolves,25-268,7,6,542,6.0,1,0,1,0,1,1,0,0,1.5,0.7,0.4,1.1,2,4,20,0.17,0.0,0.17,0.0,0.0,0.25,0.06,0.31,0.12,0.18
Pascal Struijk,nl NED,DF,Leeds United,26-082,8,8,720,8.0,0,0,0,0,0,0,1,0,0.8,0.8,0.1,0.8,1,23,3,0.0,0.0,0.0,0.0,0.0,0.1,0.01,0.1,0.1,0.1
Crysencio Summerville,nl NED,"MF,FW",West Ham,24-002,7,6,480,5.3,0,1,1,0,0,0,3,0,0.6,0.6,0.2,0.8,12,16,33,0.0,0.19,0.19,0.0,0.19,0.12,0.04,0.16,0.12,0.16
Dominik Szoboszlai,hu HUN,"MF,DF",Liverpool,25-007,9,9,810,9.0,1,1,2,1,0,0,2,0,1.1,1.1,1.3,2.3,25,69,38,0.11,0.11,0.22,0.11,0.22,0.12,0.14,0.26,0.12,0.26
Chemsdine Talbi,ma MAR,"FW,MF",Sunderland,20-176,9,6,555,6.2,1,1,2,1,0,0,0,0,1.0,1.0,0.3,1.3,11,4,34,0.16,0.16,0.32,0.16,0.32,0.16,0.04,0.2,0.16,0.2
Ao Tanaka,jp JPN,MF,Leeds United,27-052,7,3,263,2.9,0,0,0,0,0,0,0,0,0.2,0.2,0.2,0.4,2,15,3,0.0,0.0,0.0,0.0,0.0,0.06,0.07,0.12,0.06,0.12
James Tarkowski,eng ENG,DF,Everton,32-347,9,9,810,9.0,0,0,0,0,0,0,1,0,0.4,0.4,0.4,0.9,5,29,3,0.0,0.0,0.0,0.0,0.0,0.05,0.05,0.09,0.05,0.09
Marcus Tavernier,eng ENG,"MF,FW",Bournemouth,26-224,9,8,676,7.5,2,1,3,2,0,0,0,0,1.0,1.0,1.4,2.4,20,31,51,0.27,0.13,0.4,0.27,0.4,0.14,0.18,0.32,0.14,0.32
Loum Tchaouna,fr FRA,MF,Burnley,22-054,8,4,345,3.8,1,0,1,1,0,0,1,0,0.3,0.3,0.1,0.5,4,7,12,0.26,0.0,0.26,0.26,0.26,0.09,0.03,0.12,0.09,0.12
Jackson Tchatchoua,cm CMR,"DF,MF",Wolves,24-048,8,3,387,4.3,0,0,0,0,0,0,0,0,0.3,0.3,0.2,0.4,10,5,32,0.0,0.0,0.0,0.0,0.0,0.06,0.04,0.1,0.06,0.1
Mathys Tel,fr FRA,FW,Tottenham,20-188,7,3,239,2.7,1,0,1,1,0,0,0,0,0.2,0.2,0.0,0.2,4,3,14,0.38,0.0,0.38,0.38,0.38,0.08,0.0,0.08,0.08,0.08
Kenny Tete,nl NED,DF,Fulham,30-023,6,6,539,6.0,0,0,0,0,0,0,1,0,0.1,0.1,0.1,0.2,7,28,6,0.0,0.0,0.0,0.0,0.0,0.01,0.02,0.04,0.01,0.04
Thiago,br BRA,FW,Brentford,24-128,9,9,742,8.2,6,0,6,4,2,2,3,0,4.4,2.9,1.1,3.9,4,7,27,0.73,0.0,0.73,0.49,0.49,0.54,0.13,0.67,0.35,0.48
Malick Thiaw,de GER,DF,Newcastle Utd,24-085,6,5,453,5.0,0,0,0,0,0,0,1,0,0.6,0.6,0.3,0.9,4,24,3,0.0,0.0,0.0,0.0,0.0,0.13,0.06,0.18,0.13,0.18
Youri Tielemans,be BEL,MF,Aston Villa,28-178,4,4,315,3.5,0,0,0,0,0,0,0,0,0.1,0.1,0.2,0.3,8,21,10,0.0,0.0,0.0,0.0,0.0,0.04,0.05,0.09,0.04,0.09
Jurriën Timber,nl NED,DF,Arsenal,24-137,9,8,702,7.8,2,1,3,2,0,0,2,0,1.8,1.8,0.6,2.4,14,50,39,0.26,0.13,0.38,0.26,0.38,0.23,0.07,0.3,0.23,0.3
Jean-Clair Todibo,fr FRA,DF,West Ham,25-306,4,4,306,3.4,0,0,0,0,0,0,1,0,0.0,0.0,0.0,0.0,4,16,1,0.0,0.0,0.0,0.0,0.0,0.0,0.0,0.0,0.0,0.0
Sandro Tonali,it ITA,MF,Newcastle Utd,25-177,9,8,704,7.8,0,1,1,0,0,0,0,0,0.4,0.4,1.6,2.1,17,58,17,0.0,0.13,0.13,0.0,0.13,0.06,0.21,0.27,0.06,0.27
Pau Torres,es ESP,DF,Aston Villa,28-289,6,4,436,4.8,0,0,0,0,0,0,0,0,0.1,0.1,0.0,0.1,7,20,2,0.0,0.0,0.0,0.0,0.0,0.02,0.0,0.02,0.02,0.02
James Trafford,eng ENG,GK,Manchester City,23-022,3,3,270,3.0,0,0,0,0,0,0,0,0,0.0,0.0,0.0,0.0,0,0,0,0.0,0.0,0.0,0.0,0.0,0.0,0.0,0.0,0.0,0.0
Adama Traoré,es ESP,FW,Fulham,29-280,7,1,232,2.6,0,0,0,0,0,0,0,0,0.1,0.1,0.5,0.6,13,3,22,0.0,0.0,0.0,0.0,0.0,0.05,0.18,0.23,0.05,0.23
Bertrand Traoré,bf BFA,"FW,MF",Sunderland,30-056,4,3,215,2.4,0,0,0,0,0,0,1,0,0.3,0.3,0.7,1.0,2,2,17,0.0,0.0,0.0,0.0,0.0,0.14,0.3,0.43,0.14,0.43
Kieran Trippier,eng ENG,DF,Newcastle Utd,35-043,8,7,609,6.8,0,0,0,0,0,0,0,0,0.0,0.0,0.8,0.8,9,64,33,0.0,0.0,0.0,0.0,0.0,0.0,0.12,0.12,0.0,0.12
Leandro Trossard,be BEL,FW,Arsenal,30-332,7,5,464,5.2,1,1,2,1,0,0,0,0,1.4,1.4,0.3,1.8,12,17,51,0.19,0.19,0.39,0.19,0.39,0.28,0.07,0.35,0.28,0.35
Adrien Truffert,fr FRA,DF,Bournemouth,23-346,9,9,810,9.0,0,1,1,0,0,0,0,0,0.1,0.1,0.6,0.7,22,43,52,0.0,0.11,0.11,0.0,0.11,0.01,0.07,0.08,0.01,0.08
Axel Tuanzebe,cd COD,DF,Burnley,27-352,3,3,270,3.0,0,0,0,0,0,0,0,0,0.0,0.0,0.0,0.0,0,3,1,0.0,0.0,0.0,0.0,0.0,0.0,0.0,0.0,0.0,0.0
Destiny Udogie,it ITA,DF,Tottenham,22-338,5,3,303,3.4,0,0,0,0,0,0,0,0,0.0,0.0,0.2,0.3,15,21,29,0.0,0.0,0.0,0.0,0.0,0.01,0.07,0.08,0.01,0.08
Manuel Ugarte,uy URU,MF,Manchester Utd,24-204,8,2,285,3.2,0,0,0,0,0,0,0,0,0.0,0.0,0.0,0.1,4,19,3,0.0,0.0,0.0,0.0,0.0,0.02,0.01,0.02,0.02,0.02
Lesley Ugochukwu,fr FRA,MF,Burnley,21-220,8,5,459,5.1,2,0,2,2,0,0,2,1,0.8,0.8,0.0,0.8,4,9,6,0.39,0.0,0.39,0.39,0.39,0.15,0.0,0.16,0.15,0.16
Virgil van Dijk,nl NED,DF,Liverpool,34-116,9,9,810,9.0,0,0,0,0,0,0,1,0,0.4,0.4,0.1,0.5,13,56,7,0.0,0.0,0.0,0.0,0.0,0.05,0.01,0.05,0.05,0.05
Joël Veltman,nl NED,DF,Brighton,33-290,4,4,324,3.6,0,0,0,0,0,0,2,0,0.0,0.0,0.0,0.0,5,14,2,0.0,0.0,0.0,0.0,0.0,0.0,0.01,0.01,0.0,0.01
Micky van de Ven,nl NED,DF,Tottenham,24-196,9,9,799,8.9,3,0,3,3,0,0,2,0,1.6,1.6,0.1,1.7,5,26,2,0.34,0.0,0.34,0.34,0.34,0.18,0.01,0.19,0.18,0.19
Bart Verbruggen,nl NED,GK,Brighton,23-075,9,9,810,9.0,0,0,0,0,0,0,0,0,0.0,0.0,0.1,0.1,0,0,0,0.0,0.0,0.0,0.0,0.0,0.0,0.02,0.02,0.0,0.02
Guglielmo Vicario,it ITA,GK,Tottenham,29-025,9,9,810,9.0,0,0,0,0,0,0,0,0,0.0,0.0,0.0,0.0,0,0,0,0.0,0.0,0.0,0.0,0.0,0.0,0.0,0.0,0.0,0.0
Kyle Walker,eng ENG,DF,Burnley,35-157,9,9,810,9.0,0,1,1,0,0,0,2,0,0.1,0.1,0.4,0.5,13,23,12,0.0,0.11,0.11,0.0,0.11,0.01,0.04,0.06,0.01,0.06
Kyle Walker-Peters,eng ENG,DF,West Ham,28-202,8,5,450,5.0,0,0,0,0,0,0,1,0,0.1,0.1,0.1,0.2,12,16,19,0.0,0.0,0.0,0.0,0.0,0.03,0.02,0.04,0.03,0.04
Aaron Wan-Bissaka,cd COD,DF,West Ham,27-340,5,4,381,4.2,0,0,0,0,0,0,0,0,0.0,0.0,0.2,0.2,8,13,23,0.0,0.0,0.0,0.0,0.0,0.0,0.05,0.05,0.0,0.05
James Ward-Prowse,eng ENG,MF,West Ham,31-000,5,5,413,4.6,0,0,0,0,0,0,0,0,0.1,0.1,0.9,1.0,1,20,8,0.0,0.0,0.0,0.0,0.0,0.03,0.2,0.23,0.03,0.23
Ollie Watkins,eng ENG,FW,Aston Villa,29-306,9,8,713,7.9,1,0,1,1,0,0,0,0,1.7,1.7,0.4,2.2,16,11,50,0.13,0.0,0.13,0.13,0.13,0.22,0.05,0.27,0.22,0.27
Danny Welbeck,eng ENG,FW,Brighton,34-340,9,6,547,6.1,5,0,5,5,0,1,2,0,3.2,2.5,0.3,2.7,4,8,20,0.82,0.0,0.82,0.82,0.82,0.53,0.04,0.57,0.4,0.44
Adam Wharton,eng ENG,MF,Crystal Palace,21-268,8,8,630,7.0,0,0,0,0,0,0,1,0,0.2,0.2,2.2,2.4,9,36,7,0.0,0.0,0.0,0.0,0.0,0.03,0.31,0.35,0.03,0.35
Mats Wieffer,nl NED,DF,Brighton,25-350,7,5,461,5.1,0,1,1,0,0,0,3,0,0.2,0.2,0.8,0.9,13,29,20,0.0,0.2,0.2,0.0,0.2,0.03,0.15,0.18,0.03,0.18
Neco Williams,wls WAL,"DF,MF",Nott'ham Forest,24-202,9,9,810,9.0,1,0,1,1,0,0,4,0,0.7,0.7,0.5,1.2,18,43,48,0.11,0.0,0.11,0.11,0.11,0.08,0.06,0.14,0.08,0.14
Estêvão Willian,br BRA,FW,Chelsea,18-191,8,4,310,3.4,1,1,2,1,0,0,2,0,1.7,1.7,1.3,3.0,12,4,32,0.29,0.29,0.58,0.29,0.58,0.51,0.37,0.87,0.51,0.87
Callum Wilson,eng ENG,FW,West Ham,33-247,6,1,239,2.7,1,0,1,1,0,0,0,0,1.2,1.2,0.0,1.2,2,1,15,0.38,0.0,0.38,0.38,0.38,0.45,0.02,0.46,0.45,0.46
Harry Wilson,wls WAL,"FW,MF",Fulham,28-224,8,6,520,5.8,1,0,1,1,0,0,1,0,0.9,0.9,0.2,1.1,6,11,38,0.17,0.0,0.17,0.17,0.17,0.16,0.04,0.2,0.16,0.2
Florian Wirtz,de GER,"MF,FW",Liverpool,22-182,9,6,593,6.6,0,0,0,0,0,0,1,0,1.2,1.2,1.1,2.3,19,44,47,0.0,0.0,0.0,0.0,0.0,0.18,0.16,0.35,0.18,0.35
Nick Woltemade,de GER,FW,Newcastle Utd,23-260,6,6,477,5.3,4,0,4,3,1,1,0,0,3.0,2.2,0.2,2.4,3,9,20,0.75,0.0,0.75,0.57,0.57,0.57,0.04,0.61,0.42,0.46
Chris Wood,nz NZL,FW,Nott'ham Forest,33-329,8,7,540,6.0,2,0,2,2,0,0,0,0,2.7,2.7,0.2,2.9,0,7,16,0.33,0.0,0.33,0.33,0.33,0.45,0.03,0.48,0.45,0.48
Granit Xhaka,ch SUI,MF,Sunderland,33-035,9,9,810,9.0,0,3,3,0,0,0,3,0,0.3,0.3,1.1,1.4,2,50,8,0.0,0.33,0.33,0.0,0.33,0.04,0.12,0.16,0.04,0.16
Yehor Yarmoliuk,ua UKR,MF,Brentford,21-245,9,9,719,8.0,0,1,1,0,0,0,1,0,0.2,0.2,0.3,0.6,10,29,7,0.0,0.13,0.13,0.0,0.13,0.03,0.04,0.07,0.03,0.07
Ryan Yates,eng ENG,MF,Nott'ham Forest,27-345,5,1,136,1.5,0,0,0,0,0,0,1,0,0.0,0.0,0.0,0.0,0,6,1,0.0,0.0,0.0,0.0,0.0,0.02,0.0,0.02,0.02,0.02
Leny Yoro,fr FRA,DF,Manchester Utd,19-353,9,6,547,6.1,0,0,0,0,0,0,0,0,0.3,0.3,0.0,0.3,5,20,3,0.0,0.0,0.0,0.0,0.0,0.05,0.0,0.05,0.05,0.05
Oleksandr Zinchenko,ua UKR,DF,Nott'ham Forest,28-321,3,3,253,2.8,0,0,0,0,0,0,0,0,0.0,0.0,0.5,0.5,6,22,7,0.0,0.0,0.0,0.0,0.0,0.02,0.16,0.18,0.02,0.18
Martín Zubimendi,es ESP,MF,Arsenal,26-272,9,8,771,8.6,2,0,2,2,0,0,1,0,0.3,0.3,0.7,0.9,9,54,8,0.23,0.0,0.23,0.23,0.23,0.03,0.08,0.11,0.03,0.11
Martin Ødegaard,no NOR,MF,Arsenal,26-319,6,4,203,2.3,0,1,1,0,0,0,0,0,0.1,0.1,0.5,0.6,10,26,5,0.0,0.44,0.44,0.0,0.44,0.06,0.2,0.27,0.06,0.27
