player_name,club,age,skill_score,potential_score,market_value
Erling Haaland,Man City,25.0,90.7,95.3,€150.4M
Florian Wirtz,Liverpool,22.0,85.7,97.2,€138.1M
Alexander Isak,Liverpool,26.0,81.3,85.8,€132.1M
Alexis Mac Allister,Liverpool,26.0,83.5,86.6,€117M
Declan Rice,Arsenal,26.0,84.7,85.6,€114.8M
Moisés Caicedo,Chelsea,24.0,80.0,87.5,€114.1M
Cole Palmer,Chelsea,23.0,78.9,88.1,€111M
Ryan Gravenberch,Liverpool,23.0,85.5,96.5,€106M
Bukayo Saka,Arsenal,24.0,86.3,93.9,€97.5M
Rodri,Man City,29.0,81.4,81.4,€90.5M
Josko Gvardiol,Man City,23.0,82.0,90.2,€82.2M
Enzo Fernández,Chelsea,24.0,75.2,80.4,€81.9M
Dominik Szoboszlai,Liverpool,25.0,85.9,92.9,€80.2M
Tijjani Reijnders,Man City,27.0,75.3,76.1,€79.3M
Hugo Ekitiké,Liverpool,23.0,78.4,86.5,€79.2M
Bruno Guimarães,Newcastle,27.0,81.3,81.6,€78.4M
William Saliba,Arsenal,24.0,90.1,95.3,€77.2M
Martin Ødegaard,Arsenal,26.0,87.8,90.6,€76.9M
Xavi Simons,Tottenham,22.0,77.6,87.2,€76.7M
Benjamin Šeško,Man Utd,22.0,75.2,83.5,€76.1M
Viktor Gyökeres,Arsenal,27.0,76.8,76.8,€75M
João Pedro,Chelsea,24.0,73.1,78.4,€74.7M
Omar Marmoush,Man City,26.0,77.2,80.5,€74M
Phil Foden,Man City,25.0,85.0,89.0,€73.8M
Nick Woltemade,Newcastle,23.0,69.2,75.6,€73.8M
Cody Gakpo,Liverpool,26.0,85.6,89.3,€73.8M
Eberechi Eze,Arsenal,27.0,75.4,76.3,€73.7M
Estêvão,Chelsea,18.0,63.9,85.4,€73.6M
Milos Kerkez,Liverpool,21.0,77.2,90.6,€68.7M
Jurriën Timber,Arsenal,24.0,77.8,84.1,€68.1M
Morgan Gibbs-White,Nottingham,25.0,73.5,78.6,€67.5M
Carlos Baleba,Brighton,21.0,76.7,87.4,€66.9M
Savinho,Man City,21.0,79.3,90.4,€66.7M
Morgan Rogers,Aston Villa,23.0,70.1,79.3,€66.2M
Jérémy Doku,Man City,23.0,81.3,89.1,€65.8M
Sandro Tonali,Newcastle,25.0,79.8,84.5,€65.6M
Leny Yoro,Man Utd,19.0,70.6,87.9,€65.5M
Murillo,Nottingham,23.0,72.5,81.9,€65.2M
Bryan Mbeumo,Man Utd,26.0,81.3,83.7,€64.9M
Ollie Watkins,Aston Villa,29.0,76.8,77.4,€64.7M
Jamie Gittens,Chelsea,21.0,78.8,90.2,€64.4M
Mohammed Kudus,Tottenham,25.0,73.6,78.1,€63.9M
Pedro Neto,Chelsea,25.0,71.7,74.2,€62.7M
Kobbie Mainoo,Man Utd,20.0,69.9,84.5,€62.7M
Lucas Paquetá,West Ham,28.0,73.2,73.9,€62.5M
Kai Havertz,Arsenal,26.0,82.3,85.5,€62.2M
Adam Wharton,C. Palace,21.0,69.8,81.3,€62.1M
Piero Hincapié,Arsenal,23.0,75.1,84.4,€61.8M
Matheus Cunha,Man Utd,26.0,79.5,81.1,€61.7M
Elliot Anderson,Nottingham,22.0,75.9,87.8,€61.7M
Micky van de Ven,Tottenham,24.0,72.1,77.7,€60.4M
Gabriel Magalhães,Arsenal,27.0,86.5,86.5,€59.3M
Jeremie Frimpong,Liverpool,24.0,76.7,82.4,€58.8M
Alejandro Garnacho,Chelsea,21.0,73.5,85.3,€58.4M
Dejan Kulusevski,Tottenham,25.0,86.0,92.1,€57.7M
Rico Lewis,Man City,20.0,76.1,88.6,€55.9M
Levi Colwill,Chelsea,22.0,78.3,90.0,€55.9M
Jorrel Hato,Chelsea,19.0,61.1,87.8,€55.6M
Tino Livramento,Newcastle,22.0,75.8,85.1,€55.5M
Rúben Dias,Man City,28.0,88.3,88.3,€55.4M
Lucas Bergvall,Tottenham,19.0,69.6,87.8,€55.2M
Yankuba Minteh,Brighton,21.0,80.4,92.8,€55M
Martín Zubimendi,Arsenal,26.0,74.8,74.8,€54.4M
Anthony Elanga,Newcastle,23.0,75.0,82.6,€53.4M
Archie Gray,Tottenham,19.0,69.0,88.0,€52.8M
Manuel Ugarte,Man Utd,24.0,71.5,77.8,€52.6M
Destiny Udogie,Tottenham,22.0,76.4,86.2,€52.4M
Mathys Tel,Tottenham,20.0,71.0,83.7,€51.4M
Cristian Romero,Tottenham,27.0,73.8,73.8,€51.3M
Pedro Porro,Tottenham,26.0,74.2,77.1,€51.3M
Gianluigi Donnarumma,Man City,26.0,73.7,83.2,€51.3M
Antoine Semenyo,B'mouth,25.0,75.0,77.5,€51.1M
Noni Madueke,Arsenal,23.0,75.9,83.4,€50.5M
Boubacar Kamara,Aston Villa,25.0,79.6,82.4,€50.3M
João Gomes,Wolves,24.0,70.8,76.8,€50.3M
Curtis Jones,Liverpool,24.0,77.5,83.5,€50.1M
Riccardo Calafiori,Arsenal,23.0,76.6,82.1,€50.1M
Brennan Johnson,Tottenham,24.0,76.7,82.7,€49.4M
Liam Delap,Chelsea,22.0,66.4,75.4,€49.4M
Amad Diallo,Man Utd,23.0,71.2,77.5,€49.3M
Rayan Aït-Nouri,Man City,24.0,70.4,77.2,€49.3M
Nico González,Man City,23.0,74.8,81.2,€48.8M
Amadou Onana,Aston Villa,24.0,69.0,75.0,€48.7M
Jörgen Strand Larsen,Wolves,25.0,71.4,75.9,€48.1M
Jarrod Bowen,West Ham,28.0,71.4,72.0,€47.7M
Bart Verbruggen,Brighton,23.0,72.3,83.3,€47.2M
Anthony Gordon,Newcastle,24.0,78.5,84.1,€47.2M
Matthijs de Ligt,Man Utd,26.0,73.8,78.7,€47.2M
Dominic Solanke,Tottenham,28.0,78.9,80.1,€46.6M
Andrey Santos,Chelsea,21.0,69.2,81.6,€46.4M
Rayan Cherki,Man City,22.0,72.8,82.8,€46.2M
Abdukodir Khusanov,Man City,21.0,69.1,78.7,€46.1M
Nikola Milenković,Nottingham,28.0,74.6,77.3,€45.9M
Jacob Ramsey,Newcastle,24.0,77.4,83.4,€45.8M
Ethan Nwaneri,Arsenal,18.0,63.6,84.7,€45.6M
James Maddison,Tottenham,28.0,81.8,81.8,€45.5M
Myles Lewis-Skelly,Arsenal,19.0,63.6,84.4,€45.5M
Marc Guéhi,C. Palace,25.0,79.7,84.5,€45.2M
Pape Matar Sarr,Tottenham,23.0,70.4,79.3,€45.2M
Roméo Lavia,Chelsea,21.0,70.1,78.8,€44.9M
Marc Cucurella,Chelsea,27.0,75.9,77.0,€44.8M
Habib Diarra,Sunderland,21.0,72.0,82.9,€44.7M
Dilane Bakwa,Nottingham,23.0,68.8,77.1,€44.3M
Bafodé Diakité,B'mouth,24.0,73.7,77.9,€44.1M
Gabriel Martinelli,Arsenal,24.0,85.8,93.5,€44.1M
Maxence Lacroix,C. Palace,25.0,76.9,80.9,€43.9M
Ben White,Arsenal,28.0,81.6,82.7,€43.9M
Justin Kluivert,B'mouth,26.0,78.4,80.6,€43.3M
Iliman Ndiaye,Everton,25.0,68.8,72.5,€43.2M
Sven Botman,Newcastle,25.0,73.0,75.2,€43.2M
Reece James,Chelsea,25.0,72.6,75.3,€42.5M
Trevoh Chalobah,Chelsea,26.0,74.9,77.7,€41.7M
Yéremy Pino,C. Palace,23.0,79.4,87.3,€41.6M
Georginio Rutter,Brighton,23.0,73.6,80.0,€41.3M
Giorgi Mamardashvili,Liverpool,25.0,72.5,78.1,€41.3M
Ibrahima Konaté,Liverpool,26.0,78.4,82.4,€41.3M
Ezri Konsa,Aston Villa,28.0,76.7,76.7,€41.1M
Youri Tielemans,Aston Villa,28.0,76.1,77.6,€40.9M
Antonee Robinson,Fulham,28.0,75.4,77.0,€40.9M
Mikel Merino,Arsenal,29.0,74.8,74.8,€40.5M
Mohamed Salah,Liverpool,33.0,83.0,84.0,€40.1M
Harvey Barnes,Newcastle,27.0,78.5,79.7,€39.8M
Joelinton,Newcastle,29.0,76.1,76.1,€39.7M
Guglielmo Vicario,Tottenham,29.0,71.4,71.4,€39.2M
Harvey Elliott,Aston Villa,22.0,76.3,85.1,€39.2M
Kevin Schade,Brentford,23.0,74.4,81.2,€39M
Brajan Gruda,Brighton,21.0,66.9,76.6,€38.7M
Oscar Bobb,Man City,22.0,58.7,67.3,€38.6M
André,Wolves,24.0,71.3,79.8,€38.5M
Ismaïla Sarr,C. Palace,27.0,71.7,72.6,€38.4M
Jan Paul van Hecke,Brighton,25.0,72.8,76.7,€38.3M
Mikkel Damsgaard,Brentford,25.0,74.6,79.3,€38.2M
Yasin Ayari,Brighton,22.0,73.5,83.6,€38.2M
Mykhaylo Mudryk,Chelsea,24.0,73.4,79.7,€37.8M
Djed Spence,Tottenham,25.0,71.9,76.1,€37.7M
Diogo Dalot,Man Utd,26.0,72.1,73.6,€37.7M
Jean-Philippe Mateta,C. Palace,28.0,75.7,75.7,€37.6M
Arnaud Kalimuendo,Nottingham,23.0,72.6,79.0,€37.6M
Lisandro Martínez,Man Utd,27.0,73.0,74.5,€37.1M
Kaoru Mitoma,Brighton,28.0,80.1,80.1,€36.9M
Evann Guessand,Aston Villa,24.0,69.0,73.4,€36.9M
Dango Ouattara,Brentford,23.0,73.1,79.9,€36.8M
Lewis Hall,Newcastle,21.0,72.7,84.5,€36.8M
Randal Kolo Muani,Tottenham,26.0,73.5,75.2,€36.4M
Djordje Petrovic,B'mouth,26.0,71.4,75.6,€36.2M
Joshua Zirkzee,Man Utd,24.0,72.3,77.8,€36.1M
Emile Smith Rowe,Fulham,25.0,74.5,79.3,€35.8M
Mason Mount,Man Utd,26.0,70.1,71.7,€35.7M
Bruno Fernandes,Man Utd,31.0,77.1,77.1,€35.7M
Tyler Dibling,Everton,19.0,54.9,80.9,€35M
Calvin Bassey,Fulham,25.0,72.0,77.0,€34.9M
Malick Thiaw,Newcastle,24.0,71.3,76.7,€34.1M
Alex Iwobi,Fulham,29.0,73.6,74.1,€34.1M
João Palhinha,Tottenham,30.0,72.5,72.5,€33.6M
Cristhian Mosquera,Arsenal,21.0,76.9,87.6,€32.6M
James Trafford,Man City,23.0,76.4,86.1,€32.5M
Nico O'Reilly,Man City,20.0,65.5,72.0,€32.1M
Malo Gusto,Chelsea,22.0,76.5,85.7,€32.1M
Callum Hudson-Odoi,Nottingham,24.0,78.0,84.0,€31.7M
Charalampos Kostoulas,Brighton,18.0,53.4,74.8,€31.6M
Patrick Dorgu,Man Utd,21.0,67.2,82.2,€31.3M
David Raya,Arsenal,30.0,88.1,88.1,€31M
Dan Ndoye,Nottingham,25.0,73.0,78.3,€31M
Nathan Collins,Brentford,24.0,74.1,80.8,€30.9M
Conor Bradley,Liverpool,22.0,66.7,76.4,€30.7M
Maxime Estève,Burnley,23.0,76.6,84.8,€30.6M
Vitaliy Mykolenko,Everton,26.0,76.2,78.8,€30.4M
Michael Kayode,Brentford,21.0,73.2,83.6,€30.4M
Sander Berge,Fulham,27.0,71.4,73.2,€30.4M
Yegor Yarmolyuk,Brentford,21.0,72.2,83.1,€30M
Sepp van den Berg,Brentford,23.0,72.3,79.6,€29.8M
Jack Grealish,Everton,30.0,81.7,81.7,€29.7M
Joachim Andersen,Fulham,29.0,73.8,74.8,€29.7M
Evanilson,B'mouth,26.0,75.3,77.6,€29.5M
Bernardo Silva,Man City,31.0,84.1,84.1,€29.4M
Keane Lewis-Potter,Brentford,24.0,73.6,79.7,€29.1M
Dário Essugo,Chelsea,20.0,67.0,82.5,€29.1M
El Hadji Malick Diouf,West Ham,20.0,64.0,75.5,€29M
Yoane Wissa,Newcastle,29.0,76.7,77.7,€28.8M
Dean Henderson,C. Palace,28.0,76.9,77.3,€28.7M
Lewis Miley,Newcastle,19.0,61.7,78.2,€28.5M
Jaydee Canvot,C. Palace,19.0,62.4,77.1,€28.4M
Daniel Muñoz,C. Palace,29.0,77.6,77.6,€28.4M
Noussair Mazraoui,Man Utd,27.0,74.8,76.3,€28.4M
Radu Drăgușin,Tottenham,23.0,69.6,78.5,€28.3M
Alex Scott,B'mouth,22.0,69.1,78.5,€28.2M
Neco Williams,Nottingham,24.0,70.1,77.7,€28.1M
Simon Adingra,Sunderland,23.0,70.7,76.9,€28.1M
Jarrad Branthwaite,Everton,23.0,78.5,86.4,€28.1M
Thierno Barry,Everton,23.0,74.8,83.2,€28M
Tyrick Mitchell,C. Palace,26.0,80.4,83.1,€28M
Stefanos Tzimas,Brighton,19.0,58.0,73.6,€28M
Wilson Odobert,Tottenham,20.0,68.1,79.5,€27.8M
Douglas Luiz,Nottingham,27.0,71.6,72.8,€27.8M
Chemsdine Talbi,Sunderland,20.0,62.7,76.2,€27.6M
Facundo Buonanotte,Chelsea,20.0,66.4,79.6,€27.5M
Ferdi Kadıoğlu,Brighton,26.0,69.8,70.6,€27.5M
Wesley Fofana,Chelsea,24.0,70.6,75.1,€27.5M
Antoni Milambo,Brentford,20.0,59.1,73.8,€27.5M
Tolu Arokodare,Wolves,24.0,58.7,63.1,€27.3M
Kiernan Dewsbury-Hall,Everton,27.0,68.2,68.4,€27.2M
Lesley Ugochukwu,Burnley,21.0,65.2,75.7,€26.5M
Wilfried Gnonto,Leeds United,22.0,68.7,78.7,€26.4M
Rodrigo Bentancur,Tottenham,28.0,72.6,73.3,€26.3M
Omari Hutchinson,Nottingham,22.0,64.8,76.8,€26.3M
Crysencio Summerville,West Ham,24.0,63.7,68.7,€26M
Matheus Nunes,Man City,27.0,74.2,74.4,€25.7M
Brian Brobbey,Sunderland,23.0,66.0,71.8,€25.6M
James McAtee,Nottingham,23.0,63.3,71.5,€25.6M
Tyler Adams,B'mouth,26.0,75.3,77.1,€25.6M
Benoît Badiashile,Chelsea,24.0,68.6,74.3,€25.6M
Igor Thiago,Brentford,24.0,66.4,69.1,€25.5M
Aaron Wan-Bissaka,West Ham,27.0,71.5,72.6,€25.5M
Pau Torres,Aston Villa,28.0,75.6,75.6,€25.3M
Amine Adli,B'mouth,25.0,73.5,77.0,€25.2M
Maxim De Cuyper,Brighton,24.0,68.1,72.8,€25M
Caoimhín Kelleher,Brentford,26.0,62.3,62.3,€24.9M
Igor Jesus,Nottingham,24.0,61.7,66.4,€24.9M
Ola Aina,Nottingham,29.0,72.5,73.6,€24.9M
Axel Disasi,Chelsea,27.0,69.0,69.8,€24.8M
Ibrahima Sangaré,Nottingham,27.0,64.7,65.7,€24.8M
Robert Sánchez,Chelsea,27.0,76.6,76.7,€24.7M
Cheick Doucouré,C. Palace,25.0,73.5,76.5,€24.7M
Ben Gannon-Doak,B'mouth,19.0,61.8,75.7,€24.6M
Maximilian Kilman,West Ham,28.0,70.1,70.5,€24.5M
Tyrique George,Chelsea,19.0,50.0,65.9,€24.4M
Noah Sadiki,Sunderland,20.0,70.8,83.4,€24.1M
Emmanuel Agbadou,Wolves,28.0,68.2,69.0,€23.8M
Ian Maatsen,Aston Villa,23.0,75.6,83.7,€23.8M
Veljko Milosavljevic,B'mouth,18.0,48.1,71.8,€23.8M
Luis Guilherme,West Ham,19.0,51.1,66.0,€23.7M
Tosin Adarabioyo,Chelsea,28.0,73.6,74.1,€23.6M
Jake O'Brien,Everton,24.0,70.1,75.1,€23.3M
Mateus Fernandes,West Ham,21.0,63.0,78.0,€23.2M
Álex Jiménez,B'mouth,20.0,62.0,78.2,€23M
Giovanni Leoni,Liverpool,19.0,63.6,79.5,€22.9M
Matty Cash,Aston Villa,28.0,75.9,75.9,€22.8M
Filip Jørgensen,Chelsea,23.0,63.8,69.7,€22.6M
Jean-Clair Todibo,West Ham,25.0,69.9,75.2,€22.6M
Kevin Danso,Tottenham,27.0,69.1,71.2,€22.2M
Rio Ngumoha,Liverpool,17.0,35.2,59.9,€21.7M
Ethan Ampadu,Leeds United,25.0,74.0,77.4,€21.7M
Mads Hermansen,West Ham,25.0,61.6,66.6,€21.6M
Eddie Nketiah,C. Palace,26.0,70.8,72.5,€21.4M
Jaka Bijol,Leeds United,26.0,70.6,73.3,€21.3M
Marcus Tavernier,B'mouth,26.0,72.9,73.7,€21.3M
Enzo Le Fée,Sunderland,25.0,65.1,66.7,€21.3M
Adrien Truffert,B'mouth,23.0,70.1,75.7,€21M
Dwight McNeil,Everton,25.0,68.4,71.4,€21M
Jean-Ricner Bellegarde,Wolves,27.0,67.1,69.3,€20.9M
Nicolás Domínguez,Nottingham,27.0,72.6,75.7,€20.9M
Jadon Sancho,Aston Villa,25.0,77.0,82.2,€20.8M
Florentino,Burnley,26.0,68.7,70.3,€20.8M
Beto,Everton,27.0,67.2,68.6,€20.7M
James Garner,Everton,24.0,77.6,82.6,€20.7M
Christantus Uche,C. Palace,22.0,66.7,78.2,€20.7M
Pascal Struijk,Leeds United,26.0,67.3,68.9,€20.7M
Gabriel Jesus,Arsenal,28.0,89.4,89.4,€20.6M
Federico Chiesa,Liverpool,28.0,66.7,66.7,€20.2M
Quilindschy Hartman,Burnley,23.0,73.3,78.6,€20.1M
Jair Cunha,Nottingham,20.0,62.3,72.8,€20M
Aaron Hickey,Brentford,23.0,68.9,74.5,€19.9M
William Osula,Newcastle,22.0,59.1,67.1,€19.8M
Soungoutou Magassa,West Ham,22.0,64.9,73.4,€19.7M
Leandro Trossard,Arsenal,30.0,77.7,77.7,€19.7M
Loum Tchaouna,Burnley,22.0,65.4,74.6,€19.7M
Eli Kroupi,B'mouth,19.0,59.2,76.5,€19.6M
Fábio Carvalho,Brentford,23.0,69.7,76.6,€19.6M
Eliezer Mayenda,Sunderland,20.0,62.4,76.4,€19.5M
Ladislav Krejci,Wolves,26.0,64.6,67.2,€19.3M
Richarlison,Tottenham,28.0,71.1,71.5,€19.3M
John McGinn,Aston Villa,31.0,74.9,74.9,€19.2M
Lucas Perri,Leeds United,27.0,64.5,65.5,€19.1M
Wilson Isidor,Sunderland,25.0,59.4,62.3,€19M
Donyell Malen,Aston Villa,26.0,78.7,80.5,€18.9M
Trai Hume,Sunderland,23.0,69.5,73.7,€18.8M
Kristoffer Ajer,Brentford,27.0,71.1,72.0,€18.8M
Fer López,Wolves,21.0,58.1,68.7,€18.8M
Vitaly Janelt,Brentford,27.0,74.8,75.5,€18.6M
Aaron Ramsdale,Newcastle,27.0,68.3,70.3,€18.6M
Nathan Aké,Man City,30.0,70.2,70.2,€18.6M
Lutsharel Geertruida,Sunderland,25.0,71.4,75.4,€18.6M
Chadi Riad,C. Palace,22.0,63.3,76.9,€18.5M
Josh Acheampong,Chelsea,19.0,56.0,67.4,€18.5M
Yves Bissouma,Tottenham,29.0,69.0,69.3,€18.5M
Joël Piroe,Leeds United,26.0,67.9,70.6,€18.5M
Jaidon Anthony,Burnley,25.0,68.8,69.7,€18.3M
Sean Longstaff,Leeds United,28.0,77.4,77.4,€18.3M
Morato,Nottingham,24.0,66.3,73.9,€18.3M
Jhon Arias,Wolves,28.0,61.7,61.8,€18.2M
Anton Stach,Leeds United,26.0,69.6,71.2,€18.2M
Marshall Munetsi,Wolves,29.0,68.1,68.3,€18.1M
Konstantinos Mavropanos,West Ham,27.0,68.3,68.6,€18.1M
Carlos Alcaraz,Everton,22.0,71.7,79.8,€18M
Jackson Tchatchoua,Wolves,24.0,66.7,72.4,€17.9M
Joe Willock,Newcastle,26.0,72.3,75.5,€17.8M
Olivier Boscagli,Brighton,27.0,66.3,71.2,€17.7M
Lewis Cook,B'mouth,28.0,71.1,72.2,€17.6M
Marcos Senesi,B'mouth,28.0,71.1,71.1,€17.6M
Dominic Calvert-Lewin,Leeds United,28.0,66.4,66.4,€17.5M
Noah Okafor,Leeds United,25.0,66.9,68.6,€17.4M
Brenden Aaronson,Leeds United,25.0,73.5,76.9,€17.4M
Igor Julio,West Ham,27.0,70.6,72.8,€17.3M
Robin Roefs,Sunderland,22.0,69.4,75.6,€17M
Granit Xhaka,Sunderland,33.0,79.2,79.2,€17M
Antonín Kinský,Tottenham,22.0,62.3,71.8,€16.9M
Nicolò Savona,Nottingham,22.0,64.4,74.3,€16.8M
Ryan Sessegnon,Fulham,25.0,67.9,71.9,€16.8M
James Justin,Leeds United,27.0,67.4,68.3,€16.8M
Armando Broja,Burnley,24.0,63.7,69.1,€16.7M
Joe Gomez,Liverpool,28.0,71.8,71.8,€16.7M
Mats Wieffer,Brighton,25.0,68.1,70.7,€16.6M
Nathan Patterson,Everton,24.0,60.3,64.4,€16.6M
Hannibal,Burnley,22.0,62.5,71.1,€16.5M
Reiss Nelson,Brentford,25.0,67.0,69.6,€16.4M
Romain Esse,C. Palace,20.0,59.4,73.3,€16.4M
Kenny Tete,Fulham,30.0,70.0,70.1,€16.4M
Alisson,Liverpool,33.0,74.0,74.6,€16.2M
Jack Harrison,Leeds United,28.0,70.9,70.9,€16.1M
Josh King,Fulham,18.0,54.8,70.3,€16.1M
Toti,Wolves,26.0,69.3,73.3,€16M
Anthony Patterson,Sunderland,25.0,67.5,72.7,€16M
Emiliano Martínez,Aston Villa,33.0,74.5,74.5,€16M
Diego Coppola,Brighton,21.0,71.0,80.7,€15.9M
Chris Richards,C. Palace,25.0,72.6,76.0,€15.8M
Gabriel Gudmundsson,Leeds United,26.0,65.4,66.7,€15.7M
Ayden Heaven,Man Utd,19.0,51.9,70.5,€15.7M
Jordan Pickford,Everton,31.0,76.4,76.4,€15.6M
Mateo Kovacic,Man City,31.0,73.9,75.1,€15.6M
Kyle Walker-Peters,West Ham,28.0,64.6,64.6,€15.3M
Emiliano Buendía,Aston Villa,28.0,66.0,66.0,€15.1M
Oleksandr Zinchenko,Nottingham,28.0,76.6,77.7,€15M
Marc Guiu,Chelsea,19.0,46.4,59.9,€14.5M
Jayden Bogle,Leeds United,25.0,69.5,73.0,€14.4M
Saša Lukić,Fulham,29.0,71.2,71.6,€14.4M
Samuel Chukwueze,Fulham,26.0,74.2,76.7,€14.4M
Ryan Yates,Nottingham,27.0,70.1,71.1,€14.4M
Rico Henry,Brentford,28.0,69.2,69.3,€14.4M
Julián Araujo,B'mouth,24.0,63.6,69.1,€14.4M
Daniel James,Leeds United,27.0,66.9,67.7,€14.4M
Bashir Humphreys,Burnley,22.0,66.2,72.1,€14.3M
Taiwo Awoniyi,Nottingham,28.0,64.0,64.0,€14.3M
David Brooks,B'mouth,28.0,67.3,67.3,€14.3M
Illan Meslier,Leeds United,25.0,71.4,77.3,€14.2M
Timothy Castagne,Fulham,29.0,73.1,73.4,€14.1M
Stefan Bajcetic,Liverpool,21.0,62.6,69.7,€14.1M
John Stones,Man City,31.0,69.2,69.2,€14M
Andrew Robertson,Liverpool,31.0,75.3,76.7,€14M
Yerson Mosquera,Wolves,24.0,65.0,69.8,€13.8M
Jacob Murphy,Newcastle,30.0,75.0,75.3,€13.7M
Bernd Leno,Fulham,33.0,70.9,71.6,€13.5M
Santiago Bueno,Wolves,26.0,68.3,69.7,€13.5M
Tomáš Souček,West Ham,30.0,71.9,72.2,€13.5M
Ao Tanaka,Leeds United,27.0,69.8,70.9,€13.4M
Daniel George Ballard,Sunderland,26.0,65.4,66.2,€13.2M
Lucas Digne,Aston Villa,32.0,70.9,70.9,€13.2M
Oliver Scarles,West Ham,19.0,61.4,74.5,€13.2M
Senne Lammens,Man Utd,23.0,59.6,64.8,€13.1M
Zeki Amdouni,Burnley,24.0,62.4,65.6,€13.1M
Omar Alderete,Sunderland,28.0,74.6,74.6,€13M
Marcus Edwards,Burnley,26.0,64.3,66.2,€12.9M
Harry Maguire,Man Utd,32.0,66.9,66.9,€12.9M
Julio Soler,B'mouth,20.0,63.0,75.3,€12.9M
Luke Shaw,Man Utd,30.0,69.7,69.7,€12.7M
Adam Aznou,Everton,19.0,51.2,75.3,€12.5M
Mathias Jensen,Brentford,29.0,72.8,72.8,€12.3M
Lamare Bogarde,Aston Villa,21.0,56.7,65.7,€12.3M
Kota Takai,Tottenham,21.0,58.5,76.5,€12.3M
Tim Iroegbunam,Everton,22.0,58.8,66.4,€12.2M
Nordi Mukiele,Sunderland,28.0,73.9,73.9,€12.1M
Enes Ünal,B'mouth,28.0,64.8,64.8,€12M
Joe Rodon,Leeds United,28.0,74.5,74.5,€11.9M
Merlin Röhl,Everton,23.0,59.7,66.9,€11.8M
Kalvin Phillips,Man City,29.0,66.3,66.6,€11.8M
Hugo Bueno,Wolves,23.0,64.3,70.2,€11.6M
Lyle Foster,Burnley,25.0,65.7,67.9,€11.3M
Daichi Kamada,C. Palace,29.0,73.0,73.0,€11.3M
Niclas Füllkrug,West Ham,32.0,66.0,66.0,€11M
Ilia Gruev,Leeds United,25.0,66.8,70.4,€10.9M
Zian Flemming,Burnley,27.0,60.9,61.5,€10.9M
Christian Nørgaard,Arsenal,31.0,69.7,71.5,€10.7M
Altay Bayındır,Man Utd,27.0,60.9,61.6,€10.7M
Virgil van Dijk,Liverpool,34.0,76.3,77.1,€10.7M
Dan Neil,Sunderland,23.0,66.8,77.1,€10.6M
Dennis Cirkin,Sunderland,23.0,63.3,71.5,€10.5M
Ryan Christie,B'mouth,30.0,71.7,72.7,€10.4M
Romaine Mundle,Sunderland,22.0,56.6,67.3,€10.2M
Max Weiß,Burnley,21.0,54.2,71.7,€10M
John Victor,Nottingham,29.0,71.2,71.2,€9.9M
Hee-chan Hwang,Wolves,29.0,67.7,67.7,€9.7M
Will Hughes,C. Palace,30.0,73.0,73.0,€9.7M
Jonah Kusi-Asare,Fulham,18.0,43.7,60.8,€9.6M
Frank Onyeka,Brentford,27.0,70.2,72.2,€9.5M
Trey Nyoni,Liverpool,18.0,49.1,71.5,€9.3M
Jack Hinshelwood,Brighton,20.0,68.5,82.7,€9.2M
Justin Devenny,C. Palace,22.0,60.4,69.0,€8.9M
Issa Diop,Fulham,28.0,67.8,67.8,€8.8M
Alphonse Areola,West Ham,32.0,65.0,65.0,€8.8M
Josh Cullen,Burnley,29.0,73.6,73.6,€8.7M
Lucas Pires,Burnley,24.0,66.0,70.1,€8M
Andrés García,Aston Villa,22.0,60.6,68.3,€7.9M
José Sá,Wolves,32.0,66.4,68.0,€7.6M
James Ward-Prowse,West Ham,31.0,65.5,65.7,€7.6M
James Hill,B'mouth,23.0,55.7,61.3,€7.6M
Matz Sels,Nottingham,33.0,69.4,70.3,€7.5M
Victor Lindelöf,Aston Villa,31.0,66.0,66.7,€7.2M
Casemiro,Man Utd,33.0,71.7,71.7,€7.2M
Sebastiaan Bornauw,Leeds United,26.0,62.5,65.3,€7.2M
Jefferson Lerma,C. Palace,31.0,69.3,69.3,€7.2M
Guido Rodríguez,West Ham,31.0,65.2,66.4,€7.2M
Wataru Endo,Liverpool,32.0,64.5,65.7,€7.1M
Raheem Sterling,Chelsea,30.0,76.5,76.7,€7M
Chris Wood,Nottingham,33.0,69.2,70.4,€6.9M
Adama Traoré,Fulham,29.0,67.2,67.8,€6.6M
Ethan Pinnock,Brentford,32.0,66.2,67.9,€6.5M
James Tarkowski,Everton,32.0,73.5,73.5,€6.5M
Stefan Ortega,Man City,32.0,62.2,62.2,€6.4M
Kepa Arrizabalaga,Arsenal,31.0,74.8,75.1,€6.4M
Adam Webster,Brighton,30.0,72.0,72.0,€6.4M
Jacob Bruun Larsen,Burnley,27.0,67.2,67.3,€6.3M
Tyrell Malacia,Man Utd,26.0,64.8,67.8,€6.3M
Jorge Cuenca,Fulham,25.0,63.5,65.8,€6.2M
Romelle Donovan,Brentford,18.0,45.8,64.5,€6.1M
Nick Pope,Newcastle,33.0,74.3,74.3,€6.1M
Gabriel Slonina,Chelsea,21.0,56.0,71.5,€6.1M
Chido Obi,Man Utd,17.0,51.5,74.1,€6M
Sam Johnstone,Wolves,32.0,58.8,58.8,€6M
Rodrigo Muniz,Fulham,24.0,66.3,71.2,€6M
Lukas Nmecha,Leeds United,26.0,58.4,59.9,€6M
Mike Tresor,Burnley,26.0,65.0,68.9,€5.8M
Walter Benítez,C. Palace,32.0,64.0,65.4,€5.8M
Ki-Jana Hoever,Wolves,23.0,65.7,73.0,€5.8M
Freddie Potts,West Ham,22.0,62.1,72.0,€5.8M
Tyler Fredricson,Man Utd,20.0,49.1,61.0,€5.6M
Bertrand Traoré,Sunderland,30.0,65.2,65.2,€5.6M
Yunus Konak,Brentford,19.0,55.9,70.5,€5.4M
Fabian Schär,Newcastle,33.0,71.5,71.5,€5.4M
Mark Travers,Everton,26.0,64.8,66.7,€5.3M
Dan Burn,Newcastle,33.0,78.3,78.3,€5.1M
Harrison Reed,Fulham,30.0,68.3,68.5,€5M
Oliver Sonne,Burnley,24.0,54.4,57.5,€4.9M
Joe Worrall,Burnley,28.0,62.9,62.9,€4.9M
Borna Sosa,C. Palace,27.0,65.3,65.3,€4.9M
Connor Roberts,Burnley,30.0,72.9,72.9,€4.8M
Dane Scarlett,Tottenham,21.0,51.8,63.9,€4.7M
Jordan Beyer,Burnley,25.0,69.3,74.0,€4.7M
Raúl Jiménez,Fulham,34.0,67.1,67.5,€4.6M
David Møller Wolfe,Wolves,23.0,66.7,75.3,€4.2M
Danny Welbeck,Brighton,34.0,73.5,73.5,€4.2M
Hjalmar Ekdal,Burnley,27.0,59.6,60.3,€4.2M
Leo Hjelde,Sunderland,22.0,58.5,67.3,€4.2M
Kyle Walker,Burnley,35.0,73.9,73.9,€4.1M
Tyrone Mings,Aston Villa,32.0,69.4,69.4,€4M
Ben Davies,Tottenham,32.0,66.0,66.0,€3.9M
Reinildo Mandava,Sunderland,31.0,66.9,66.9,€3.7M
Lewis Dunk,Brighton,33.0,67.6,67.6,€3.6M
Axel Tuanzebe,Burnley,27.0,62.8,63.4,€3.6M
Marco Bizot,Aston Villa,34.0,63.0,63.8,€3.5M
Michael Keane,Everton,32.0,58.7,58.7,€3.2M
Naouirou Ahamada,C. Palace,23.0,60.8,66.9,€2.7M
Timothée Pembélé,Sunderland,23.0,58.1,65.5,€2.5M
Freddie Woodman,Liverpool,28.0,65.3,65.3,€2.5M
Joshua Dasilva,Brentford,27.0,66.9,70.3,€2.4M
Hákon Valdimarsson,Brentford,24.0,63.0,67.8,€2.4M
Solly March,Brighton,31.0,63.1,63.1,€2.4M
Ross Barkley,Aston Villa,31.0,62.3,62.3,€2.4M
Kieran Trippier,Newcastle,35.0,70.5,70.5,€2.3M
Joël Veltman,Brighton,33.0,70.8,70.8,€2.3M
Andrew Irving,West Ham,25.0,52.1,53.8,€2.3M
Matt Doherty,Wolves,33.0,66.5,67.7,€2.3M
Abdoullah Ba,Sunderland,22.0,60.3,70.1,€2.3M
Jamaal Lascelles,Newcastle,31.0,53.9,53.9,€2M
George Earthy,West Ham,21.0,56.7,71.9,€2M
Arthur Masuaku,Sunderland,31.0,62.4,62.4,€1.9M
Callum Marshall,West Ham,20.0,54.7,66.1,€1.9M
Caleb Kporha,C. Palace,19.0,48.4,62.1,€1.8M
Hannes Delcroix,Burnley,26.0,54.8,55.7,€1.8M
Jaydon Banel,Burnley,21.0,50.2,65.9,€1.7M
Jordan Henderson,Brentford,35.0,65.0,65.0,€1.7M
Angus Gunn,Nottingham,29.0,63.3,63.3,€1.6M
Matai Akinmboni,B'mouth,19.0,45.1,67.2,€1.6M
Aji Alese,Sunderland,24.0,61.7,65.3,€1.6M
Idrissa Gueye,Everton,36.0,72.4,72.4,€1.6M
Josh Laurent,Burnley,30.0,64.5,64.5,€1.6M
Luke O'Nien,Sunderland,30.0,66.6,67.7,€1.5M
Harrison Ashby,Newcastle,23.0,58.9,64.9,€1.5M
Emil Krafth,Newcastle,31.0,59.1,59.1,€1.5M
Benjamin Lecomte,Fulham,34.0,61.7,61.7,€1.4M
Ahmed Abdullahi,Sunderland,21.0,47.0,47.0,€1.4M
Daniel Bentley,Wolves,32.0,49.3,49.7,€1.2M
Will Dennis,B'mouth,25.0,58.2,64.3,€1.2M
Ian Poveda,Sunderland,25.0,54.0,56.8,€1.2M
Harrison Jones,Sunderland,20.0,53.3,66.8,€1.1M
Matthew Cox,Brentford,22.0,49.7,60.4,€1.1M
Tom Cairney,Fulham,34.0,59.9,59.9,€1M
James Milner,Brighton,39.0,58.6,58.6,€1M
Nathaniel Clyne,C. Palace,34.0,58.8,59.3,€1M
Enock Agyei,Burnley,20.0,48.8,62.1,€1M
Rio Cardines,C. Palace,,46.4,65.9,€1M
Martin Dúbravka,Burnley,36.0,60.5,60.5,€1.0M
Willy Boly,Nottingham,34.0,54.2,54.2,€0.9M
Paris Maghoma,Brentford,24.0,52.2,56.8,€0.9M
Adam Smith,B'mouth,34.0,68.5,68.5,€0.9M
Myles Peart-Harris,Brentford,23.0,53.4,62.0,€0.9M
Łukasz Fabiański,West Ham,40.0,61.9,62.3,€0.8M
Tawanda Chirewa,Wolves,22.0,49.9,57.0,€0.8M
Brandon Austin,Tottenham,26.0,44.5,45.3,€0.7M
Sam Byram,Leeds United,32.0,55.9,57.0,€0.7M
Alex Murphy,Newcastle,21.0,49.9,61.7,€0.7M
Jason Steele,Brighton,35.0,51.5,52.1,€0.7M
John Ruddy,Newcastle,39.0,60.5,60.5,€0.7M
Ashley Barnes,Burnley,36.0,55.2,55.2,€0.7M
Tom McGill,Brighton,25.0,49.8,53.1,€0.7M
Kieran Morrison,Liverpool,,46.8,67.2,€0.7M
Ellery Balcombe,Brentford,26.0,48.7,52.1,€0.7M
Blondy Nna Noukeu,Sunderland,24.0,47.1,53.8,€0.7M
Séamus Coleman,Everton,37.0,57.2,57.2,€0.6M
Václav Hladký,Burnley,34.0,53.8,54.0,€0.6M
Joel Ward,C. Palace,36.0,57.6,57.6,€0.6M
Marcus Bettinelli,Man City,33.0,55.5,56.3,€0.6M
Harry Tyrer,Everton,23.0,53.0,62.7,€0.6M
Alex Cairns,Leeds United,32.0,46.3,46.5,€0.6M
Rhys Williams,Liverpool,24.0,51.1,54.8,€0.5M
Joe Anderson,Sunderland,24.0,50.2,52.6,€0.5M
Jay Matete,Sunderland,24.0,50.8,55.9,€0.5M
Tom King,Everton,30.0,51.1,51.1,€0.4M
Simon Moore,Sunderland,35.0,44.7,44.7,€0.4M
Mark Gillespie,Newcastle,33.0,43.7,44.8,€0.4M
Remi Matthews,C. Palace,31.0,47.7,47.8,€0.4M
Karl Darlow,Leeds United,35.0,51.0,51.0,€0.4M
Tom Heaton,Man Utd,39.0,46.8,46.8,€0.4M
Nikolaj Kirk,Brentford,27.0,36.4,42.4,€0.2M
Josuha Guilavogui,Leeds United,35.0,50.5,50.5,€0.1M
Julian Eyestone,Brentford,19.0,40.1,69.2,€0.1M
Max Dowman,Arsenal,16.0,40.8,66.2,€0.1M
