player_name,transfer_value
Joshua Acheampong,€15.2M
Tyler Adams,€25.1M
Tosin Adarabioyo,€23.5M
Simon Adingra,€35.7M
Emmanuel Agbadou,€23.9M
Ola Aina,€25.8M
Rayan Aït-Nouri,€45.5M
Kristoffer Ajer,€21.5M
Manuel Akanji,€28.6M
Nathan Aké,€18.9M
Carlos Alcaraz,€17M
Trent Alexander-Arnold,€68.5M
Alisson,€16.8M
Miguel Almirón,€22.6M
Edson Álvarez,€25M
Harry Amass,€13.1M
Joachim Andersen,€28.5M
Elliot Anderson,€51.6M
André,€38.7M
Michail Antonio,€0.6M
Antony,€41.3M
Julian Araujo,€14.4M
Cameron Archer,€15.3M
Alphonse Areola,€10M
Joe Aribo,€2.5M
Adam Armstrong,€11.7M
Kepa Arrizabalaga,€12.8M
Marco Asensio,€15.2M
Taiwo Awoniyi,€15.5M
Yasin Ayari,€24.4M
Jordan Ayew,€2.4M
Benoît Badiashile,€26.4M
Leon Bailey,€26.6M
Carlos Baleba,€56.7M
Ross Barkley,€2.6M
Harvey Barnes,€42.1M
Calvin Bassey,€24.9M
Altay Bayındır,€10.7M
Jan Bednarek,€8.3M
Armel Bella Kotchap,€11M
Jean-Ricner Bellegarde,€21.2M
Rodrigo Bentancur,€26.5M
Daniel Bentley,€1.2M
Sander Berge,€28.7M
Lucas Bergvall,€52.9M
Victor Bernth Kristiansen,€20M
Beto,€20.7M
Philip Billing,€10.2M
Yves Bissouma,€18.1M
Lamare Bogarde,€7M
Willy Boly,€1.1M
Sven Botman,€43.6M
Jarrod Bowen,€48.1M
Conor Bradley,€38.9M
Jarrad Branthwaite,€28.1M
James Bree,€1.4M
Ben Brereton,€8.8M
Nathan Broadhead,€2.6M
Armando Broja,€16.7M
David Brooks,€8M
Emi Buendía,€15.2M
Santiago Bueno,€13.5M
Facundo Buonanotte,€30M
Cameron Burgess,€1.6M
Dan Burn,€7.1M
Wes Burns,€1.3M
Moisés Caicedo,€84.4M
Tom Cairney,€1.2M
Jens Cajuste,€13.9M
Riccardo Calafiori,€50.4M
Dominic Calvert-Lewin,€17.7M
Diego Carlos,€6.7M
Fabio Carvalho,€19.6M
Casemiro,€7.7M
Matty Cash,€22.2M
Timothy Castagne,€13.5M
Trevoh Chalobah,€27.9M
Trevoh Chalobah,€27.9M
Conor Chaplin,€3.5M
Federico Chiesa,€16.3M
Ben Chilwell,€15.1M
Hamza Choudhury,€2.6M
Ryan Christie,€12.8M
Harry Clarke,€2.4M
Jack Clarke,€16.7M
Nathaniel Clyne,€1M
Conor Coady,€1.5M
Séamus Coleman,€0.6M
Nathan Collins,€31M
Toby Collyer,€5.6M
Levi Colwill,€57.8M
Lewis Cook,€18.1M
Vladimír Coufal,€2.1M
Woyo Coulibaly,€1.7M
Aaron Cresswell,€0.5M
Marc Cucurella,€47M
Jorge Cuenca,€6.5M
Matheus Cunha,€63M
Patson Daka,€6.8M
Diogo Dalot,€38.5M
Mikkel Damsgaard,€36.7M
Danilo,€32M
Kevin Danso,€22.2M
Ben Davies,€3.9M
Leif Davis,€22.9M
Craig Dawson,€0.8M
Kevin De Bruyne,€15.5M
Bobby De Cordova-Reid,€1.7M
Liam Delap,€20.5M
Sepp van den Berg,€27.7M
Justin Devenny,€10.1M
Kiernan Dewsbury-Hall,€24.5M
Amad Diallo,€53.2M
Rúben Dias,€57.5M
Luis Díaz,€54.4M
Tyler Dibling,€37.1M
Lucas Digne,€14.1M
Issa Diop,€14M
Axel Disasi,€25.2M
Axel Disasi,€25.2M
Matt Doherty,€2.3M
Jeremy Doku,€66M
Nicolás Domínguez,€21.6M
Patrick Dorgu,€32.1M
Abdoulaye Doucouré,€4.6M
Cheick Doucouré,€27.3M
Flynn Downes,€6.5M
Tommy Doyle,€9.1M
Radu Drăgușin,€28.3M
Martin Dúbravka,€1M
Lewis Dunk,€3.9M
Jáder Durán,€40.4M
Ederson,€47.4M
Odsonne Édouard,€7.8M
Anthony Elanga,€60M
Harvey Elliott,€39M
Julio Enciso,€21.4M
Julio Enciso,€21.4M
Wataru Endo,€7M
Christian Eriksen,€2.1M
Romain Esse,€18.6M
Pervis Estupiñán,€32.6M
Evanilson,€26.4M
Jonny Evans,€1.1M
Eberechi Eze,€61.7M
Łukasz Fabiański,€2.5M
Wout Faes,€14.5M
Abdul Fatawu Issahaku,€13.2M
João Félix,€15.4M
Evan Ferguson,€29.7M
Evan Ferguson,€29.7M
Bruno Fernandes,€47.3M
Mateus Fernandes,€23.1M
Enzo Fernández,€75.1M
Mark Flekken,€12M
Phil Foden,€90.8M
Wesley Fofana,€28M
Carlos Forbs,€9.7M
Fraser Forster,€0.6M
Ryan Fraser,€1.1M
Tyler Fredricson,€6.4M
Niclas Füllkrug,€11M
Cody Gakpo,€69.9M
Idrissa Gana Gueye,€18.4M
Andrés García,€10.3M
Alejandro Garnacho,€58.1M
James Garner,€20.8M
Tyrique George,€17.3M
Morgan Gibbs-White,€62.6M
Billy Gilmour,€23.8M
Ben Godfrey,€5.2M
João Gomes,€50.3M
Rodrigo Gomes,€1.8M
Toti Gomes,€16.3M
Diego Gómez,€1.1M
Joe Gomez,€19.2M
Nicolás González,€0.6M
Anthony Gordon,€47.2M
Ryan Gravenberch,€86.1M
Archie Gray,€59.6M
Jack Grealish,€32.9M
Jacob Greaves,€19.7M
Brajan Gruda,€29.4M
Albert Grønbaek,€12.2M
Gonçalo Guedes,€10.6M
Marc Guéhi,
Luis Guilherme,€23.7M
Bruno Guimarães,€79.1M
İlkay Gündoğan,€13.5M
Malo Gusto,€30.7M
Joško Gvardiol,€81.3M
Erling Haaland,€186.7M
Lewis Hall,€36.7M
Ali Al Hamadi,€2M
Jack Harrison,€16.1M
Taylor Harwood-Bellis,€24.9M
Kai Havertz,€58.6M
Ayden Heaven,€13.4M
Jan Paul van Hecke,€41.9M
Hwang Hee-chan,€17.4M
Dean Henderson,€25.9M
Rico Henry,€11.7M
Mads Hermansen,€19.1M
Son Heung-min,€19.3M
James Hill,€3.7M
Jack Hinshelwood,€9.2M
George Hirst,€3.9M
Callum Hudson-Odoi,€21.8M
Will Hughes,€10.1M
Dean Huijsen,€64.5M
Omari Hutchinson,€26.8M
Rasmus Højlund,€47.2M
Igor,€38.8M
Danny Ings,€2.1M
Tim Iroegbunam,€12.2M
Andy Irving,€18.2M
Alexander Isak,€140.1M
Alex Iwobi,€34.3M
Nicolas Jackson,€65.3M
Reece James,€36.8M
Vitaly Janelt,€18.6M
Daniel Jebbison,€5.5M
Mathias Jensen,€12.5M
Gabriel Jesus,€32.3M
Raúl Jiménez,€5.3M
João Pedro,€61.2M
Joelinton,€41.1M
Ben Johnson,€9.2M
Brennan Johnson,€55.2M
Sam Johnstone,€5.5M
Curtis Jones,€50.2M
Jorginho,€4.5M
Diogo Jota,€49.8M
James Justin,€18.6M
Filip Jørgensen,€22.6M
Ferdi Kadioglu,€27.5M
Daichi Kamada,€11.3M
Boubacar Kamara,€55.1M
Michael Kayode,€25.2M
Michael Keane,€2.2M
Caoimhín Kelleher,€25M
Lloyd Kelly,€16.8M
Milos Kerkez,€70.2M
Bilal El Khannouss,€33.9M
Abdukodir Khusanov,€45.2M
Max Kilman,€38.3M
Joshua King,€1.4M
Antonín Kinský,€20M
Jakub Kiwior,€35.4M
Justin Kluivert,€46.3M
Ibrahima Konaté,€40.5M
Ezri Konsa,€44.2M
Mateo Kovačić,€18M
Emil Krafth,€1.7M
Mohammed Kudus,€51.9M
Dejan Kulusevski,€58.9M
Maxence Lacroix,€30.3M
Adam Lallana,€0.9M
Tariq Lamptey,€11.6M
Roméo Lavia,€52.4M
Mario Lemina,€3.4M
Bernd Leno,€12.5M
Jefferson Lerma,€7.6M
Rico Lewis,€75.7M
Keane Lewis-Potter,€27.3M
Myles Lewis-Skelly,€58.8M
Matthijs de Ligt,€49.9M
Victor Lindelöf,€3.3M
Jesper Lindstrøm,€19.2M
Valentino Livramento,€55.5M
Sean Longstaff,€24.2M
Saša Lukić,€14.3M
Joe Lumley,€0.6M
Massimo Luongo,€0.7M
Ian Maatsen,€41.2M
Alexis Mac Allister,€134.6M
James Maddison,€45.3M
Noni Madueke,€51.5M
Gabriel Magalhães,€75.5M
Edmond-Paris Maghoma,€0.9M
Harry Maguire,€12.9M
Kobbie Mainoo,€60.7M
Tyrell Malacia,€6.4M
Donyell Malen,€20.1M
Orel Mangala,€19.1M
Ryan Manning,€2.1M
Solly March,€2.5M
Omar Marmoush,€74.9M
Gabriel Martinelli,€51.8M
Emiliano Martínez,€18.9M
Lisandro Martínez,€42M
Pape Matar Sarr,€43.7M
Jean-Philippe Mateta,€30.9M
Stephy Mavididi,€10.9M
Konstantinos Mavropanos,€18.1M
Noussair Mazraoui,€28.6M
Bryan Mbeumo,€65.1M
James Mcatee,€25.6M
Kasey McAteer,€1.9M
Alex McCarthy,€58.4M
John McGinn,€14.9M
Dwight McNeil,€23M
Ben Mee,€51.3M
Mikel Merino,€39.6M
Nikola Milenković,€43.8M
Lewis Miley,€28.5M
James Milner,€1.2M
Tyrone Mings,€4.1M
Yankuba Minteh,€43.2M
Tyrick Mitchell,€28.1M
Kaoru Mitoma,€42.7M
Jeremy Monga,€66M
Mikey Moore,€16.7M
Morato,€18.8M
Álex Moreno,€5.1M
Sam Morsy,€0.7M
Yerson Mosquera,€12.2M
Mason Mount,€35.7M
Mykhailo Mudryk,€37.8M
Marshall Munetsi,€18.4M
Rodrigo Muniz,€6.3M
Daniel Muñoz,€32.1M
Arijanet Muric,€5.5M
Murillo,€68.5M
Jacob Murphy,€16.1M
Vitaliy Mykolenko,€28.8M
Iliman Ndiaye,€25.7M
Wilfred Ndidi,€15.7M
Kosta Nedeljković,€13.9M
Reiss Nelson,€16.4M
Neto,€0.9M
Pedro Neto,€61.3M
Eddie Nketiah,€21.4M
Christopher Nkunku,€38.1M
Matheus Nunes,€42.4M
Darwin Núñez,€31.8M
Ethan Nwaneri,
Christian Nørgaard,€11.4M
Jake O'Brien,€22.3M
Matt O'Riley,€25M
Dara O'Shea,€16.3M
Chidozie Obi-Martin,€1.6M
Wilson Odobert,€28.4M
Chiedozie Ogbene,€5.9M
Caleb Okoli,€13M
Robin Olsen,€0.8M
Amadou Onana,€60.6M
André Onana,€27.4M
Paul Onuachu,€4.5M
Stefan Ortega,€6.5M
William Osula,€10.3M
Dango Ouattara,€38.8M
Nico O’Reilly,€26.3M
Alex Palmer,€1.2M
Cole Palmer,€115.4M
Emerson Palmieri,€10.7M
Lucas Paquetá,€62M
Thomas Partey,€13.9M
Nathan Patterson,€17.8M
Andreas Pereira,€17.9M
Ricardo Pereira,€1.9M
Kalvin Phillips,€14.2M
Jaden Philogene Bidace,€18.1M
Jaden Philogene Bidace,€18.1M
Jordan Pickford,€15.6M
Ethan Pinnock,€6.5M
Nick Pope,€9.4M
Pedro Porro,€48.3M
Jarell Quansah,€24.2M
Aaron Ramsdale,€19.5M
Jacob Ramsey,€40.8M
Marcus Rashford,€54.6M
Marcus Rashford,€54.6M
David Raya,€40.9M
Harrison Reed,€5M
Sergio Reguilón,€2.3M
Declan Rice,€114.2M
Chris Richards,€14.9M
Richarlison,€19.3M
Andrew Robertson,€15.2M
Antonee Robinson,€43.4M
Jay Robinson,€1.8M
Guido Rodríguez,€12.5M
Mads Roerslev,€6.4M
Morgan Rogers,€66.9M
Cristian Romero,€50.4M
Georginio Rutter,€40.9M
José Sá,€8.8M
Bukayo Saka,€105M
Mohamed Salah,€45.8M
William Saliba,€77.2M
Robert Sánchez,€24.9M
Jadon Sancho,€31.5M
Ibrahim Sangaré,€24.7M
Pablo Sarabia,€3.4M
Ismaila Sarr,€28.5M
Sávio,€1.2M
Oliver Scarles,€13.2M
Kevin Schade,€37.7M
Fabian Schär,€10.3M
Jeffrey Schlupp,€1.6M
Alex Scott,€26.1M
Matz Sels,€8M
Nélson Semedo,€6.3M
Antoine Semenyo,€44.8M
Marcos Senesi,€18.4M
Ryan Sessegnon,€15.7M
Luke Shaw,€12.3M
Bernardo Silva,€36.3M
Jota Silva,€18.6M
Jahmai Simpson-Pusey,€5.3M
Luis Sinisterra,€16.5M
Oliver Skipp,€11.5M
William Smallbone,
Adam Smith,€0.9M
Emile Smith Rowe,€37.3M
Dominic Solanke,€47.8M
Carlos Soler,€14.9M
Ramón Sosa,€13.5M
Tomáš Souček,€19.4M
Boubakary Soumaré,€9.6M
Djed Spence,€25.4M
Jason Steele,€0.9M
Jack Stephens,€1.2M
Raheem Sterling,€11.8M
Ross Stewart,€2M
Jakub Stolarczyk,€1.1M
John Stones,€17M
Jørgen Strand Larsen,€38.3M
Yukinari Sugawara,€11.7M
Kamaldeen Sulemana,€17.1M
Crysencio Summerville,€26M
Sammie Szmodics,€8.5M
Dominik Szoboszlai,€81.1M
James Tarkowski,€6.5M
Marcus Tavernier,€24.8M
Charlie Taylor,€1.0M
Jack Taylor,€1.7M
Mathys Tel,€50M
Kenny Tete,€16.4M
Thiago,€0.7M
Luke Thomas,€4.4M
Youri Tielemans,€39.6M
Kieran Tierney,€5.7M
Jurriën Timber,€65.5M
Jean-Clair Todibo,€22.8M
Harry Toffolo,€1.8M
Sandro Tonali,€68.2M
Pau Torres,€37.6M
Conor Townsend,€0.6M
Adama Traoré,€7.3M
Mark Travers,€5.4M
Kieran Trippier,€2.3M
Leandro Trossard,€17.7M
Kostas Tsimikas,€17.1M
Axel Tuanzebe,€4M
Destiny Udogie,€54.5M
Manuel Ugarte,€52.6M
Lesley Ugochukwu,€23M
Enes Ünal,€12M
Hákon Valdimarsson,€2.4M
Virgil van Dijk,€15.2M
Jamie Vardy,€1M
Renato Veiga,€26M
Joël Veltman,€2.7M
Micky van de Ven,€61.1M
Bart Verbruggen,€42.3M
Jannik Vestergaard,€1.6M
Guglielmo Vicario,€40.5M
Kyle Walker,
Kyle Walker-Peters,€18.8M
Christian Walton,€0.8M
Aaron Wan-Bissaka,€25M
Danny Ward,€0.8M
James Ward-Prowse,€7.7M
James Ward-Prowse,€7.7M
Ollie Watkins,€64.6M
Adam Webster,€7.7M
Danny Welbeck,€4.3M
Welington,€2M
Timo Werner,€3.5M
Adam Wharton,€55.7M
Ben White,€51.3M
Mats Wieffer,€16.6M
Neco Williams,€27.3M
Willian,€0.5M
Joe Willock,€20.8M
Callum Wilson,€5.6M
Harry Wilson,€14M
Harry Winks,€4.6M
Yoane Wissa,€25.5M
Chris Wood,€6.8M
Nathan Wood-Gordon,€1.8M
Luke Woolfenden,€1.8M
Yehor Yarmoliuk,€21.2M
Ryan Yates,€14.4M
Leny Yoro,€72.3M
Ashley Young,€1.0M
Illia Zabarnyi,€51M
Oleksandr Zinchenko,€17.1M
Joshua Zirkzee,€38M
Martin Ødegaard,€87.3M
